degreeX,degreeY,degreeZ	
16.846073444073,-3.84086776565718,-2.07657899961366	
16.846073444073,-3.84086776565718,-2.07657899961366	
16.846073444073,-3.84086776565718,-2.07657899961366	
16.846073444073,-3.84086776565718,-2.07657899961366	
16.846073444073,-3.84086776565718,-2.07657899961366	
16.846073444073,-3.84086776565718,-2.07657899961366	
16.846073444073,-3.84086776565718,-2.07657899961366	
16.846073444073,-3.84086776565718,-2.07657899961366	
16.846073444073,-3.84086776565718,-2.07657899961366	
16.5823371803368,-4.28042820521762,-2.25240317543783	
16.5823371803368,-4.28042820521762,-2.25240317543783	
16.5823371803368,-4.28042820521762,-2.25240317543783	
16.5823371803368,-4.28042820521762,-2.25240317543783	
16.5823371803368,-4.28042820521762,-2.25240317543783	
16.5823371803368,-4.28042820521762,-2.25240317543783	
16.5823371803368,-4.28042820521762,-2.25240317543783	
16.5823371803368,-4.28042820521762,-2.25240317543783	
16.5823371803368,-4.28042820521762,-2.25240317543783	
16.5823371803368,-4.28042820521762,-2.25240317543783	
16.5823371803368,-4.28042820521762,-2.25240317543783	
16.5823371803368,-4.28042820521762,-2.25240317543783	
16.5823371803368,-4.28042820521762,-2.25240317543783	
16.5823371803368,-4.28042820521762,-2.25240317543783	
16.5823371803368,-4.28042820521762,-2.25240317543783	
16.5823371803368,-4.28042820521762,-2.25240317543783	
16.5823371803368,-4.28042820521762,-2.25240317543783	
16.5823371803368,-4.28042820521762,-2.25240317543783	
16.5823371803368,-4.28042820521762,-2.25240317543783	
16.5823371803368,-4.28042820521762,-2.25240317543783	
16.5823371803368,-4.28042820521762,-2.25240317543783	
16.5823371803368,-4.28042820521762,-2.25240317543783	
16.3186009166005,-3.665043589833,-1.90075482378948	
16.3186009166005,-3.665043589833,-1.90075482378948	
16.3186009166005,-3.665043589833,-1.90075482378948	
16.3186009166005,-3.665043589833,-1.90075482378948	
16.3186009166005,-3.665043589833,-1.90075482378948	
16.3186009166005,-3.665043589833,-1.90075482378948	
16.3186009166005,-3.665043589833,-1.90075482378948	
16.3186009166005,-3.665043589833,-1.90075482378948	
16.3186009166005,-3.665043589833,-1.90075482378948	
16.3186009166005,-3.665043589833,-1.90075482378948	
16.3186009166005,-3.665043589833,-1.90075482378948	
16.3186009166005,-3.665043589833,-1.90075482378948	
16.3186009166005,-3.665043589833,-1.90075482378948	
16.3186009166005,-3.665043589833,-1.90075482378948	
16.3186009166005,-3.665043589833,-1.90075482378948	
16.3186009166005,-3.665043589833,-1.90075482378948	
16.3186009166005,-3.665043589833,-1.90075482378948	
16.3186009166005,-3.665043589833,-1.90075482378948	
16.3186009166005,-3.665043589833,-1.90075482378948	
16.3186009166005,-3.665043589833,-1.90075482378948	
16.3186009166005,-3.665043589833,-1.90075482378948	
16.3186009166005,-3.665043589833,-1.90075482378948	
16.3186009166005,-3.665043589833,-1.90075482378948	
16.3186009166005,-3.665043589833,-1.90075482378948	
16.3186009166005,-3.665043589833,-1.90075482378948	
16.3186009166005,-3.665043589833,-1.90075482378948	
16.3186009166005,-3.665043589833,-1.90075482378948	
16.3186009166005,-3.665043589833,-1.90075482378948	
16.3186009166005,-2.17053809532752,-2.77987570291036	
16.3186009166005,-2.17053809532752,-2.77987570291036	
16.3186009166005,-2.17053809532752,-2.77987570291036	
16.3186009166005,-2.17053809532752,-2.77987570291036	
16.3186009166005,-2.17053809532752,-2.77987570291036	
16.3186009166005,-2.17053809532752,-2.77987570291036	
16.3186009166005,-2.17053809532752,-2.77987570291036	
16.3186009166005,-2.17053809532752,-2.77987570291036	
16.3186009166005,-2.17053809532752,-2.77987570291036	
16.3186009166005,-2.17053809532752,-2.77987570291036	
16.3186009166005,-2.17053809532752,-2.77987570291036	
16.3186009166005,-2.17053809532752,-2.77987570291036	
16.3186009166005,-2.17053809532752,-2.77987570291036	
16.3186009166005,-2.17053809532752,-2.77987570291036	
16.3186009166005,-2.17053809532752,-2.77987570291036	
16.3186009166005,-2.17053809532752,-2.77987570291036	
16.3186009166005,-2.17053809532752,-2.77987570291036	
16.3186009166005,-2.17053809532752,-2.77987570291036	
16.3186009166005,-2.17053809532752,-2.77987570291036	
16.3186009166005,-2.17053809532752,-2.77987570291036	
16.3186009166005,-2.17053809532752,-2.77987570291036	
15.0878316858313,-3.75295567774509,-2.5161394391741	
15.0878316858313,-3.75295567774509,-2.5161394391741	
15.0878316858313,-3.75295567774509,-2.5161394391741	
15.0878316858313,-3.75295567774509,-2.5161394391741	
15.0878316858313,-3.75295567774509,-2.5161394391741	
15.0878316858313,-3.75295567774509,-2.5161394391741	
15.0878316858313,-3.75295567774509,-2.5161394391741	
15.0878316858313,-3.75295567774509,-2.5161394391741	
15.0878316858313,-3.75295567774509,-2.5161394391741	
15.0878316858313,-3.75295567774509,-2.5161394391741	
15.0878316858313,-3.75295567774509,-2.5161394391741	
15.0878316858313,-3.75295567774509,-2.5161394391741	
15.0878316858313,-3.75295567774509,-2.5161394391741	
15.0878316858313,-3.75295567774509,-2.5161394391741	
15.0878316858313,-3.75295567774509,-2.5161394391741	
15.0878316858313,-3.75295567774509,-2.5161394391741	
15.0878316858313,-3.75295567774509,-2.5161394391741	
15.0878316858313,-3.75295567774509,-2.5161394391741	
15.0878316858313,-3.75295567774509,-2.5161394391741	
15.0878316858313,-3.75295567774509,-2.5161394391741	
15.0878316858313,-3.75295567774509,-2.5161394391741	
15.0878316858313,-3.75295567774509,-2.5161394391741	
15.0878316858313,-3.75295567774509,-2.5161394391741	
15.0878316858313,-3.75295567774509,-2.5161394391741	
15.0878316858313,-3.75295567774509,-2.5161394391741	
14.2087108067104,-3.31339523818465,-2.25240317543783	
14.2087108067104,-3.31339523818465,-2.25240317543783	
14.2087108067104,-3.31339523818465,-2.25240317543783	
14.2087108067104,-3.31339523818465,-2.25240317543783	
14.2087108067104,-3.31339523818465,-2.25240317543783	
14.2087108067104,-3.31339523818465,-2.25240317543783	
14.2087108067104,-3.31339523818465,-2.25240317543783	
14.2087108067104,-3.31339523818465,-2.25240317543783	
14.2087108067104,-3.31339523818465,-2.25240317543783	
14.2087108067104,-3.31339523818465,-2.25240317543783	
14.2087108067104,-3.31339523818465,-2.25240317543783	
14.2087108067104,-3.31339523818465,-2.25240317543783	
14.2087108067104,-3.31339523818465,-2.25240317543783	
14.2087108067104,-3.31339523818465,-2.25240317543783	
14.2087108067104,-3.31339523818465,-2.25240317543783	
14.2087108067104,-3.31339523818465,-2.25240317543783	
14.2087108067104,-3.31339523818465,-2.25240317543783	
14.2087108067104,-3.31339523818465,-2.25240317543783	
14.2087108067104,-3.31339523818465,-2.25240317543783	
14.2087108067104,-3.31339523818465,-2.25240317543783	
14.2087108067104,-3.31339523818465,-2.25240317543783	
14.2087108067104,-3.31339523818465,-2.25240317543783	
14.2087108067104,-3.31339523818465,-2.25240317543783	
14.2087108067104,-3.31339523818465,-2.25240317543783	
14.2087108067104,-3.31339523818465,-2.25240317543783	
14.2087108067104,-3.31339523818465,-2.25240317543783	
14.2087108067104,-3.31339523818465,-2.25240317543783	
14.2087108067104,-3.31339523818465,-2.25240317543783	
14.2087108067104,-3.31339523818465,-2.25240317543783	
14.2087108067104,-3.31339523818465,-2.25240317543783	
14.2087108067104,-3.31339523818465,-2.25240317543783	
14.2087108067104,-3.31339523818465,-2.25240317543783	
13.9449745429741,-2.43427435906378,-1.54910647214113	
13.9449745429741,-2.43427435906378,-1.54910647214113	
13.9449745429741,-2.43427435906378,-1.54910647214113	
13.9449745429741,-2.43427435906378,-1.54910647214113	
13.9449745429741,-2.43427435906378,-1.54910647214113	
13.9449745429741,-2.43427435906378,-1.54910647214113	
13.9449745429741,-2.43427435906378,-1.54910647214113	
13.9449745429741,-2.43427435906378,-1.54910647214113	
13.9449745429741,-2.43427435906378,-1.54910647214113	
13.9449745429741,-2.43427435906378,-1.54910647214113	
13.9449745429741,-2.43427435906378,-1.54910647214113	
13.9449745429741,-2.43427435906378,-1.54910647214113	
13.9449745429741,-2.43427435906378,-1.54910647214113	
13.9449745429741,-2.43427435906378,-1.54910647214113	
13.9449745429741,-2.43427435906378,-1.54910647214113	
13.9449745429741,-2.43427435906378,-1.54910647214113	
13.9449745429741,-2.43427435906378,-1.54910647214113	
13.9449745429741,-2.43427435906378,-1.54910647214113	
13.9449745429741,-2.43427435906378,-1.54910647214113	
13.9449745429741,-2.43427435906378,-1.54910647214113	
13.9449745429741,-2.43427435906378,-1.54910647214113	
13.9449745429741,-2.43427435906378,-1.54910647214113	
13.9449745429741,-2.43427435906378,-1.54910647214113	
13.9449745429741,-2.43427435906378,-1.54910647214113	
13.9449745429741,-2.43427435906378,-1.54910647214113	
13.9449745429741,-2.43427435906378,-1.54910647214113	
13.9449745429741,-2.43427435906378,-1.54910647214113	
13.9449745429741,-2.43427435906378,-1.54910647214113	
13.9449745429741,-2.43427435906378,-1.54910647214113	
13.9449745429741,-2.43427435906378,-1.54910647214113	
13.9449745429741,-2.43427435906378,-1.54910647214113	
9.7251943231939,-3.75295567774509,-2.69196361499827	
9.7251943231939,-3.75295567774509,-2.69196361499827	
9.7251943231939,-3.75295567774509,-2.69196361499827	
9.7251943231939,-3.75295567774509,-2.69196361499827	
9.7251943231939,-3.75295567774509,-2.69196361499827	
9.7251943231939,-3.75295567774509,-2.69196361499827	
9.7251943231939,-3.75295567774509,-2.69196361499827	
9.7251943231939,-3.75295567774509,-2.69196361499827	
9.7251943231939,-3.75295567774509,-2.69196361499827	
9.7251943231939,-3.75295567774509,-2.69196361499827	
9.7251943231939,-3.75295567774509,-2.69196361499827	
9.7251943231939,-3.75295567774509,-2.69196361499827	
9.7251943231939,-3.75295567774509,-2.69196361499827	
9.7251943231939,-3.75295567774509,-2.69196361499827	
9.7251943231939,-3.75295567774509,-2.69196361499827	
9.7251943231939,-3.75295567774509,-2.69196361499827	
9.7251943231939,-3.75295567774509,-2.69196361499827	
9.7251943231939,-3.75295567774509,-2.69196361499827	
9.7251943231939,-3.75295567774509,-2.69196361499827	
9.7251943231939,-3.75295567774509,-2.69196361499827	
9.7251943231939,-3.75295567774509,-2.69196361499827	
9.7251943231939,-3.75295567774509,-2.69196361499827	
9.7251943231939,-3.75295567774509,-2.69196361499827	
9.7251943231939,-3.75295567774509,-2.69196361499827	
9.7251943231939,-3.75295567774509,-2.69196361499827	
9.7251943231939,-3.75295567774509,-2.69196361499827	
9.7251943231939,-3.75295567774509,-2.69196361499827	
9.7251943231939,-3.75295567774509,-2.69196361499827	
9.7251943231939,-3.75295567774509,-2.69196361499827	
9.7251943231939,-3.75295567774509,-2.69196361499827	
9.7251943231939,-3.75295567774509,-2.69196361499827	
9.54937014736973,-2.61009853488795,-2.77987570291036	
9.54937014736973,-2.61009853488795,-2.77987570291036	
9.54937014736973,-2.61009853488795,-2.77987570291036	
9.54937014736973,-2.61009853488795,-2.77987570291036	
9.54937014736973,-2.61009853488795,-2.77987570291036	
9.54937014736973,-2.61009853488795,-2.77987570291036	
9.54937014736973,-2.61009853488795,-2.77987570291036	
9.54937014736973,-2.61009853488795,-2.77987570291036	
9.54937014736973,-2.61009853488795,-2.77987570291036	
9.54937014736973,-2.61009853488795,-2.77987570291036	
9.54937014736973,-2.61009853488795,-2.77987570291036	
9.54937014736973,-2.61009853488795,-2.77987570291036	
9.54937014736973,-2.61009853488795,-2.77987570291036	
9.54937014736973,-2.61009853488795,-2.77987570291036	
9.54937014736973,-2.61009853488795,-2.77987570291036	
9.54937014736973,-2.61009853488795,-2.77987570291036	
9.54937014736973,-2.61009853488795,-2.77987570291036	
9.54937014736973,-2.61009853488795,-2.77987570291036	
9.54937014736973,-2.61009853488795,-2.77987570291036	
9.54937014736973,-2.61009853488795,-2.77987570291036	
9.54937014736973,-2.61009853488795,-2.77987570291036	
9.54937014736973,-2.61009853488795,-2.77987570291036	
9.54937014736973,-2.61009853488795,-2.77987570291036	
9.54937014736973,-2.61009853488795,-2.77987570291036	
9.54937014736973,-2.61009853488795,-2.77987570291036	
9.54937014736973,-2.61009853488795,-2.77987570291036	
9.54937014736973,-2.61009853488795,-2.77987570291036	
9.54937014736973,-2.61009853488795,-2.77987570291036	
9.54937014736973,-2.61009853488795,-2.77987570291036	
9.54937014736973,-2.61009853488795,-2.77987570291036	
9.54937014736973,-2.61009853488795,-2.77987570291036	
7.35156794956752,-1.81888974367916,-3.21943614247081	
7.35156794956752,-1.81888974367916,-3.21943614247081	
7.35156794956752,-1.81888974367916,-3.21943614247081	
7.35156794956752,-1.81888974367916,-3.21943614247081	
7.35156794956752,-1.81888974367916,-3.21943614247081	
7.35156794956752,-1.81888974367916,-3.21943614247081	
7.35156794956752,-1.81888974367916,-3.21943614247081	
7.35156794956752,-1.81888974367916,-3.21943614247081	
7.35156794956752,-1.81888974367916,-3.21943614247081	
7.35156794956752,-1.81888974367916,-3.21943614247081	
7.35156794956752,-1.81888974367916,-3.21943614247081	
7.35156794956752,-1.81888974367916,-3.21943614247081	
7.35156794956752,-1.81888974367916,-3.21943614247081	
7.35156794956752,-1.81888974367916,-3.21943614247081	
7.35156794956752,-1.81888974367916,-3.21943614247081	
7.35156794956752,-1.81888974367916,-3.21943614247081	
7.35156794956752,-1.81888974367916,-3.21943614247081	
7.35156794956752,-1.81888974367916,-3.21943614247081	
7.35156794956752,-1.81888974367916,-3.21943614247081	
7.35156794956752,-1.81888974367916,-3.21943614247081	
7.35156794956752,-1.81888974367916,-3.21943614247081	
7.35156794956752,-1.81888974367916,-3.21943614247081	
7.35156794956752,-1.81888974367916,-3.21943614247081	
7.35156794956752,-1.81888974367916,-3.21943614247081	
7.35156794956752,-1.81888974367916,-3.21943614247081	
7.35156794956752,-1.81888974367916,-3.21943614247081	
7.35156794956752,-1.81888974367916,-3.21943614247081	
7.35156794956752,-1.81888974367916,-3.21943614247081	
7.35156794956752,-1.81888974367916,-3.21943614247081	
7.35156794956752,-1.81888974367916,-3.21943614247081	
7.35156794956752,-1.81888974367916,-3.21943614247081	
7.35156794956752,-1.81888974367916,-3.21943614247081	
6.56035915835874,-2.08262600741543,-2.16449108752575	
6.56035915835874,-2.08262600741543,-2.16449108752575	
6.56035915835874,-2.08262600741543,-2.16449108752575	
6.56035915835874,-2.08262600741543,-2.16449108752575	
6.56035915835874,-2.08262600741543,-2.16449108752575	
6.56035915835874,-2.08262600741543,-2.16449108752575	
6.56035915835874,-2.08262600741543,-2.16449108752575	
6.56035915835874,-2.08262600741543,-2.16449108752575	
6.56035915835874,-2.08262600741543,-2.16449108752575	
6.56035915835874,-2.08262600741543,-2.16449108752575	
6.56035915835874,-2.08262600741543,-2.16449108752575	
6.56035915835874,-2.08262600741543,-2.16449108752575	
6.56035915835874,-2.08262600741543,-2.16449108752575	
6.56035915835874,-2.08262600741543,-2.16449108752575	
6.56035915835874,-2.08262600741543,-2.16449108752575	
6.56035915835874,-2.08262600741543,-2.16449108752575	
6.56035915835874,-2.08262600741543,-2.16449108752575	
6.56035915835874,-2.08262600741543,-2.16449108752575	
6.56035915835874,-2.08262600741543,-2.16449108752575	
6.56035915835874,-2.08262600741543,-2.16449108752575	
6.56035915835874,-2.08262600741543,-2.16449108752575	
6.56035915835874,-2.08262600741543,-2.16449108752575	
6.56035915835874,-2.08262600741543,-2.16449108752575	
6.56035915835874,-2.08262600741543,-2.16449108752575	
6.56035915835874,-2.08262600741543,-2.16449108752575	
6.56035915835874,-2.08262600741543,-2.16449108752575	
6.56035915835874,-2.08262600741543,-2.16449108752575	
6.56035915835874,-2.08262600741543,-2.16449108752575	
6.56035915835874,-2.08262600741543,-2.16449108752575	
6.56035915835874,-2.08262600741543,-2.16449108752575	
4.80211740011698,-1.5551534799429,-2.42822735126201	
4.80211740011698,-1.5551534799429,-2.42822735126201	
4.80211740011698,-1.5551534799429,-2.42822735126201	
4.80211740011698,-1.5551534799429,-2.42822735126201	
4.80211740011698,-1.5551534799429,-2.42822735126201	
4.80211740011698,-1.5551534799429,-2.42822735126201	
4.80211740011698,-1.5551534799429,-2.42822735126201	
4.80211740011698,-1.5551534799429,-2.42822735126201	
4.80211740011698,-1.5551534799429,-2.42822735126201	
4.80211740011698,-1.5551534799429,-2.42822735126201	
4.80211740011698,-1.5551534799429,-2.42822735126201	
4.80211740011698,-1.5551534799429,-2.42822735126201	
4.80211740011698,-1.5551534799429,-2.42822735126201	
4.80211740011698,-1.5551534799429,-2.42822735126201	
4.80211740011698,-1.5551534799429,-2.42822735126201	
4.80211740011698,-1.5551534799429,-2.42822735126201	
4.80211740011698,-1.5551534799429,-2.42822735126201	
4.80211740011698,-1.5551534799429,-2.42822735126201	
4.80211740011698,-1.5551534799429,-2.42822735126201	
4.80211740011698,-1.5551534799429,-2.42822735126201	
4.80211740011698,-1.5551534799429,-2.42822735126201	
4.80211740011698,-1.5551534799429,-2.42822735126201	
4.80211740011698,-1.5551534799429,-2.42822735126201	
4.80211740011698,-1.5551534799429,-2.42822735126201	
4.80211740011698,-1.5551534799429,-2.42822735126201	
4.80211740011698,-1.5551534799429,-2.42822735126201	
4.80211740011698,-1.5551534799429,-2.42822735126201	
4.80211740011698,-1.5551534799429,-2.42822735126201	
4.80211740011698,-1.5551534799429,-2.42822735126201	
4.80211740011698,-1.5551534799429,-2.42822735126201	
4.80211740011698,-1.5551534799429,-2.42822735126201	
4.80211740011698,-2.34636227115169,-2.25240317543783	
4.80211740011698,-2.34636227115169,-2.25240317543783	
4.80211740011698,-2.34636227115169,-2.25240317543783	
4.80211740011698,-2.34636227115169,-2.25240317543783	
4.80211740011698,-2.34636227115169,-2.25240317543783	
4.80211740011698,-2.34636227115169,-2.25240317543783	
4.80211740011698,-2.34636227115169,-2.25240317543783	
4.80211740011698,-2.34636227115169,-2.25240317543783	
4.80211740011698,-2.34636227115169,-2.25240317543783	
4.80211740011698,-2.34636227115169,-2.25240317543783	
4.80211740011698,-2.34636227115169,-2.25240317543783	
4.80211740011698,-2.34636227115169,-2.25240317543783	
4.80211740011698,-2.34636227115169,-2.25240317543783	
4.80211740011698,-2.34636227115169,-2.25240317543783	
4.80211740011698,-2.34636227115169,-2.25240317543783	
4.80211740011698,-2.34636227115169,-2.25240317543783	
4.80211740011698,-2.34636227115169,-2.25240317543783	
4.80211740011698,-2.34636227115169,-2.25240317543783	
4.80211740011698,-2.34636227115169,-2.25240317543783	
4.80211740011698,-2.34636227115169,-2.25240317543783	
4.80211740011698,-2.34636227115169,-2.25240317543783	
4.80211740011698,-2.34636227115169,-2.25240317543783	
2.16475476275434,-1.73097765576708,-1.54910647214113	
2.16475476275434,-1.73097765576708,-1.54910647214113	
2.16475476275434,-1.73097765576708,-1.54910647214113	
2.16475476275434,-1.73097765576708,-1.54910647214113	
2.16475476275434,-1.73097765576708,-1.54910647214113	
2.16475476275434,-1.73097765576708,-1.54910647214113	
2.16475476275434,-1.73097765576708,-1.54910647214113	
2.16475476275434,-1.73097765576708,-1.54910647214113	
2.16475476275434,-1.73097765576708,-1.54910647214113	
2.16475476275434,-1.73097765576708,-1.54910647214113	
2.16475476275434,-1.73097765576708,-1.54910647214113	
2.16475476275434,-1.73097765576708,-1.54910647214113	
2.16475476275434,-1.73097765576708,-1.54910647214113	
2.16475476275434,-1.73097765576708,-1.54910647214113	
2.16475476275434,-1.73097765576708,-1.54910647214113	
2.16475476275434,-1.73097765576708,-1.54910647214113	
2.16475476275434,-1.73097765576708,-1.54910647214113	
2.16475476275434,-1.73097765576708,-1.54910647214113	
2.16475476275434,-1.73097765576708,-1.54910647214113	
2.16475476275434,-1.73097765576708,-1.54910647214113	
2.16475476275434,-1.73097765576708,-1.54910647214113	
2.16475476275434,-1.73097765576708,-1.54910647214113	
2.16475476275434,-1.73097765576708,-1.54910647214113	
2.16475476275434,-1.73097765576708,-1.54910647214113	
2.16475476275434,-1.73097765576708,-1.54910647214113	
2.16475476275434,-1.73097765576708,-1.54910647214113	
2.16475476275434,-1.73097765576708,-1.54910647214113	
2.16475476275434,-1.73097765576708,-1.54910647214113	
2.16475476275434,-1.73097765576708,-1.54910647214113	
2.16475476275434,-1.73097765576708,-1.54910647214113	
2.16475476275434,-1.73097765576708,-1.54910647214113	
2.16475476275434,-1.73097765576708,-1.54910647214113	
2.86805146605104,-2.08262600741543,-1.90075482378948	
2.86805146605104,-2.08262600741543,-1.90075482378948	
2.86805146605104,-2.08262600741543,-1.90075482378948	
2.86805146605104,-2.08262600741543,-1.90075482378948	
2.86805146605104,-2.08262600741543,-1.90075482378948	
2.86805146605104,-2.08262600741543,-1.90075482378948	
2.86805146605104,-2.08262600741543,-1.90075482378948	
2.86805146605104,-2.08262600741543,-1.90075482378948	
2.86805146605104,-2.08262600741543,-1.90075482378948	
2.86805146605104,-2.08262600741543,-1.90075482378948	
2.86805146605104,-2.08262600741543,-1.90075482378948	
2.86805146605104,-2.08262600741543,-1.90075482378948	
2.86805146605104,-2.08262600741543,-1.90075482378948	
2.86805146605104,-2.08262600741543,-1.90075482378948	
2.86805146605104,-2.08262600741543,-1.90075482378948	
2.86805146605104,-2.08262600741543,-1.90075482378948	
2.86805146605104,-2.08262600741543,-1.90075482378948	
2.86805146605104,-2.08262600741543,-1.90075482378948	
2.86805146605104,-2.08262600741543,-1.90075482378948	
2.86805146605104,-2.08262600741543,-1.90075482378948	
2.86805146605104,-2.08262600741543,-1.90075482378948	
2.86805146605104,-2.08262600741543,-1.90075482378948	
2.86805146605104,-2.08262600741543,-1.90075482378948	
2.86805146605104,-2.08262600741543,-1.90075482378948	
2.86805146605104,-2.08262600741543,-1.90075482378948	
2.86805146605104,-2.08262600741543,-1.90075482378948	
2.86805146605104,-2.08262600741543,-1.90075482378948	
2.86805146605104,-2.08262600741543,-1.90075482378948	
2.86805146605104,-2.08262600741543,-1.90075482378948	
2.86805146605104,-2.08262600741543,-1.90075482378948	
0.318600916600502,-1.64306556785499,-1.02163394466861	
0.318600916600502,-1.64306556785499,-1.02163394466861	
0.318600916600502,-1.64306556785499,-1.02163394466861	
0.318600916600502,-1.64306556785499,-1.02163394466861	
0.318600916600502,-1.64306556785499,-1.02163394466861	
0.318600916600502,-1.64306556785499,-1.02163394466861	
0.318600916600502,-1.64306556785499,-1.02163394466861	
0.318600916600502,-1.64306556785499,-1.02163394466861	
0.318600916600502,-1.64306556785499,-1.02163394466861	
0.318600916600502,-1.64306556785499,-1.02163394466861	
0.318600916600502,-1.64306556785499,-1.02163394466861	
0.318600916600502,-1.64306556785499,-1.02163394466861	
0.318600916600502,-1.64306556785499,-1.02163394466861	
0.318600916600502,-1.64306556785499,-1.02163394466861	
0.318600916600502,-1.64306556785499,-1.02163394466861	
0.318600916600502,-1.64306556785499,-1.02163394466861	
0.318600916600502,-1.64306556785499,-1.02163394466861	
0.318600916600502,-1.64306556785499,-1.02163394466861	
0.318600916600502,-1.64306556785499,-1.02163394466861	
0.318600916600502,-1.64306556785499,-1.02163394466861	
0.318600916600502,-1.64306556785499,-1.02163394466861	
0.318600916600502,-1.64306556785499,-1.02163394466861	
0.318600916600502,-1.64306556785499,-1.02163394466861	
0.318600916600502,-1.64306556785499,-1.02163394466861	
0.318600916600502,-1.64306556785499,-1.02163394466861	
0.318600916600502,-1.64306556785499,-1.02163394466861	
0.318600916600502,-1.64306556785499,-1.02163394466861	
0.318600916600502,-1.64306556785499,-1.02163394466861	
0.318600916600502,-1.64306556785499,-1.02163394466861	
0.318600916600502,-1.64306556785499,-1.02163394466861	
0.0548646528642251,-0.0606479854373845,-2.34031526334992	
0.0548646528642251,-0.0606479854373845,-2.34031526334992	
0.0548646528642251,-0.0606479854373845,-2.34031526334992	
0.0548646528642251,-0.0606479854373845,-2.34031526334992	
0.0548646528642251,-0.0606479854373845,-2.34031526334992	
0.0548646528642251,-0.0606479854373845,-2.34031526334992	
0.0548646528642251,-0.0606479854373845,-2.34031526334992	
0.0548646528642251,-0.0606479854373845,-2.34031526334992	
0.0548646528642251,-0.0606479854373845,-2.34031526334992	
0.0548646528642251,-0.0606479854373845,-2.34031526334992	
0.0548646528642251,-0.0606479854373845,-2.34031526334992	
0.0548646528642251,-0.0606479854373845,-2.34031526334992	
0.0548646528642251,-0.0606479854373845,-2.34031526334992	
0.0548646528642251,-0.0606479854373845,-2.34031526334992	
0.0548646528642251,-0.0606479854373845,-2.34031526334992	
0.0548646528642251,-0.0606479854373845,-2.34031526334992	
0.0548646528642251,-0.0606479854373845,-2.34031526334992	
0.0548646528642251,-0.0606479854373845,-2.34031526334992	
0.0548646528642251,-0.0606479854373845,-2.34031526334992	
0.0548646528642251,-0.0606479854373845,-2.34031526334992	
0.0548646528642251,-0.0606479854373845,-2.34031526334992	
0.0548646528642251,-0.0606479854373845,-2.34031526334992	
0.0548646528642251,-0.0606479854373845,-2.34031526334992	
0.0548646528642251,-0.0606479854373845,-2.34031526334992	
0.0548646528642251,-0.0606479854373845,-2.34031526334992	
0.0548646528642251,-0.0606479854373845,-2.34031526334992	
0.0548646528642251,-0.0606479854373845,-2.34031526334992	
0.0548646528642251,-0.0606479854373845,-2.34031526334992	
0.0548646528642251,-0.0606479854373845,-2.34031526334992	
0.0548646528642251,-0.0606479854373845,-2.34031526334992	
0.846073444073028,-1.11559304038246,-2.16449108752575	
0.846073444073028,-1.11559304038246,-2.16449108752575	
0.846073444073028,-1.11559304038246,-2.16449108752575	
0.846073444073028,-1.11559304038246,-2.16449108752575	
0.846073444073028,-1.11559304038246,-2.16449108752575	
0.846073444073028,-1.11559304038246,-2.16449108752575	
0.846073444073028,-1.11559304038246,-2.16449108752575	
0.846073444073028,-1.11559304038246,-2.16449108752575	
0.846073444073028,-1.11559304038246,-2.16449108752575	
0.846073444073028,-1.11559304038246,-2.16449108752575	
0.846073444073028,-1.11559304038246,-2.16449108752575	
0.846073444073028,-1.11559304038246,-2.16449108752575	
0.846073444073028,-1.11559304038246,-2.16449108752575	
0.846073444073028,-1.11559304038246,-2.16449108752575	
0.846073444073028,-1.11559304038246,-2.16449108752575	
0.846073444073028,-1.11559304038246,-2.16449108752575	
0.846073444073028,-1.11559304038246,-2.16449108752575	
0.846073444073028,-1.11559304038246,-2.16449108752575	
0.846073444073028,-1.11559304038246,-2.16449108752575	
0.846073444073028,-1.11559304038246,-2.16449108752575	
0.846073444073028,-1.11559304038246,-2.16449108752575	
0.846073444073028,-1.11559304038246,-2.16449108752575	
1.10980970780929,-1.64306556785499,-1.28537020840487	
1.10980970780929,-1.64306556785499,-1.28537020840487	
1.10980970780929,-1.64306556785499,-1.28537020840487	
1.10980970780929,-1.64306556785499,-1.28537020840487	
1.10980970780929,-1.64306556785499,-1.28537020840487	
1.10980970780929,-1.64306556785499,-1.28537020840487	
1.10980970780929,-1.64306556785499,-1.28537020840487	
1.10980970780929,-1.64306556785499,-1.28537020840487	
1.10980970780929,-1.64306556785499,-1.28537020840487	
1.10980970780929,-1.64306556785499,-1.28537020840487	
1.10980970780929,-1.64306556785499,-1.28537020840487	
1.10980970780929,-1.64306556785499,-1.28537020840487	
1.10980970780929,-1.64306556785499,-1.28537020840487	
1.10980970780929,-1.64306556785499,-1.28537020840487	
1.10980970780929,-1.64306556785499,-1.28537020840487	
1.10980970780929,-1.64306556785499,-1.28537020840487	
1.10980970780929,-1.64306556785499,-1.28537020840487	
1.10980970780929,-1.64306556785499,-1.28537020840487	
1.10980970780929,-1.64306556785499,-1.28537020840487	
1.10980970780929,-1.64306556785499,-1.28537020840487	
1.10980970780929,-1.64306556785499,-1.28537020840487	
1.10980970780929,-1.64306556785499,-1.28537020840487	
1.10980970780929,-1.64306556785499,-1.28537020840487	
1.10980970780929,-1.64306556785499,-1.28537020840487	
1.10980970780929,-1.64306556785499,-1.28537020840487	
1.10980970780929,-1.64306556785499,-1.28537020840487	
1.10980970780929,-1.64306556785499,-1.28537020840487	
1.10980970780929,-1.64306556785499,-1.28537020840487	
1.10980970780929,-1.64306556785499,-1.28537020840487	
1.10980970780929,-1.64306556785499,-1.28537020840487	
1.10980970780929,-1.64306556785499,-1.28537020840487	
1.98893058693017,-2.69801062280004,-2.42822735126201	
1.98893058693017,-2.69801062280004,-2.42822735126201	
1.98893058693017,-2.69801062280004,-2.42822735126201	
1.98893058693017,-2.69801062280004,-2.42822735126201	
1.98893058693017,-2.69801062280004,-2.42822735126201	
1.98893058693017,-2.69801062280004,-2.42822735126201	
1.98893058693017,-2.69801062280004,-2.42822735126201	
1.98893058693017,-2.69801062280004,-2.42822735126201	
1.98893058693017,-2.69801062280004,-2.42822735126201	
1.98893058693017,-2.69801062280004,-2.42822735126201	
1.98893058693017,-2.69801062280004,-2.42822735126201	
1.98893058693017,-2.69801062280004,-2.42822735126201	
1.98893058693017,-2.69801062280004,-2.42822735126201	
1.98893058693017,-2.69801062280004,-2.42822735126201	
1.98893058693017,-2.69801062280004,-2.42822735126201	
1.98893058693017,-2.69801062280004,-2.42822735126201	
1.98893058693017,-2.69801062280004,-2.42822735126201	
1.98893058693017,-2.69801062280004,-2.42822735126201	
1.98893058693017,-2.69801062280004,-2.42822735126201	
1.98893058693017,-2.69801062280004,-2.42822735126201	
1.98893058693017,-2.69801062280004,-2.42822735126201	
1.98893058693017,-2.69801062280004,-2.42822735126201	
1.98893058693017,-2.69801062280004,-2.42822735126201	
1.98893058693017,-2.69801062280004,-2.42822735126201	
1.98893058693017,-2.69801062280004,-2.42822735126201	
2.16475476275434,-2.52218644697587,-0.494161417196082	
2.16475476275434,-2.52218644697587,-0.494161417196082	
2.16475476275434,-2.52218644697587,-0.494161417196082	
2.16475476275434,-2.52218644697587,-0.494161417196082	
2.16475476275434,-2.52218644697587,-0.494161417196082	
2.16475476275434,-2.52218644697587,-0.494161417196082	
2.16475476275434,-2.52218644697587,-0.494161417196082	
2.16475476275434,-2.52218644697587,-0.494161417196082	
2.16475476275434,-2.52218644697587,-0.494161417196082	
2.16475476275434,-2.52218644697587,-0.494161417196082	
2.16475476275434,-2.52218644697587,-0.494161417196082	
2.16475476275434,-2.52218644697587,-0.494161417196082	
2.16475476275434,-2.52218644697587,-0.494161417196082	
2.16475476275434,-2.52218644697587,-0.494161417196082	
2.16475476275434,-2.52218644697587,-0.494161417196082	
2.16475476275434,-2.52218644697587,-0.494161417196082	
2.16475476275434,-2.52218644697587,-0.494161417196082	
2.16475476275434,-2.52218644697587,-0.494161417196082	
2.16475476275434,-2.52218644697587,-0.494161417196082	
2.16475476275434,-2.52218644697587,-0.494161417196082	
2.16475476275434,-2.52218644697587,-0.494161417196082	
2.16475476275434,-2.52218644697587,-0.494161417196082	
2.16475476275434,-2.52218644697587,-0.494161417196082	
2.16475476275434,-2.52218644697587,-0.494161417196082	
2.16475476275434,-2.52218644697587,-0.494161417196082	
2.16475476275434,-2.52218644697587,-0.494161417196082	
2.4284910264906,-1.64306556785499,-1.8128427358774	
2.4284910264906,-1.64306556785499,-1.8128427358774	
2.4284910264906,-1.64306556785499,-1.8128427358774	
2.4284910264906,-1.64306556785499,-1.8128427358774	
2.4284910264906,-1.64306556785499,-1.8128427358774	
2.4284910264906,-1.64306556785499,-1.8128427358774	
2.4284910264906,-1.64306556785499,-1.8128427358774	
2.4284910264906,-1.64306556785499,-1.8128427358774	
2.4284910264906,-1.64306556785499,-1.8128427358774	
2.4284910264906,-1.64306556785499,-1.8128427358774	
2.4284910264906,-1.64306556785499,-1.8128427358774	
2.4284910264906,-1.64306556785499,-1.8128427358774	
2.4284910264906,-1.64306556785499,-1.8128427358774	
2.4284910264906,-1.64306556785499,-1.8128427358774	
2.4284910264906,-1.64306556785499,-1.8128427358774	
2.4284910264906,-1.64306556785499,-1.8128427358774	
2.4284910264906,-1.64306556785499,-1.8128427358774	
2.4284910264906,-1.64306556785499,-1.8128427358774	
2.4284910264906,-1.64306556785499,-1.8128427358774	
2.4284910264906,-1.64306556785499,-1.8128427358774	
2.4284910264906,-1.64306556785499,-1.8128427358774	
2.4284910264906,-1.64306556785499,-1.8128427358774	
2.4284910264906,-1.64306556785499,-1.8128427358774	
2.4284910264906,-1.64306556785499,-1.8128427358774	
2.4284910264906,-1.64306556785499,-1.8128427358774	
2.4284910264906,-1.64306556785499,-1.8128427358774	
2.4284910264906,-1.64306556785499,-1.8128427358774	
2.4284910264906,-1.64306556785499,-1.8128427358774	
2.4284910264906,-1.64306556785499,-1.8128427358774	
2.4284910264906,-1.64306556785499,-1.8128427358774	
3.83508443308401,-2.2584501832396,-3.13152405455872	
3.83508443308401,-2.2584501832396,-3.13152405455872	
3.83508443308401,-2.2584501832396,-3.13152405455872	
3.83508443308401,-2.2584501832396,-3.13152405455872	
3.83508443308401,-2.2584501832396,-3.13152405455872	
3.83508443308401,-2.2584501832396,-3.13152405455872	
3.83508443308401,-2.2584501832396,-3.13152405455872	
3.83508443308401,-2.2584501832396,-3.13152405455872	
3.83508443308401,-2.2584501832396,-3.13152405455872	
3.83508443308401,-2.2584501832396,-3.13152405455872	
3.83508443308401,-2.2584501832396,-3.13152405455872	
3.83508443308401,-2.2584501832396,-3.13152405455872	
3.83508443308401,-2.2584501832396,-3.13152405455872	
3.83508443308401,-2.2584501832396,-3.13152405455872	
3.83508443308401,-2.2584501832396,-3.13152405455872	
3.83508443308401,-2.2584501832396,-3.13152405455872	
3.83508443308401,-2.2584501832396,-3.13152405455872	
3.83508443308401,-2.2584501832396,-3.13152405455872	
3.83508443308401,-2.2584501832396,-3.13152405455872	
3.83508443308401,-2.2584501832396,-3.13152405455872	
3.83508443308401,-2.2584501832396,-3.13152405455872	
3.83508443308401,-2.2584501832396,-3.13152405455872	
3.83508443308401,-2.2584501832396,-3.13152405455872	
3.83508443308401,-2.2584501832396,-3.13152405455872	
3.83508443308401,-2.2584501832396,-3.13152405455872	
3.83508443308401,-2.2584501832396,-3.13152405455872	
3.83508443308401,-2.2584501832396,-3.13152405455872	
3.83508443308401,-2.2584501832396,-3.13152405455872	
3.83508443308401,-2.2584501832396,-3.13152405455872	
3.83508443308401,-2.2584501832396,-3.13152405455872	
3.83508443308401,-2.2584501832396,-3.13152405455872	
5.24167783967742,-4.19251611730553,-2.25240317543783	
5.24167783967742,-4.19251611730553,-2.25240317543783	
5.24167783967742,-4.19251611730553,-2.25240317543783	
5.24167783967742,-4.19251611730553,-2.25240317543783	
5.24167783967742,-4.19251611730553,-2.25240317543783	
5.24167783967742,-4.19251611730553,-2.25240317543783	
5.24167783967742,-4.19251611730553,-2.25240317543783	
5.24167783967742,-4.19251611730553,-2.25240317543783	
5.24167783967742,-4.19251611730553,-2.25240317543783	
5.24167783967742,-4.19251611730553,-2.25240317543783	
5.24167783967742,-4.19251611730553,-2.25240317543783	
5.24167783967742,-4.19251611730553,-2.25240317543783	
5.24167783967742,-4.19251611730553,-2.25240317543783	
5.24167783967742,-4.19251611730553,-2.25240317543783	
5.24167783967742,-4.19251611730553,-2.25240317543783	
5.24167783967742,-4.19251611730553,-2.25240317543783	
5.24167783967742,-4.19251611730553,-2.25240317543783	
5.24167783967742,-4.19251611730553,-2.25240317543783	
5.24167783967742,-4.19251611730553,-2.25240317543783	
5.24167783967742,-4.19251611730553,-2.25240317543783	
5.24167783967742,-4.19251611730553,-2.25240317543783	
5.24167783967742,-4.19251611730553,-2.25240317543783	
5.24167783967742,-4.19251611730553,-2.25240317543783	
5.24167783967742,-4.19251611730553,-2.25240317543783	
5.24167783967742,-4.19251611730553,-2.25240317543783	
5.24167783967742,-4.19251611730553,-2.25240317543783	
5.24167783967742,-4.19251611730553,-2.25240317543783	
5.24167783967742,-4.19251611730553,-2.25240317543783	
5.24167783967742,-4.19251611730553,-2.25240317543783	
5.24167783967742,-4.19251611730553,-2.25240317543783	
5.24167783967742,-4.19251611730553,-2.25240317543783	
5.24167783967742,-4.19251611730553,-2.25240317543783	
10.3405789385785,-1.37932930411873,-2.60405152708618	
10.3405789385785,-1.37932930411873,-2.60405152708618	
10.3405789385785,-1.37932930411873,-2.60405152708618	
10.3405789385785,-1.37932930411873,-2.60405152708618	
10.3405789385785,-1.37932930411873,-2.60405152708618	
10.3405789385785,-1.37932930411873,-2.60405152708618	
10.3405789385785,-1.37932930411873,-2.60405152708618	
10.3405789385785,-1.37932930411873,-2.60405152708618	
10.3405789385785,-1.37932930411873,-2.60405152708618	
10.3405789385785,-1.37932930411873,-2.60405152708618	
10.3405789385785,-1.37932930411873,-2.60405152708618	
10.3405789385785,-1.37932930411873,-2.60405152708618	
10.3405789385785,-1.37932930411873,-2.60405152708618	
10.3405789385785,-1.37932930411873,-2.60405152708618	
10.3405789385785,-1.37932930411873,-2.60405152708618	
10.3405789385785,-1.37932930411873,-2.60405152708618	
10.3405789385785,-1.37932930411873,-2.60405152708618	
10.3405789385785,-1.37932930411873,-2.60405152708618	
10.3405789385785,-1.37932930411873,-2.60405152708618	
10.3405789385785,-1.37932930411873,-2.60405152708618	
10.3405789385785,-1.37932930411873,-2.60405152708618	
10.3405789385785,-1.37932930411873,-2.60405152708618	
10.3405789385785,-1.37932930411873,-2.60405152708618	
10.3405789385785,-1.37932930411873,-2.60405152708618	
10.3405789385785,-1.37932930411873,-2.60405152708618	
10.3405789385785,-1.37932930411873,-2.60405152708618	
10.3405789385785,-1.37932930411873,-2.60405152708618	
10.3405789385785,-1.37932930411873,-2.60405152708618	
10.3405789385785,-1.37932930411873,-2.60405152708618	
10.3405789385785,-1.37932930411873,-2.60405152708618	
8.14277674077633,-1.90680183159125,-1.54910647214113	
8.14277674077633,-1.90680183159125,-1.54910647214113	
8.14277674077633,-1.90680183159125,-1.54910647214113	
8.14277674077633,-1.90680183159125,-1.54910647214113	
8.14277674077633,-1.90680183159125,-1.54910647214113	
8.14277674077633,-1.90680183159125,-1.54910647214113	
8.14277674077633,-1.90680183159125,-1.54910647214113	
8.14277674077633,-1.90680183159125,-1.54910647214113	
8.14277674077633,-1.90680183159125,-1.54910647214113	
8.14277674077633,-1.90680183159125,-1.54910647214113	
8.14277674077633,-1.90680183159125,-1.54910647214113	
8.14277674077633,-1.90680183159125,-1.54910647214113	
8.14277674077633,-1.90680183159125,-1.54910647214113	
8.14277674077633,-1.90680183159125,-1.54910647214113	
8.14277674077633,-1.90680183159125,-1.54910647214113	
8.14277674077633,-1.90680183159125,-1.54910647214113	
8.14277674077633,-1.90680183159125,-1.54910647214113	
8.14277674077633,-1.90680183159125,-1.54910647214113	
8.14277674077633,-1.90680183159125,-1.54910647214113	
8.14277674077633,-1.90680183159125,-1.54910647214113	
8.14277674077633,-1.90680183159125,-1.54910647214113	
8.14277674077633,-1.90680183159125,-1.54910647214113	
8.14277674077633,-1.90680183159125,-1.54910647214113	
8.14277674077633,-1.90680183159125,-1.54910647214113	
8.14277674077633,-1.90680183159125,-1.54910647214113	
8.14277674077633,-1.90680183159125,-1.54910647214113	
8.14277674077633,-1.90680183159125,-1.54910647214113	
8.14277674077633,-1.90680183159125,-1.54910647214113	
8.14277674077633,-1.90680183159125,-1.54910647214113	
8.14277674077633,-1.90680183159125,-1.54910647214113	
8.14277674077633,-1.90680183159125,-1.54910647214113	
11.1317877297873,-3.31339523818465,-2.5161394391741	
11.1317877297873,-3.31339523818465,-2.5161394391741	
11.1317877297873,-3.31339523818465,-2.5161394391741	
11.1317877297873,-3.31339523818465,-2.5161394391741	
11.1317877297873,-3.31339523818465,-2.5161394391741	
11.1317877297873,-3.31339523818465,-2.5161394391741	
11.1317877297873,-3.31339523818465,-2.5161394391741	
11.1317877297873,-3.31339523818465,-2.5161394391741	
11.1317877297873,-3.31339523818465,-2.5161394391741	
11.1317877297873,-3.31339523818465,-2.5161394391741	
11.1317877297873,-3.31339523818465,-2.5161394391741	
11.1317877297873,-3.31339523818465,-2.5161394391741	
11.1317877297873,-3.31339523818465,-2.5161394391741	
11.1317877297873,-3.31339523818465,-2.5161394391741	
11.1317877297873,-3.31339523818465,-2.5161394391741	
11.1317877297873,-3.31339523818465,-2.5161394391741	
11.1317877297873,-3.31339523818465,-2.5161394391741	
11.1317877297873,-3.31339523818465,-2.5161394391741	
11.1317877297873,-3.31339523818465,-2.5161394391741	
11.1317877297873,-3.31339523818465,-2.5161394391741	
11.1317877297873,-3.31339523818465,-2.5161394391741	
11.1317877297873,-3.31339523818465,-2.5161394391741	
11.1317877297873,-3.31339523818465,-2.5161394391741	
11.1317877297873,-3.31339523818465,-2.5161394391741	
11.1317877297873,-3.31339523818465,-2.5161394391741	
11.1317877297873,-3.31339523818465,-2.5161394391741	
11.1317877297873,-3.31339523818465,-2.5161394391741	
11.1317877297873,-3.31339523818465,-2.5161394391741	
11.1317877297873,-3.31339523818465,-2.5161394391741	
11.1317877297873,-3.31339523818465,-2.5161394391741	
11.1317877297873,-3.31339523818465,-2.5161394391741	
11.2196998176994,-5.59910952389893,-1.1095460325807	
11.2196998176994,-5.59910952389893,-1.1095460325807	
11.2196998176994,-5.59910952389893,-1.1095460325807	
11.2196998176994,-5.59910952389893,-1.1095460325807	
11.2196998176994,-5.59910952389893,-1.1095460325807	
11.2196998176994,-5.59910952389893,-1.1095460325807	
11.2196998176994,-5.59910952389893,-1.1095460325807	
11.2196998176994,-5.59910952389893,-1.1095460325807	
11.2196998176994,-5.59910952389893,-1.1095460325807	
11.2196998176994,-5.59910952389893,-1.1095460325807	
11.2196998176994,-5.59910952389893,-1.1095460325807	
11.2196998176994,-5.59910952389893,-1.1095460325807	
11.2196998176994,-5.59910952389893,-1.1095460325807	
11.2196998176994,-5.59910952389893,-1.1095460325807	
11.2196998176994,-5.59910952389893,-1.1095460325807	
11.2196998176994,-5.59910952389893,-1.1095460325807	
11.2196998176994,-5.59910952389893,-1.1095460325807	
11.2196998176994,-5.59910952389893,-1.1095460325807	
11.2196998176994,-5.59910952389893,-1.1095460325807	
11.2196998176994,-5.59910952389893,-1.1095460325807	
11.2196998176994,-5.59910952389893,-1.1095460325807	
11.2196998176994,-5.59910952389893,-1.1095460325807	
11.2196998176994,-5.59910952389893,-1.1095460325807	
11.2196998176994,-5.59910952389893,-1.1095460325807	
11.2196998176994,-5.59910952389893,-1.1095460325807	
11.2196998176994,-5.59910952389893,-1.1095460325807	
11.2196998176994,-5.59910952389893,-1.1095460325807	
11.2196998176994,-5.59910952389893,-1.1095460325807	
11.2196998176994,-5.59910952389893,-1.1095460325807	
11.2196998176994,-5.59910952389893,-1.1095460325807	
11.2196998176994,-5.59910952389893,-1.1095460325807	
12.0988206968203,-3.57713150192092,-2.34031526334992	
12.0988206968203,-3.57713150192092,-2.34031526334992	
12.0988206968203,-3.57713150192092,-2.34031526334992	
12.0988206968203,-3.57713150192092,-2.34031526334992	
12.0988206968203,-3.57713150192092,-2.34031526334992	
12.0988206968203,-3.57713150192092,-2.34031526334992	
12.0988206968203,-3.57713150192092,-2.34031526334992	
12.0988206968203,-3.57713150192092,-2.34031526334992	
12.0988206968203,-3.57713150192092,-2.34031526334992	
12.0988206968203,-3.57713150192092,-2.34031526334992	
12.0988206968203,-3.57713150192092,-2.34031526334992	
12.0988206968203,-3.57713150192092,-2.34031526334992	
12.0988206968203,-3.57713150192092,-2.34031526334992	
12.0988206968203,-3.57713150192092,-2.34031526334992	
12.0988206968203,-3.57713150192092,-2.34031526334992	
12.0988206968203,-3.57713150192092,-2.34031526334992	
12.0988206968203,-3.57713150192092,-2.34031526334992	
12.0988206968203,-3.57713150192092,-2.34031526334992	
12.0988206968203,-3.57713150192092,-2.34031526334992	
12.0988206968203,-3.57713150192092,-2.34031526334992	
12.0988206968203,-3.57713150192092,-2.34031526334992	
12.0988206968203,-3.57713150192092,-2.34031526334992	
12.0988206968203,-3.57713150192092,-2.34031526334992	
12.0988206968203,-3.57713150192092,-2.34031526334992	
12.0988206968203,-3.57713150192092,-2.34031526334992	
12.0988206968203,-3.57713150192092,-2.34031526334992	
12.0988206968203,-3.57713150192092,-2.34031526334992	
12.0988206968203,-3.57713150192092,-2.34031526334992	
12.0988206968203,-3.57713150192092,-2.34031526334992	
12.0988206968203,-3.57713150192092,-2.34031526334992	
15.3515679495675,-2.08262600741543,-1.8128427358774	
15.3515679495675,-2.08262600741543,-1.8128427358774	
15.3515679495675,-2.08262600741543,-1.8128427358774	
15.3515679495675,-2.08262600741543,-1.8128427358774	
15.3515679495675,-2.08262600741543,-1.8128427358774	
15.3515679495675,-2.08262600741543,-1.8128427358774	
15.3515679495675,-2.08262600741543,-1.8128427358774	
15.3515679495675,-2.08262600741543,-1.8128427358774	
15.3515679495675,-2.08262600741543,-1.8128427358774	
15.3515679495675,-2.08262600741543,-1.8128427358774	
15.3515679495675,-2.08262600741543,-1.8128427358774	
15.3515679495675,-2.08262600741543,-1.8128427358774	
15.3515679495675,-2.08262600741543,-1.8128427358774	
15.3515679495675,-2.08262600741543,-1.8128427358774	
15.3515679495675,-2.08262600741543,-1.8128427358774	
15.3515679495675,-2.08262600741543,-1.8128427358774	
15.3515679495675,-2.08262600741543,-1.8128427358774	
15.3515679495675,-2.08262600741543,-1.8128427358774	
15.3515679495675,-2.08262600741543,-1.8128427358774	
15.3515679495675,-2.08262600741543,-1.8128427358774	
15.3515679495675,-2.08262600741543,-1.8128427358774	
15.3515679495675,-2.08262600741543,-1.8128427358774	
15.3515679495675,-2.08262600741543,-1.8128427358774	
15.3515679495675,-2.08262600741543,-1.8128427358774	
15.3515679495675,-2.08262600741543,-1.8128427358774	
15.3515679495675,-2.08262600741543,-1.8128427358774	
15.3515679495675,-2.08262600741543,-1.8128427358774	
15.3515679495675,-2.08262600741543,-1.8128427358774	
15.3515679495675,-2.08262600741543,-1.8128427358774	
15.3515679495675,-2.08262600741543,-1.8128427358774	
15.3515679495675,-2.08262600741543,-1.8128427358774	
15.3515679495675,-2.08262600741543,-1.8128427358774	
16.3186009166005,-3.04965897444839,-2.34031526334992	
16.3186009166005,-3.04965897444839,-2.34031526334992	
16.3186009166005,-3.04965897444839,-2.34031526334992	
16.3186009166005,-3.04965897444839,-2.34031526334992	
16.3186009166005,-3.04965897444839,-2.34031526334992	
16.3186009166005,-3.04965897444839,-2.34031526334992	
16.3186009166005,-3.04965897444839,-2.34031526334992	
16.3186009166005,-3.04965897444839,-2.34031526334992	
16.3186009166005,-3.04965897444839,-2.34031526334992	
16.3186009166005,-3.04965897444839,-2.34031526334992	
16.3186009166005,-3.04965897444839,-2.34031526334992	
16.3186009166005,-3.04965897444839,-2.34031526334992	
16.3186009166005,-3.04965897444839,-2.34031526334992	
16.3186009166005,-3.04965897444839,-2.34031526334992	
16.3186009166005,-3.04965897444839,-2.34031526334992	
16.3186009166005,-3.04965897444839,-2.34031526334992	
16.3186009166005,-3.04965897444839,-2.34031526334992	
16.3186009166005,-3.04965897444839,-2.34031526334992	
16.3186009166005,-3.04965897444839,-2.34031526334992	
16.3186009166005,-3.04965897444839,-2.34031526334992	
16.3186009166005,-3.04965897444839,-2.34031526334992	
16.3186009166005,-3.04965897444839,-2.34031526334992	
16.3186009166005,-3.04965897444839,-2.34031526334992	
16.3186009166005,-3.04965897444839,-2.34031526334992	
16.3186009166005,-3.04965897444839,-2.34031526334992	
16.3186009166005,-3.04965897444839,-2.34031526334992	
16.3186009166005,-3.04965897444839,-2.34031526334992	
16.3186009166005,-3.04965897444839,-2.34031526334992	
16.3186009166005,-3.04965897444839,-2.34031526334992	
16.3186009166005,-3.04965897444839,-2.34031526334992	
16.3186009166005,-3.04965897444839,-2.34031526334992	
16.3186009166005,-3.04965897444839,-2.34031526334992	
18.2526668506664,-2.08262600741543,-1.98866691170157	
18.2526668506664,-2.08262600741543,-1.98866691170157	
18.2526668506664,-2.08262600741543,-1.98866691170157	
18.2526668506664,-2.08262600741543,-1.98866691170157	
18.2526668506664,-2.08262600741543,-1.98866691170157	
18.2526668506664,-2.08262600741543,-1.98866691170157	
18.2526668506664,-2.08262600741543,-1.98866691170157	
18.2526668506664,-2.08262600741543,-1.98866691170157	
18.2526668506664,-2.08262600741543,-1.98866691170157	
18.2526668506664,-2.08262600741543,-1.98866691170157	
18.2526668506664,-2.08262600741543,-1.98866691170157	
18.2526668506664,-2.08262600741543,-1.98866691170157	
18.2526668506664,-2.08262600741543,-1.98866691170157	
18.2526668506664,-2.08262600741543,-1.98866691170157	
18.2526668506664,-2.08262600741543,-1.98866691170157	
18.2526668506664,-2.08262600741543,-1.98866691170157	
18.2526668506664,-2.08262600741543,-1.98866691170157	
18.2526668506664,-2.08262600741543,-1.98866691170157	
18.2526668506664,-2.08262600741543,-1.98866691170157	
18.2526668506664,-2.08262600741543,-1.98866691170157	
18.2526668506664,-2.08262600741543,-1.98866691170157	
18.2526668506664,-2.08262600741543,-1.98866691170157	
18.2526668506664,-2.08262600741543,-1.98866691170157	
18.2526668506664,-2.08262600741543,-1.98866691170157	
18.2526668506664,-2.08262600741543,-1.98866691170157	
18.2526668506664,-2.08262600741543,-1.98866691170157	
18.2526668506664,-2.08262600741543,-1.98866691170157	
18.2526668506664,-2.08262600741543,-1.98866691170157	
18.2526668506664,-2.08262600741543,-1.98866691170157	
18.2526668506664,-2.08262600741543,-1.98866691170157	
18.2526668506664,-2.08262600741543,-1.98866691170157	
18.780139378139,-3.665043589833,-1.19745812049278	
18.780139378139,-3.665043589833,-1.19745812049278	
18.780139378139,-3.665043589833,-1.19745812049278	
18.780139378139,-3.665043589833,-1.19745812049278	
18.780139378139,-3.665043589833,-1.19745812049278	
18.780139378139,-3.665043589833,-1.19745812049278	
18.780139378139,-3.665043589833,-1.19745812049278	
18.780139378139,-3.665043589833,-1.19745812049278	
18.780139378139,-3.665043589833,-1.19745812049278	
18.780139378139,-3.665043589833,-1.19745812049278	
18.780139378139,-3.665043589833,-1.19745812049278	
18.780139378139,-3.665043589833,-1.19745812049278	
18.780139378139,-3.665043589833,-1.19745812049278	
18.780139378139,-3.665043589833,-1.19745812049278	
18.780139378139,-3.665043589833,-1.19745812049278	
18.780139378139,-3.665043589833,-1.19745812049278	
18.780139378139,-3.665043589833,-1.19745812049278	
18.780139378139,-3.665043589833,-1.19745812049278	
18.780139378139,-3.665043589833,-1.19745812049278	
18.780139378139,-3.665043589833,-1.19745812049278	
18.780139378139,-3.665043589833,-1.19745812049278	
18.780139378139,-3.665043589833,-1.19745812049278	
18.780139378139,-3.665043589833,-1.19745812049278	
18.780139378139,-3.665043589833,-1.19745812049278	
18.780139378139,-3.665043589833,-1.19745812049278	
18.780139378139,-3.665043589833,-1.19745812049278	
18.780139378139,-3.665043589833,-1.19745812049278	
18.780139378139,-3.665043589833,-1.19745812049278	
18.780139378139,-3.665043589833,-1.19745812049278	
18.780139378139,-3.665043589833,-1.19745812049278	
18.780139378139,-3.665043589833,-1.19745812049278	
20.4504690484686,-3.04965897444839,-2.5161394391741	
20.4504690484686,-3.04965897444839,-2.5161394391741	
20.4504690484686,-3.04965897444839,-2.5161394391741	
20.4504690484686,-3.04965897444839,-2.5161394391741	
20.4504690484686,-3.04965897444839,-2.5161394391741	
20.4504690484686,-3.04965897444839,-2.5161394391741	
20.4504690484686,-3.04965897444839,-2.5161394391741	
20.4504690484686,-3.04965897444839,-2.5161394391741	
20.4504690484686,-3.04965897444839,-2.5161394391741	
20.4504690484686,-3.04965897444839,-2.5161394391741	
20.4504690484686,-3.04965897444839,-2.5161394391741	
20.4504690484686,-3.04965897444839,-2.5161394391741	
20.4504690484686,-3.04965897444839,-2.5161394391741	
20.4504690484686,-3.04965897444839,-2.5161394391741	
20.4504690484686,-3.04965897444839,-2.5161394391741	
20.4504690484686,-3.04965897444839,-2.5161394391741	
20.4504690484686,-3.04965897444839,-2.5161394391741	
20.4504690484686,-3.04965897444839,-2.5161394391741	
20.4504690484686,-3.04965897444839,-2.5161394391741	
20.4504690484686,-3.04965897444839,-2.5161394391741	
20.4504690484686,-3.04965897444839,-2.5161394391741	
20.4504690484686,-3.04965897444839,-2.5161394391741	
20.4504690484686,-3.04965897444839,-2.5161394391741	
20.4504690484686,-3.04965897444839,-2.5161394391741	
20.4504690484686,-3.04965897444839,-2.5161394391741	
20.4504690484686,-3.04965897444839,-2.5161394391741	
20.4504690484686,-3.04965897444839,-2.5161394391741	
20.4504690484686,-3.04965897444839,-2.5161394391741	
20.4504690484686,-3.04965897444839,-2.5161394391741	
21.5933261913258,-2.69801062280004,-2.07657899961366	
21.5933261913258,-2.69801062280004,-2.07657899961366	
21.5933261913258,-2.69801062280004,-2.07657899961366	
21.5933261913258,-2.69801062280004,-2.07657899961366	
21.5933261913258,-2.69801062280004,-2.07657899961366	
21.5933261913258,-2.69801062280004,-2.07657899961366	
21.5933261913258,-2.69801062280004,-2.07657899961366	
21.5933261913258,-2.69801062280004,-2.07657899961366	
21.5933261913258,-2.69801062280004,-2.07657899961366	
21.5933261913258,-2.69801062280004,-2.07657899961366	
21.5933261913258,-2.69801062280004,-2.07657899961366	
21.5933261913258,-2.69801062280004,-2.07657899961366	
21.5933261913258,-2.69801062280004,-2.07657899961366	
21.5933261913258,-2.69801062280004,-2.07657899961366	
21.5933261913258,-2.69801062280004,-2.07657899961366	
21.5933261913258,-2.69801062280004,-2.07657899961366	
21.5933261913258,-2.69801062280004,-2.07657899961366	
21.5933261913258,-2.69801062280004,-2.07657899961366	
21.5933261913258,-2.69801062280004,-2.07657899961366	
21.5933261913258,-2.69801062280004,-2.07657899961366	
21.5933261913258,-2.69801062280004,-2.07657899961366	
21.5933261913258,-2.69801062280004,-2.07657899961366	
21.5933261913258,-2.69801062280004,-2.07657899961366	
21.5933261913258,-2.69801062280004,-2.07657899961366	
21.5933261913258,-2.69801062280004,-2.07657899961366	
21.5933261913258,-2.69801062280004,-2.07657899961366	
21.5933261913258,-2.69801062280004,-2.07657899961366	
21.5933261913258,-2.69801062280004,-2.07657899961366	
21.5933261913258,-2.69801062280004,-2.07657899961366	
21.5933261913258,-2.69801062280004,-2.07657899961366	
21.5933261913258,-2.69801062280004,-2.07657899961366	
22.1207987187983,-2.9617468865363,-2.77987570291036	
22.1207987187983,-2.9617468865363,-2.77987570291036	
22.1207987187983,-2.9617468865363,-2.77987570291036	
22.1207987187983,-2.9617468865363,-2.77987570291036	
22.1207987187983,-2.9617468865363,-2.77987570291036	
22.1207987187983,-2.9617468865363,-2.77987570291036	
22.1207987187983,-2.9617468865363,-2.77987570291036	
22.1207987187983,-2.9617468865363,-2.77987570291036	
22.1207987187983,-2.9617468865363,-2.77987570291036	
22.1207987187983,-2.9617468865363,-2.77987570291036	
22.1207987187983,-2.9617468865363,-2.77987570291036	
22.1207987187983,-2.9617468865363,-2.77987570291036	
22.1207987187983,-2.9617468865363,-2.77987570291036	
22.1207987187983,-2.9617468865363,-2.77987570291036	
22.1207987187983,-2.9617468865363,-2.77987570291036	
22.1207987187983,-2.9617468865363,-2.77987570291036	
22.1207987187983,-2.9617468865363,-2.77987570291036	
22.1207987187983,-2.9617468865363,-2.77987570291036	
22.1207987187983,-2.9617468865363,-2.77987570291036	
22.1207987187983,-2.9617468865363,-2.77987570291036	
22.1207987187983,-2.9617468865363,-2.77987570291036	
22.1207987187983,-2.9617468865363,-2.77987570291036	
22.1207987187983,-2.9617468865363,-2.77987570291036	
22.1207987187983,-2.9617468865363,-2.77987570291036	
22.1207987187983,-2.9617468865363,-2.77987570291036	
22.1207987187983,-2.9617468865363,-2.77987570291036	
22.1207987187983,-2.9617468865363,-2.77987570291036	
22.1207987187983,-2.9617468865363,-2.77987570291036	
22.1207987187983,-2.9617468865363,-2.77987570291036	
22.1207987187983,-2.9617468865363,-2.77987570291036	
22.1207987187983,-2.9617468865363,-2.77987570291036	
21.7691503671499,-2.52218644697587,-2.5161394391741	
21.7691503671499,-2.52218644697587,-2.5161394391741	
21.7691503671499,-2.52218644697587,-2.5161394391741	
21.7691503671499,-2.52218644697587,-2.5161394391741	
21.7691503671499,-2.52218644697587,-2.5161394391741	
21.7691503671499,-2.52218644697587,-2.5161394391741	
21.7691503671499,-2.52218644697587,-2.5161394391741	
21.7691503671499,-2.52218644697587,-2.5161394391741	
21.7691503671499,-2.52218644697587,-2.5161394391741	
21.7691503671499,-2.52218644697587,-2.5161394391741	
21.7691503671499,-2.52218644697587,-2.5161394391741	
21.7691503671499,-2.52218644697587,-2.5161394391741	
21.7691503671499,-2.52218644697587,-2.5161394391741	
21.7691503671499,-2.52218644697587,-2.5161394391741	
21.7691503671499,-2.52218644697587,-2.5161394391741	
21.7691503671499,-2.52218644697587,-2.5161394391741	
21.7691503671499,-2.52218644697587,-2.5161394391741	
21.7691503671499,-2.52218644697587,-2.5161394391741	
21.7691503671499,-2.52218644697587,-2.5161394391741	
21.7691503671499,-2.52218644697587,-2.5161394391741	
21.7691503671499,-2.52218644697587,-2.5161394391741	
21.7691503671499,-2.52218644697587,-2.5161394391741	
21.7691503671499,-2.52218644697587,-2.5161394391741	
21.7691503671499,-2.52218644697587,-2.5161394391741	
21.7691503671499,-2.52218644697587,-2.5161394391741	
21.7691503671499,-2.52218644697587,-2.5161394391741	
21.7691503671499,-2.52218644697587,-2.5161394391741	
21.7691503671499,-2.52218644697587,-2.5161394391741	
21.7691503671499,-2.52218644697587,-2.5161394391741	
21.7691503671499,-2.52218644697587,-2.5161394391741	
24.3186009166005,-1.81888974367916,-1.46119438422905	
24.3186009166005,-1.81888974367916,-1.46119438422905	
24.3186009166005,-1.81888974367916,-1.46119438422905	
24.3186009166005,-1.81888974367916,-1.46119438422905	
24.3186009166005,-1.81888974367916,-1.46119438422905	
24.3186009166005,-1.81888974367916,-1.46119438422905	
24.3186009166005,-1.81888974367916,-1.46119438422905	
24.3186009166005,-1.81888974367916,-1.46119438422905	
24.3186009166005,-1.81888974367916,-1.46119438422905	
24.3186009166005,-1.81888974367916,-1.46119438422905	
24.3186009166005,-1.81888974367916,-1.46119438422905	
24.3186009166005,-1.81888974367916,-1.46119438422905	
24.3186009166005,-1.81888974367916,-1.46119438422905	
24.3186009166005,-1.81888974367916,-1.46119438422905	
24.3186009166005,-1.81888974367916,-1.46119438422905	
24.3186009166005,-1.81888974367916,-1.46119438422905	
24.3186009166005,-1.81888974367916,-1.46119438422905	
24.3186009166005,-1.81888974367916,-1.46119438422905	
24.3186009166005,-1.81888974367916,-1.46119438422905	
24.3186009166005,-1.81888974367916,-1.46119438422905	
24.3186009166005,-1.81888974367916,-1.46119438422905	
24.3186009166005,-1.81888974367916,-1.46119438422905	
24.3186009166005,-1.81888974367916,-1.46119438422905	
24.3186009166005,-1.81888974367916,-1.46119438422905	
24.3186009166005,-1.81888974367916,-1.46119438422905	
24.3186009166005,-1.81888974367916,-1.46119438422905	
24.3186009166005,-1.81888974367916,-1.46119438422905	
24.3186009166005,-1.81888974367916,-1.46119438422905	
24.3186009166005,-1.81888974367916,-1.46119438422905	
24.3186009166005,-1.81888974367916,-1.46119438422905	
24.3186009166005,-1.81888974367916,-1.46119438422905	
24.0548646528642,-2.9617468865363,-1.72493064796531	
24.0548646528642,-2.9617468865363,-1.72493064796531	
24.0548646528642,-2.9617468865363,-1.72493064796531	
24.0548646528642,-2.9617468865363,-1.72493064796531	
24.0548646528642,-2.9617468865363,-1.72493064796531	
24.0548646528642,-2.9617468865363,-1.72493064796531	
24.0548646528642,-2.9617468865363,-1.72493064796531	
24.0548646528642,-2.9617468865363,-1.72493064796531	
24.0548646528642,-2.9617468865363,-1.72493064796531	
24.0548646528642,-2.9617468865363,-1.72493064796531	
24.0548646528642,-2.9617468865363,-1.72493064796531	
24.0548646528642,-2.9617468865363,-1.72493064796531	
24.0548646528642,-2.9617468865363,-1.72493064796531	
24.0548646528642,-2.9617468865363,-1.72493064796531	
24.0548646528642,-2.9617468865363,-1.72493064796531	
24.0548646528642,-2.9617468865363,-1.72493064796531	
24.0548646528642,-2.9617468865363,-1.72493064796531	
24.0548646528642,-2.9617468865363,-1.72493064796531	
24.0548646528642,-2.9617468865363,-1.72493064796531	
24.0548646528642,-2.9617468865363,-1.72493064796531	
24.0548646528642,-2.9617468865363,-1.72493064796531	
24.0548646528642,-2.9617468865363,-1.72493064796531	
24.0548646528642,-2.9617468865363,-1.72493064796531	
24.0548646528642,-2.9617468865363,-1.72493064796531	
24.0548646528642,-2.9617468865363,-1.72493064796531	
24.0548646528642,-2.9617468865363,-1.72493064796531	
24.7581613561609,-2.69801062280004,-2.25240317543783	
24.7581613561609,-2.69801062280004,-2.25240317543783	
24.7581613561609,-2.69801062280004,-2.25240317543783	
24.7581613561609,-2.69801062280004,-2.25240317543783	
24.7581613561609,-2.69801062280004,-2.25240317543783	
24.7581613561609,-2.69801062280004,-2.25240317543783	
24.7581613561609,-2.69801062280004,-2.25240317543783	
24.7581613561609,-2.69801062280004,-2.25240317543783	
24.7581613561609,-2.69801062280004,-2.25240317543783	
24.7581613561609,-2.69801062280004,-2.25240317543783	
24.7581613561609,-2.69801062280004,-2.25240317543783	
24.7581613561609,-2.69801062280004,-2.25240317543783	
24.7581613561609,-2.69801062280004,-2.25240317543783	
24.7581613561609,-2.69801062280004,-2.25240317543783	
24.7581613561609,-2.69801062280004,-2.25240317543783	
24.7581613561609,-2.69801062280004,-2.25240317543783	
24.7581613561609,-2.69801062280004,-2.25240317543783	
24.7581613561609,-2.69801062280004,-2.25240317543783	
24.7581613561609,-2.69801062280004,-2.25240317543783	
24.7581613561609,-2.69801062280004,-2.25240317543783	
24.7581613561609,-2.69801062280004,-2.25240317543783	
24.7581613561609,-2.69801062280004,-2.25240317543783	
24.7581613561609,-2.69801062280004,-2.25240317543783	
24.7581613561609,-2.69801062280004,-2.25240317543783	
24.7581613561609,-2.69801062280004,-2.25240317543783	
24.7581613561609,-2.69801062280004,-2.25240317543783	
24.7581613561609,-2.52218644697587,-2.25240317543783	
24.7581613561609,-2.52218644697587,-2.25240317543783	
24.7581613561609,-2.52218644697587,-2.25240317543783	
24.7581613561609,-2.52218644697587,-2.25240317543783	
24.7581613561609,-2.52218644697587,-2.25240317543783	
24.7581613561609,-2.52218644697587,-2.25240317543783	
24.7581613561609,-2.52218644697587,-2.25240317543783	
24.7581613561609,-2.52218644697587,-2.25240317543783	
24.7581613561609,-2.52218644697587,-2.25240317543783	
24.7581613561609,-2.52218644697587,-2.25240317543783	
24.7581613561609,-2.52218644697587,-2.25240317543783	
24.7581613561609,-2.52218644697587,-2.25240317543783	
24.7581613561609,-2.52218644697587,-2.25240317543783	
24.7581613561609,-2.52218644697587,-2.25240317543783	
24.7581613561609,-2.52218644697587,-2.25240317543783	
23.4394800374796,-2.69801062280004,-2.95569987873453	
23.4394800374796,-2.69801062280004,-2.95569987873453	
23.4394800374796,-2.69801062280004,-2.95569987873453	
23.4394800374796,-2.69801062280004,-2.95569987873453	
23.4394800374796,-2.69801062280004,-2.95569987873453	
23.4394800374796,-2.69801062280004,-2.95569987873453	
23.4394800374796,-2.69801062280004,-2.95569987873453	
23.4394800374796,-2.69801062280004,-2.95569987873453	
23.4394800374796,-2.69801062280004,-2.95569987873453	
23.4394800374796,-2.69801062280004,-2.95569987873453	
23.4394800374796,-2.69801062280004,-2.95569987873453	
23.4394800374796,-2.69801062280004,-2.95569987873453	
23.4394800374796,-2.69801062280004,-2.95569987873453	
23.4394800374796,-2.69801062280004,-2.95569987873453	
23.4394800374796,-2.69801062280004,-2.95569987873453	
23.4394800374796,-2.69801062280004,-2.95569987873453	
23.4394800374796,-2.69801062280004,-2.95569987873453	
23.4394800374796,-2.69801062280004,-2.95569987873453	
23.4394800374796,-2.69801062280004,-2.95569987873453	
23.4394800374796,-2.69801062280004,-2.95569987873453	
23.4394800374796,-2.69801062280004,-2.95569987873453	
23.4394800374796,-2.69801062280004,-2.95569987873453	
23.4394800374796,-2.69801062280004,-2.95569987873453	
23.4394800374796,-2.69801062280004,-2.95569987873453	
23.4394800374796,-2.69801062280004,-2.95569987873453	
24.4065130045126,-2.52218644697587,-2.34031526334992	
24.4065130045126,-2.52218644697587,-2.34031526334992	
24.4065130045126,-2.52218644697587,-2.34031526334992	
24.4065130045126,-2.52218644697587,-2.34031526334992	
24.4065130045126,-2.52218644697587,-2.34031526334992	
24.4065130045126,-2.52218644697587,-2.34031526334992	
24.4065130045126,-2.52218644697587,-2.34031526334992	
24.4065130045126,-2.52218644697587,-2.34031526334992	
24.4065130045126,-2.52218644697587,-2.34031526334992	
24.4065130045126,-2.52218644697587,-2.34031526334992	
24.4065130045126,-2.52218644697587,-2.34031526334992	
24.4065130045126,-2.52218644697587,-2.34031526334992	
24.4065130045126,-2.52218644697587,-2.34031526334992	
24.4065130045126,-2.52218644697587,-2.34031526334992	
24.4065130045126,-2.52218644697587,-2.34031526334992	
24.4065130045126,-2.52218644697587,-2.34031526334992	
24.4065130045126,-2.52218644697587,-2.34031526334992	
24.4065130045126,-2.52218644697587,-2.34031526334992	
24.4065130045126,-2.52218644697587,-2.34031526334992	
24.4065130045126,-2.52218644697587,-2.34031526334992	
24.4065130045126,-2.52218644697587,-2.34031526334992	
24.4065130045126,-2.52218644697587,-2.34031526334992	
24.4065130045126,-2.52218644697587,-2.34031526334992	
24.4065130045126,-2.52218644697587,-2.34031526334992	
24.4065130045126,-2.52218644697587,-2.34031526334992	
24.4065130045126,-2.52218644697587,-2.34031526334992	
24.4065130045126,-2.52218644697587,-2.34031526334992	
24.4065130045126,-2.52218644697587,-2.34031526334992	
24.4065130045126,-2.52218644697587,-2.34031526334992	
24.4065130045126,-2.52218644697587,-2.34031526334992	
22.824095422095,-2.78592271071213,-3.13152405455872	
22.824095422095,-2.78592271071213,-3.13152405455872	
22.824095422095,-2.78592271071213,-3.13152405455872	
22.824095422095,-2.78592271071213,-3.13152405455872	
22.824095422095,-2.78592271071213,-3.13152405455872	
22.824095422095,-2.78592271071213,-3.13152405455872	
22.824095422095,-2.78592271071213,-3.13152405455872	
22.824095422095,-2.78592271071213,-3.13152405455872	
22.824095422095,-2.78592271071213,-3.13152405455872	
22.824095422095,-2.78592271071213,-3.13152405455872	
22.824095422095,-2.78592271071213,-3.13152405455872	
22.824095422095,-2.78592271071213,-3.13152405455872	
22.824095422095,-2.78592271071213,-3.13152405455872	
22.824095422095,-2.78592271071213,-3.13152405455872	
22.824095422095,-2.78592271071213,-3.13152405455872	
22.824095422095,-2.78592271071213,-3.13152405455872	
22.824095422095,-2.78592271071213,-3.13152405455872	
22.824095422095,-2.78592271071213,-3.13152405455872	
22.824095422095,-2.78592271071213,-3.13152405455872	
22.824095422095,-2.78592271071213,-3.13152405455872	
22.824095422095,-2.78592271071213,-3.13152405455872	
22.824095422095,-2.78592271071213,-3.13152405455872	
22.824095422095,-2.78592271071213,-3.13152405455872	
22.824095422095,-2.78592271071213,-3.13152405455872	
22.824095422095,-2.78592271071213,-3.13152405455872	
22.824095422095,-2.78592271071213,-3.13152405455872	
22.824095422095,-2.78592271071213,-3.13152405455872	
22.824095422095,-2.78592271071213,-3.13152405455872	
22.824095422095,-2.78592271071213,-3.13152405455872	
22.824095422095,-2.78592271071213,-3.13152405455872	
22.824095422095,-2.78592271071213,-3.13152405455872	
23.2636558616554,-2.69801062280004,-2.25240317543783	
23.2636558616554,-2.69801062280004,-2.25240317543783	
23.2636558616554,-2.69801062280004,-2.25240317543783	
23.2636558616554,-2.69801062280004,-2.25240317543783	
23.2636558616554,-2.69801062280004,-2.25240317543783	
23.2636558616554,-2.69801062280004,-2.25240317543783	
23.2636558616554,-2.69801062280004,-2.25240317543783	
23.2636558616554,-2.69801062280004,-2.25240317543783	
23.2636558616554,-2.69801062280004,-2.25240317543783	
23.2636558616554,-2.69801062280004,-2.25240317543783	
23.2636558616554,-2.69801062280004,-2.25240317543783	
23.2636558616554,-2.69801062280004,-2.25240317543783	
23.2636558616554,-2.69801062280004,-2.25240317543783	
23.2636558616554,-2.69801062280004,-2.25240317543783	
23.2636558616554,-2.69801062280004,-2.25240317543783	
23.2636558616554,-2.69801062280004,-2.25240317543783	
23.2636558616554,-2.69801062280004,-2.25240317543783	
23.2636558616554,-2.69801062280004,-2.25240317543783	
23.2636558616554,-2.69801062280004,-2.25240317543783	
23.2636558616554,-2.69801062280004,-2.25240317543783	
23.2636558616554,-2.69801062280004,-2.25240317543783	
23.2636558616554,-2.69801062280004,-2.25240317543783	
23.2636558616554,-2.69801062280004,-2.25240317543783	
23.2636558616554,-2.69801062280004,-2.25240317543783	
23.2636558616554,-2.69801062280004,-2.25240317543783	
23.2636558616554,-2.69801062280004,-2.25240317543783	
23.2636558616554,-2.69801062280004,-2.25240317543783	
23.2636558616554,-2.69801062280004,-2.25240317543783	
23.2636558616554,-2.69801062280004,-2.25240317543783	
23.2636558616554,-2.69801062280004,-2.25240317543783	
21.5933261913258,-1.99471391950334,-2.16449108752575	
21.5933261913258,-1.99471391950334,-2.16449108752575	
21.5933261913258,-1.99471391950334,-2.16449108752575	
21.5933261913258,-1.99471391950334,-2.16449108752575	
21.5933261913258,-1.99471391950334,-2.16449108752575	
21.5933261913258,-1.99471391950334,-2.16449108752575	
21.5933261913258,-1.99471391950334,-2.16449108752575	
21.5933261913258,-1.99471391950334,-2.16449108752575	
21.5933261913258,-1.99471391950334,-2.16449108752575	
21.5933261913258,-1.99471391950334,-2.16449108752575	
21.5933261913258,-1.99471391950334,-2.16449108752575	
21.5933261913258,-1.99471391950334,-2.16449108752575	
21.5933261913258,-1.99471391950334,-2.16449108752575	
21.5933261913258,-1.99471391950334,-2.16449108752575	
21.5933261913258,-1.99471391950334,-2.16449108752575	
21.5933261913258,-1.99471391950334,-2.16449108752575	
21.5933261913258,-1.99471391950334,-2.16449108752575	
21.5933261913258,-1.99471391950334,-2.16449108752575	
21.5933261913258,-1.99471391950334,-2.16449108752575	
21.5933261913258,-1.99471391950334,-2.16449108752575	
21.5933261913258,-1.99471391950334,-2.16449108752575	
21.5933261913258,-1.99471391950334,-2.16449108752575	
21.5933261913258,-1.99471391950334,-2.16449108752575	
21.5933261913258,-1.99471391950334,-2.16449108752575	
21.5933261913258,-1.99471391950334,-2.16449108752575	
21.5933261913258,-1.99471391950334,-2.16449108752575	
21.5933261913258,-1.99471391950334,-2.16449108752575	
21.5933261913258,-1.99471391950334,-2.16449108752575	
21.5933261913258,-1.99471391950334,-2.16449108752575	
21.5933261913258,-1.99471391950334,-2.16449108752575	
21.5933261913258,-1.99471391950334,-2.16449108752575	
21.3295899275895,-1.73097765576708,-2.86778779082245	
21.3295899275895,-1.73097765576708,-2.86778779082245	
21.3295899275895,-1.73097765576708,-2.86778779082245	
21.3295899275895,-1.73097765576708,-2.86778779082245	
21.3295899275895,-1.73097765576708,-2.86778779082245	
21.3295899275895,-1.73097765576708,-2.86778779082245	
21.3295899275895,-1.73097765576708,-2.86778779082245	
21.3295899275895,-1.73097765576708,-2.86778779082245	
21.3295899275895,-1.73097765576708,-2.86778779082245	
21.3295899275895,-1.73097765576708,-2.86778779082245	
21.3295899275895,-1.73097765576708,-2.86778779082245	
21.3295899275895,-1.73097765576708,-2.86778779082245	
21.3295899275895,-1.73097765576708,-2.86778779082245	
21.3295899275895,-1.73097765576708,-2.86778779082245	
21.3295899275895,-1.73097765576708,-2.86778779082245	
21.3295899275895,-1.73097765576708,-2.86778779082245	
21.3295899275895,-1.73097765576708,-2.86778779082245	
21.3295899275895,-1.73097765576708,-2.86778779082245	
21.3295899275895,-1.73097765576708,-2.86778779082245	
21.3295899275895,-1.73097765576708,-2.86778779082245	
21.3295899275895,-1.73097765576708,-2.86778779082245	
21.3295899275895,-1.73097765576708,-2.86778779082245	
21.3295899275895,-1.73097765576708,-2.86778779082245	
21.3295899275895,-1.73097765576708,-2.86778779082245	
21.3295899275895,-1.73097765576708,-2.86778779082245	
21.3295899275895,-1.73097765576708,-2.86778779082245	
21.3295899275895,-1.73097765576708,-2.86778779082245	
21.3295899275895,-1.73097765576708,-2.86778779082245	
21.3295899275895,-1.73097765576708,-2.86778779082245	
21.3295899275895,-1.73097765576708,-2.86778779082245	
21.3295899275895,-1.73097765576708,-2.86778779082245	
21.3295899275895,-1.73097765576708,-2.86778779082245	
19.9229965209961,-3.57713150192092,-1.1095460325807	
19.9229965209961,-3.57713150192092,-1.1095460325807	
19.9229965209961,-3.57713150192092,-1.1095460325807	
19.9229965209961,-3.57713150192092,-1.1095460325807	
19.9229965209961,-3.57713150192092,-1.1095460325807	
19.9229965209961,-3.57713150192092,-1.1095460325807	
19.9229965209961,-3.57713150192092,-1.1095460325807	
19.9229965209961,-3.57713150192092,-1.1095460325807	
19.9229965209961,-3.57713150192092,-1.1095460325807	
19.9229965209961,-3.57713150192092,-1.1095460325807	
19.9229965209961,-3.57713150192092,-1.1095460325807	
19.9229965209961,-3.57713150192092,-1.1095460325807	
19.9229965209961,-3.57713150192092,-1.1095460325807	
19.9229965209961,-3.57713150192092,-1.1095460325807	
19.9229965209961,-3.57713150192092,-1.1095460325807	
19.9229965209961,-3.57713150192092,-1.1095460325807	
19.9229965209961,-3.57713150192092,-1.1095460325807	
19.9229965209961,-3.57713150192092,-1.1095460325807	
19.9229965209961,-3.57713150192092,-1.1095460325807	
19.9229965209961,-3.57713150192092,-1.1095460325807	
19.9229965209961,-3.57713150192092,-1.1095460325807	
19.9229965209961,-3.57713150192092,-1.1095460325807	
19.9229965209961,-3.57713150192092,-1.1095460325807	
19.9229965209961,-3.57713150192092,-1.1095460325807	
19.9229965209961,-3.57713150192092,-1.1095460325807	
19.9229965209961,-3.57713150192092,-1.1095460325807	
19.9229965209961,-3.57713150192092,-1.1095460325807	
19.9229965209961,-3.57713150192092,-1.1095460325807	
19.9229965209961,-3.57713150192092,-1.1095460325807	
19.9229965209961,-3.57713150192092,-1.1095460325807	
19.9229965209961,-3.57713150192092,-1.1095460325807	
18.780139378139,-1.64306556785499,-1.63701856005322	
18.780139378139,-1.64306556785499,-1.63701856005322	
18.780139378139,-1.64306556785499,-1.63701856005322	
18.780139378139,-1.64306556785499,-1.63701856005322	
18.780139378139,-1.64306556785499,-1.63701856005322	
18.780139378139,-1.64306556785499,-1.63701856005322	
18.780139378139,-1.64306556785499,-1.63701856005322	
18.780139378139,-1.64306556785499,-1.63701856005322	
18.780139378139,-1.64306556785499,-1.63701856005322	
18.780139378139,-1.64306556785499,-1.63701856005322	
18.780139378139,-1.64306556785499,-1.63701856005322	
18.780139378139,-1.64306556785499,-1.63701856005322	
18.780139378139,-1.64306556785499,-1.63701856005322	
18.780139378139,-1.64306556785499,-1.63701856005322	
18.780139378139,-1.64306556785499,-1.63701856005322	
18.780139378139,-1.64306556785499,-1.63701856005322	
18.780139378139,-1.64306556785499,-1.63701856005322	
18.780139378139,-1.64306556785499,-1.63701856005322	
18.780139378139,-1.64306556785499,-1.63701856005322	
18.780139378139,-1.64306556785499,-1.63701856005322	
18.780139378139,-1.64306556785499,-1.63701856005322	
18.780139378139,-1.64306556785499,-1.63701856005322	
18.780139378139,-1.64306556785499,-1.63701856005322	
18.780139378139,-1.64306556785499,-1.63701856005322	
18.780139378139,-1.64306556785499,-1.63701856005322	
18.780139378139,-1.64306556785499,-1.63701856005322	
18.780139378139,-1.64306556785499,-1.63701856005322	
18.780139378139,-1.64306556785499,-1.63701856005322	
18.780139378139,-1.64306556785499,-1.63701856005322	
18.780139378139,-1.64306556785499,-1.63701856005322	
20.0109086089082,-2.43427435906378,-2.5161394391741	
20.0109086089082,-2.43427435906378,-2.5161394391741	
20.0109086089082,-2.43427435906378,-2.5161394391741	
20.0109086089082,-2.43427435906378,-2.5161394391741	
20.0109086089082,-2.43427435906378,-2.5161394391741	
20.0109086089082,-2.43427435906378,-2.5161394391741	
20.0109086089082,-2.43427435906378,-2.5161394391741	
20.0109086089082,-2.43427435906378,-2.5161394391741	
20.0109086089082,-2.43427435906378,-2.5161394391741	
20.0109086089082,-2.43427435906378,-2.5161394391741	
20.0109086089082,-2.43427435906378,-2.5161394391741	
20.0109086089082,-2.43427435906378,-2.5161394391741	
20.0109086089082,-2.43427435906378,-2.5161394391741	
20.0109086089082,-2.43427435906378,-2.5161394391741	
20.0109086089082,-2.43427435906378,-2.5161394391741	
20.0109086089082,-2.43427435906378,-2.5161394391741	
20.0109086089082,-2.43427435906378,-2.5161394391741	
20.0109086089082,-2.43427435906378,-2.5161394391741	
20.0109086089082,-2.43427435906378,-2.5161394391741	
20.0109086089082,-2.43427435906378,-2.5161394391741	
20.0109086089082,-2.43427435906378,-2.5161394391741	
20.0109086089082,-2.43427435906378,-2.5161394391741	
20.0109086089082,-2.43427435906378,-2.5161394391741	
20.0109086089082,-2.43427435906378,-2.5161394391741	
20.0109086089082,-2.43427435906378,-2.5161394391741	
20.0109086089082,-2.43427435906378,-2.5161394391741	
20.0109086089082,-2.43427435906378,-2.5161394391741	
20.0109086089082,-2.43427435906378,-2.5161394391741	
20.0109086089082,-2.43427435906378,-2.5161394391741	
20.0109086089082,-2.43427435906378,-2.5161394391741	
20.0109086089082,-2.43427435906378,-2.5161394391741	
19.3955239935236,-2.69801062280004,-1.72493064796531	
19.3955239935236,-2.69801062280004,-1.72493064796531	
19.3955239935236,-2.69801062280004,-1.72493064796531	
19.3955239935236,-2.69801062280004,-1.72493064796531	
19.3955239935236,-2.69801062280004,-1.72493064796531	
19.3955239935236,-2.69801062280004,-1.72493064796531	
19.3955239935236,-2.69801062280004,-1.72493064796531	
19.3955239935236,-2.69801062280004,-1.72493064796531	
19.3955239935236,-2.69801062280004,-1.72493064796531	
19.3955239935236,-2.69801062280004,-1.72493064796531	
19.3955239935236,-2.69801062280004,-1.72493064796531	
19.3955239935236,-2.69801062280004,-1.72493064796531	
19.3955239935236,-2.69801062280004,-1.72493064796531	
19.3955239935236,-2.69801062280004,-1.72493064796531	
19.3955239935236,-2.69801062280004,-1.72493064796531	
19.3955239935236,-2.69801062280004,-1.72493064796531	
19.3955239935236,-2.69801062280004,-1.72493064796531	
19.3955239935236,-2.69801062280004,-1.72493064796531	
19.3955239935236,-2.69801062280004,-1.72493064796531	
19.3955239935236,-2.69801062280004,-1.72493064796531	
19.3955239935236,-2.69801062280004,-1.72493064796531	
19.3955239935236,-2.69801062280004,-1.72493064796531	
19.3955239935236,-2.69801062280004,-1.72493064796531	
19.3955239935236,-2.69801062280004,-1.72493064796531	
19.3955239935236,-2.69801062280004,-1.72493064796531	
19.3955239935236,-2.69801062280004,-1.72493064796531	
19.3955239935236,-2.69801062280004,-1.72493064796531	
19.3955239935236,-2.69801062280004,-1.72493064796531	
19.3955239935236,-2.69801062280004,-1.72493064796531	
19.3955239935236,-2.69801062280004,-1.72493064796531	
19.3955239935236,-2.69801062280004,-1.72493064796531	
18.3405789385785,-2.43427435906378,-0.757897680932345	
18.3405789385785,-2.43427435906378,-0.757897680932345	
18.3405789385785,-2.43427435906378,-0.757897680932345	
18.3405789385785,-2.43427435906378,-0.757897680932345	
18.3405789385785,-2.43427435906378,-0.757897680932345	
18.3405789385785,-2.43427435906378,-0.757897680932345	
18.3405789385785,-2.43427435906378,-0.757897680932345	
18.3405789385785,-2.43427435906378,-0.757897680932345	
18.3405789385785,-2.43427435906378,-0.757897680932345	
18.3405789385785,-2.43427435906378,-0.757897680932345	
18.3405789385785,-2.43427435906378,-0.757897680932345	
18.3405789385785,-2.43427435906378,-0.757897680932345	
18.3405789385785,-2.43427435906378,-0.757897680932345	
18.3405789385785,-2.43427435906378,-0.757897680932345	
18.3405789385785,-2.43427435906378,-0.757897680932345	
18.3405789385785,-2.43427435906378,-0.757897680932345	
18.3405789385785,-2.43427435906378,-0.757897680932345	
18.3405789385785,-2.43427435906378,-0.757897680932345	
18.3405789385785,-2.43427435906378,-0.757897680932345	
18.3405789385785,-2.43427435906378,-0.757897680932345	
18.3405789385785,-2.43427435906378,-0.757897680932345	
18.3405789385785,-2.43427435906378,-0.757897680932345	
18.3405789385785,-2.43427435906378,-0.757897680932345	
18.3405789385785,-2.43427435906378,-0.757897680932345	
18.3405789385785,-2.43427435906378,-0.757897680932345	
18.3405789385785,-2.43427435906378,-0.757897680932345	
18.3405789385785,-2.43427435906378,-0.757897680932345	
18.3405789385785,-2.43427435906378,-0.757897680932345	
18.3405789385785,-2.43427435906378,-0.757897680932345	
18.3405789385785,-2.43427435906378,-0.757897680932345	
18.3405789385785,-2.43427435906378,-0.757897680932345	
18.3405789385785,-2.43427435906378,-0.757897680932345	
16.7581613561609,-2.17053809532752,-2.77987570291036	
16.7581613561609,-2.17053809532752,-2.77987570291036	
16.7581613561609,-2.17053809532752,-2.77987570291036	
16.7581613561609,-2.17053809532752,-2.77987570291036	
16.7581613561609,-2.17053809532752,-2.77987570291036	
16.7581613561609,-2.17053809532752,-2.77987570291036	
16.7581613561609,-2.17053809532752,-2.77987570291036	
16.7581613561609,-2.17053809532752,-2.77987570291036	
16.7581613561609,-2.17053809532752,-2.77987570291036	
16.7581613561609,-2.17053809532752,-2.77987570291036	
16.7581613561609,-2.17053809532752,-2.77987570291036	
16.7581613561609,-2.17053809532752,-2.77987570291036	
16.7581613561609,-2.17053809532752,-2.77987570291036	
16.7581613561609,-2.17053809532752,-2.77987570291036	
16.7581613561609,-2.17053809532752,-2.77987570291036	
16.7581613561609,-2.17053809532752,-2.77987570291036	
16.7581613561609,-2.17053809532752,-2.77987570291036	
16.7581613561609,-2.17053809532752,-2.77987570291036	
16.7581613561609,-2.17053809532752,-2.77987570291036	
16.7581613561609,-2.17053809532752,-2.77987570291036	
16.7581613561609,-2.17053809532752,-2.77987570291036	
16.7581613561609,-2.17053809532752,-2.77987570291036	
16.7581613561609,-2.17053809532752,-2.77987570291036	
16.7581613561609,-2.17053809532752,-2.77987570291036	
16.7581613561609,-2.17053809532752,-2.77987570291036	
16.7581613561609,-2.17053809532752,-2.77987570291036	
16.7581613561609,-2.17053809532752,-2.77987570291036	
16.7581613561609,-2.17053809532752,-2.77987570291036	
16.7581613561609,-2.17053809532752,-2.77987570291036	
16.7581613561609,-2.17053809532752,-2.77987570291036	
16.7581613561609,-2.17053809532752,-2.77987570291036	
16.0548646528642,-0.676032600822026,-2.86778779082245	
16.0548646528642,-0.676032600822026,-2.86778779082245	
16.0548646528642,-0.676032600822026,-2.86778779082245	
16.0548646528642,-0.676032600822026,-2.86778779082245	
16.0548646528642,-0.676032600822026,-2.86778779082245	
16.0548646528642,-0.676032600822026,-2.86778779082245	
16.0548646528642,-0.676032600822026,-2.86778779082245	
16.0548646528642,-0.676032600822026,-2.86778779082245	
16.0548646528642,-0.676032600822026,-2.86778779082245	
16.0548646528642,-0.676032600822026,-2.86778779082245	
16.0548646528642,-0.676032600822026,-2.86778779082245	
16.0548646528642,-0.676032600822026,-2.86778779082245	
16.0548646528642,-0.676032600822026,-2.86778779082245	
16.0548646528642,-0.676032600822026,-2.86778779082245	
16.0548646528642,-0.676032600822026,-2.86778779082245	
16.0548646528642,-0.676032600822026,-2.86778779082245	
16.0548646528642,-0.676032600822026,-2.86778779082245	
16.0548646528642,-0.676032600822026,-2.86778779082245	
16.0548646528642,-0.676032600822026,-2.86778779082245	
16.0548646528642,-0.676032600822026,-2.86778779082245	
16.0548646528642,-0.676032600822026,-2.86778779082245	
16.0548646528642,-0.676032600822026,-2.86778779082245	
16.0548646528642,-0.676032600822026,-2.86778779082245	
16.0548646528642,-0.676032600822026,-2.86778779082245	
16.0548646528642,-0.676032600822026,-2.86778779082245	
16.0548646528642,-0.676032600822026,-2.86778779082245	
16.0548646528642,-0.676032600822026,-2.86778779082245	
16.0548646528642,-0.676032600822026,-2.86778779082245	
16.0548646528642,-0.676032600822026,-2.86778779082245	
16.0548646528642,-0.676032600822026,-2.86778779082245	
16.0548646528642,-0.676032600822026,-2.86778779082245	
13.2416778396774,-2.08262600741543,-2.95569987873453	
13.2416778396774,-2.08262600741543,-2.95569987873453	
13.2416778396774,-2.08262600741543,-2.95569987873453	
13.2416778396774,-2.08262600741543,-2.95569987873453	
13.2416778396774,-2.08262600741543,-2.95569987873453	
13.2416778396774,-2.08262600741543,-2.95569987873453	
13.2416778396774,-2.08262600741543,-2.95569987873453	
13.2416778396774,-2.08262600741543,-2.95569987873453	
13.2416778396774,-2.08262600741543,-2.95569987873453	
13.2416778396774,-2.08262600741543,-2.95569987873453	
13.2416778396774,-2.08262600741543,-2.95569987873453	
13.2416778396774,-2.08262600741543,-2.95569987873453	
13.2416778396774,-2.08262600741543,-2.95569987873453	
13.2416778396774,-2.08262600741543,-2.95569987873453	
13.2416778396774,-2.08262600741543,-2.95569987873453	
13.2416778396774,-2.08262600741543,-2.95569987873453	
13.2416778396774,-2.08262600741543,-2.95569987873453	
13.2416778396774,-2.08262600741543,-2.95569987873453	
13.2416778396774,-2.08262600741543,-2.95569987873453	
13.2416778396774,-2.08262600741543,-2.95569987873453	
13.2416778396774,-2.08262600741543,-2.95569987873453	
13.2416778396774,-2.08262600741543,-2.95569987873453	
13.2416778396774,-2.08262600741543,-2.95569987873453	
13.2416778396774,-2.08262600741543,-2.95569987873453	
13.2416778396774,-2.08262600741543,-2.95569987873453	
13.2416778396774,-2.08262600741543,-2.95569987873453	
13.2416778396774,-2.08262600741543,-2.95569987873453	
13.2416778396774,-2.08262600741543,-2.95569987873453	
13.2416778396774,-2.08262600741543,-2.95569987873453	
13.2416778396774,-2.08262600741543,-2.95569987873453	
13.2416778396774,-2.08262600741543,-2.95569987873453	
9.81310641110599,-2.08262600741543,-2.42822735126201	
9.81310641110599,-2.08262600741543,-2.42822735126201	
9.81310641110599,-2.08262600741543,-2.42822735126201	
9.81310641110599,-2.08262600741543,-2.42822735126201	
9.81310641110599,-2.08262600741543,-2.42822735126201	
9.81310641110599,-2.08262600741543,-2.42822735126201	
9.81310641110599,-2.08262600741543,-2.42822735126201	
9.81310641110599,-2.08262600741543,-2.42822735126201	
9.81310641110599,-2.08262600741543,-2.42822735126201	
9.81310641110599,-2.08262600741543,-2.42822735126201	
9.81310641110599,-2.08262600741543,-2.42822735126201	
9.81310641110599,-2.08262600741543,-2.42822735126201	
9.81310641110599,-2.08262600741543,-2.42822735126201	
9.81310641110599,-2.08262600741543,-2.42822735126201	
9.81310641110599,-2.08262600741543,-2.42822735126201	
9.81310641110599,-2.08262600741543,-2.42822735126201	
9.81310641110599,-2.08262600741543,-2.42822735126201	
9.81310641110599,-2.08262600741543,-2.42822735126201	
9.81310641110599,-2.08262600741543,-2.42822735126201	
9.81310641110599,-2.08262600741543,-2.42822735126201	
9.81310641110599,-2.08262600741543,-2.42822735126201	
12.4504690484686,-2.69801062280004,-2.16449108752575	
12.4504690484686,-2.69801062280004,-2.16449108752575	
12.4504690484686,-2.69801062280004,-2.16449108752575	
12.4504690484686,-2.69801062280004,-2.16449108752575	
12.4504690484686,-2.69801062280004,-2.16449108752575	
12.4504690484686,-2.69801062280004,-2.16449108752575	
12.4504690484686,-2.69801062280004,-2.16449108752575	
12.4504690484686,-2.69801062280004,-2.16449108752575	
12.4504690484686,-2.69801062280004,-2.16449108752575	
12.4504690484686,-2.69801062280004,-2.16449108752575	
12.4504690484686,-2.69801062280004,-2.16449108752575	
12.4504690484686,-2.69801062280004,-2.16449108752575	
12.4504690484686,-2.69801062280004,-2.16449108752575	
12.4504690484686,-2.69801062280004,-2.16449108752575	
12.4504690484686,-2.69801062280004,-2.16449108752575	
12.4504690484686,-2.69801062280004,-2.16449108752575	
12.4504690484686,-2.69801062280004,-2.16449108752575	
12.4504690484686,-2.69801062280004,-2.16449108752575	
12.4504690484686,-2.69801062280004,-2.16449108752575	
12.4504690484686,-2.69801062280004,-2.16449108752575	
12.4504690484686,-2.69801062280004,-2.16449108752575	
12.4504690484686,-2.69801062280004,-2.16449108752575	
12.4504690484686,-2.69801062280004,-2.16449108752575	
12.4504690484686,-2.69801062280004,-2.16449108752575	
12.4504690484686,-2.69801062280004,-2.16449108752575	
12.4504690484686,-2.69801062280004,-2.16449108752575	
12.4504690484686,-2.69801062280004,-2.16449108752575	
12.4504690484686,-2.69801062280004,-2.16449108752575	
12.4504690484686,-2.69801062280004,-2.16449108752575	
12.4504690484686,-2.69801062280004,-2.16449108752575	
12.4504690484686,-2.69801062280004,-2.16449108752575	
12.4504690484686,-2.69801062280004,-2.16449108752575	
8.49442509242468,-1.81888974367916,-0.845809768844433	
8.49442509242468,-1.81888974367916,-0.845809768844433	
8.49442509242468,-1.81888974367916,-0.845809768844433	
8.49442509242468,-1.81888974367916,-0.845809768844433	
8.49442509242468,-1.81888974367916,-0.845809768844433	
8.49442509242468,-1.81888974367916,-0.845809768844433	
8.49442509242468,-1.81888974367916,-0.845809768844433	
8.49442509242468,-1.81888974367916,-0.845809768844433	
8.49442509242468,-1.81888974367916,-0.845809768844433	
8.49442509242468,-1.81888974367916,-0.845809768844433	
8.49442509242468,-1.81888974367916,-0.845809768844433	
8.49442509242468,-1.81888974367916,-0.845809768844433	
8.49442509242468,-1.81888974367916,-0.845809768844433	
8.49442509242468,-1.81888974367916,-0.845809768844433	
8.49442509242468,-1.81888974367916,-0.845809768844433	
8.49442509242468,-1.81888974367916,-0.845809768844433	
8.49442509242468,-1.81888974367916,-0.845809768844433	
8.49442509242468,-1.81888974367916,-0.845809768844433	
8.49442509242468,-1.81888974367916,-0.845809768844433	
8.49442509242468,-1.81888974367916,-0.845809768844433	
8.49442509242468,-1.81888974367916,-0.845809768844433	
8.49442509242468,-1.81888974367916,-0.845809768844433	
8.49442509242468,-1.81888974367916,-0.845809768844433	
8.49442509242468,-1.81888974367916,-0.845809768844433	
8.49442509242468,-1.81888974367916,-0.845809768844433	
8.49442509242468,-1.81888974367916,-0.845809768844433	
8.49442509242468,-1.81888974367916,-0.845809768844433	
8.49442509242468,-1.81888974367916,-0.845809768844433	
8.49442509242468,-1.81888974367916,-0.845809768844433	
8.49442509242468,-1.81888974367916,-0.845809768844433	
8.49442509242468,-1.81888974367916,-0.845809768844433	
7.17574377374335,-1.20350512829455,-2.25240317543783	
7.17574377374335,-1.20350512829455,-2.25240317543783	
7.17574377374335,-1.20350512829455,-2.25240317543783	
7.17574377374335,-1.20350512829455,-2.25240317543783	
7.17574377374335,-1.20350512829455,-2.25240317543783	
7.17574377374335,-1.20350512829455,-2.25240317543783	
7.17574377374335,-1.20350512829455,-2.25240317543783	
7.17574377374335,-1.20350512829455,-2.25240317543783	
7.17574377374335,-1.20350512829455,-2.25240317543783	
7.17574377374335,-1.20350512829455,-2.25240317543783	
7.17574377374335,-1.20350512829455,-2.25240317543783	
7.17574377374335,-1.20350512829455,-2.25240317543783	
7.17574377374335,-1.20350512829455,-2.25240317543783	
7.17574377374335,-1.20350512829455,-2.25240317543783	
7.17574377374335,-1.20350512829455,-2.25240317543783	
7.17574377374335,-1.20350512829455,-2.25240317543783	
7.17574377374335,-1.20350512829455,-2.25240317543783	
7.17574377374335,-1.20350512829455,-2.25240317543783	
7.17574377374335,-1.20350512829455,-2.25240317543783	
7.17574377374335,-1.20350512829455,-2.25240317543783	
7.17574377374335,-1.20350512829455,-2.25240317543783	
7.17574377374335,-1.20350512829455,-2.25240317543783	
7.17574377374335,-1.20350512829455,-2.25240317543783	
7.17574377374335,-1.20350512829455,-2.25240317543783	
7.17574377374335,-1.20350512829455,-2.25240317543783	
7.17574377374335,-1.20350512829455,-2.25240317543783	
7.17574377374335,-1.20350512829455,-2.25240317543783	
7.17574377374335,-1.20350512829455,-2.25240317543783	
7.17574377374335,-1.20350512829455,-2.25240317543783	
7.17574377374335,-1.20350512829455,-2.25240317543783	
7.17574377374335,-1.20350512829455,-2.25240317543783	
6.99991959791917,-2.17053809532752,-2.86778779082245	
6.99991959791917,-2.17053809532752,-2.86778779082245	
6.99991959791917,-2.17053809532752,-2.86778779082245	
6.99991959791917,-2.17053809532752,-2.86778779082245	
6.99991959791917,-2.17053809532752,-2.86778779082245	
6.99991959791917,-2.17053809532752,-2.86778779082245	
6.99991959791917,-2.17053809532752,-2.86778779082245	
6.99991959791917,-2.17053809532752,-2.86778779082245	
6.99991959791917,-2.17053809532752,-2.86778779082245	
6.99991959791917,-2.17053809532752,-2.86778779082245	
6.99991959791917,-2.17053809532752,-2.86778779082245	
6.99991959791917,-2.17053809532752,-2.86778779082245	
6.99991959791917,-2.17053809532752,-2.86778779082245	
6.99991959791917,-2.17053809532752,-2.86778779082245	
6.99991959791917,-2.17053809532752,-2.86778779082245	
6.99991959791917,-2.17053809532752,-2.86778779082245	
6.99991959791917,-2.17053809532752,-2.86778779082245	
6.99991959791917,-2.17053809532752,-2.86778779082245	
6.99991959791917,-2.17053809532752,-2.86778779082245	
6.99991959791917,-2.17053809532752,-2.86778779082245	
6.99991959791917,-2.17053809532752,-2.86778779082245	
6.99991959791917,-2.17053809532752,-2.86778779082245	
6.99991959791917,-2.17053809532752,-2.86778779082245	
6.99991959791917,-2.17053809532752,-2.86778779082245	
6.99991959791917,-2.17053809532752,-2.86778779082245	
6.99991959791917,-2.17053809532752,-2.86778779082245	
6.99991959791917,-2.17053809532752,-2.86778779082245	
6.99991959791917,-2.17053809532752,-2.86778779082245	
6.99991959791917,-2.17053809532752,-2.86778779082245	
6.99991959791917,-2.17053809532752,-2.86778779082245	
6.99991959791917,-2.17053809532752,-2.86778779082245	
2.69222729022687,-1.20350512829455,-1.02163394466861	
2.69222729022687,-1.20350512829455,-1.02163394466861	
2.69222729022687,-1.20350512829455,-1.02163394466861	
2.69222729022687,-1.20350512829455,-1.02163394466861	
2.69222729022687,-1.20350512829455,-1.02163394466861	
2.69222729022687,-1.20350512829455,-1.02163394466861	
2.69222729022687,-1.20350512829455,-1.02163394466861	
2.69222729022687,-1.20350512829455,-1.02163394466861	
2.69222729022687,-1.20350512829455,-1.02163394466861	
2.69222729022687,-1.20350512829455,-1.02163394466861	
