degreeX,degreeY,"degreeZ	"
-22.99308977,-20.7286746,21.85340403
-23.02044158,-20.73292072,21.8850126
-23.04681349,-20.73687176,21.91593854
-23.07220825,-20.74053609,21.94618972
-23.0966285,-20.74392189,21.97577403
-23.1200768,-20.7470371,22.00469936
-23.14255559,-20.74988942,22.03297358
-23.16406718,-20.75248635,22.06060455
-23.18461379,-20.75483512,22.08760008
-23.20419747,-20.75694274,22.11396797
-23.22282015,-20.75881601,22.13971597
-23.24048361,-20.76046143,22.16485179
-23.25718948,-20.76188532,22.18938306
-23.27293923,-20.76309371,22.21331739
-23.28773415,-20.76409242,22.23666228
-23.30157537,-20.76488701,22.2594252
-23.31446386,-20.76548279,22.28161349
-23.32640037,-20.76588484,22.30323445
-23.3373855,-20.76609798,22.32429527
-23.34741964,-20.7661268,22.34480302
-23.35650298,-20.76597563,22.36476472
-23.36463552,-20.76564858,22.38418723
-23.37181706,-20.76514949,22.40307732
-23.37804717,-20.76448199,22.42144164
-23.38332524,-20.76364943,22.43928672
-23.38765043,-20.76265497,22.45661896
-23.39102169,-20.76150149,22.47344461
-23.39343776,-20.76019167,22.48976982
-23.39489715,-20.75872794,22.50560056
-23.39539816,-20.75711251,22.52094268
-23.39493888,-20.75534736,22.53580188
-23.39351716,-20.75343425,22.55018369
-23.39113064,-20.75137473,22.56409351
-23.38777676,-20.74917011,22.57753657
-23.3834527,-20.74682152,22.59051794
-23.37815546,-20.74432984,22.60304251
-23.37188182,-20.7416958,22.61511503
-23.36462833,-20.73891988,22.62674007
-23.35639135,-20.73600238,22.63792203
-23.34716702,-20.73294343,22.64866513
-23.33695127,-20.72974295,22.65897343
-23.32573986,-20.72640068,22.6688508
-23.31352833,-20.72291618,22.67830094
-23.30031202,-20.71928886,22.68732737
-23.28608611,-20.71551794,22.69593343
-23.27084557,-20.71160249,22.70412229
-23.25458522,-20.70754141,22.71189692
-23.2372997,-20.70333346,22.71926013
-23.21898348,-20.69897726,22.72621453
-23.19963089,-20.69447127,22.73276256
-23.17923609,-20.68981385,22.73890649
-23.15779312,-20.68500319,22.74464839
-23.13529586,-20.6800374,22.74999015
-23.11173809,-20.67491443,22.7549335
-23.08711347,-20.66963215,22.75947997
-23.06141553,-20.66418832,22.76363094
-23.03463773,-20.65858059,22.76738758
-23.00677342,-20.65280654,22.77075092
-22.97781588,-20.64686364,22.77372179
-22.94775833,-20.6407493,22.77630087
-22.9165939,-20.63446083,22.77848866
-22.8843157,-20.62799549,22.7802855
-22.85091681,-20.62135049,22.78169154
-22.81639025,-20.61452296,22.78270681
-22.78072907,-20.60751,22.78333115
-22.74392627,-20.60030865,22.78356425
-22.70597491,-20.59291593,22.78340564
-22.66686802,-20.58532881,22.78285472
-22.62659872,-20.57754425,22.78191071
-22.58516013,-20.56955919,22.7805727
-22.54254546,-20.56137055,22.77883963
-22.49874798,-20.55297523,22.77671032
-22.45376105,-20.54437017,22.77418343
-22.40757813,-20.53555227,22.7712575
-22.36019279,-20.52651846,22.76793093
-22.31159873,-20.51726569,22.76420201
-22.26178979,-20.50779092,22.76006889
-22.21075997,-20.49809114,22.7555296
-22.15850343,-20.48816338,22.75058208
-22.10501451,-20.47800469,22.74522413
-22.05028776,-20.46761217,22.73945346
-21.99431793,-20.45698298,22.73326767
-21.93709998,-20.44611431,22.72666426
-21.87862913,-20.43500342,22.71964063
-21.81890086,-20.42364764,22.7121941
-21.75791088,-20.41204435,22.70432189
-21.69565521,-20.40019101,22.69602113
-21.63213015,-20.38808515,22.68728889
-21.56733232,-20.37572438,22.67812215
-21.50125864,-20.36310641,22.66851783
-21.43390638,-20.350229,22.65847276
-21.36527317,-20.33709005,22.64798371
-21.29535697,-20.32368752,22.63704742
-21.22415613,-20.31001948,22.62566054
-21.15166941,-20.2960841,22.61381967
-21.07789593,-20.28187967,22.60152138
-21.00283525,-20.26740457,22.58876218
-20.92648735,-20.2526573,22.57553854
-20.84885264,-20.23763647,22.5618469
-20.769932,-20.22234082,22.54768365
-20.68972674,-20.2067692,22.53304518
-20.60823867,-20.19092059,22.51792782
-20.52547008,-20.17479409,22.50232789
-20.44142374,-20.15838892,22.4862417
-20.35610294,-20.14170445,22.46966553
-20.26951149,-20.12474017,22.45259565
-20.1816537,-20.10749569,22.43502832
-20.09253444,-20.08997078,22.41695981
-20.00215911,-20.07216534,22.39838636
-19.91053369,-20.05407939,22.37930422
-19.81766468,-20.03571311,22.35970965
-19.72355918,-20.0170668,22.33959891
-19.62822487,-19.99814093,22.31896827
-19.53166999,-19.97893608,22.29781401
-19.4339034,-19.959453,22.27613242
-19.33493453,-19.93969256,22.25391981
-19.23477343,-19.91965578,22.2311725
-19.13343077,-19.89934384,22.20788685
-19.03091782,-19.87875804,22.18405923
-18.92724647,-19.85789983,22.15968604
-18.82242922,-19.83677082,22.1347637
-18.71647924,-19.81537274,22.10928866
-18.60941028,-19.79370749,22.08325742
-18.50123676,-19.77177707,22.0566665
-18.39197371,-19.74958367,22.02951244
-18.28163681,-19.72712959,22.00179184
-18.17024237,-19.70441727,21.97350133
-18.05780735,-19.68144931,21.94463759
-17.94434933,-19.65822843,21.91519732
-17.82988655,-19.63475749,21.88517727
-17.71443786,-19.61103949,21.85457425
-17.59802276,-19.58707755,21.8233851
-17.4806614,-19.56287495,21.79160671
-17.36237453,-19.53843507,21.75923601
-17.24318353,-19.51376144,21.72627
-17.12311043,-19.4888577,21.69270569
-17.00217785,-19.46372763,21.65854019
-16.88040905,-19.43837513,21.62377061
-16.75782788,-19.41280421,21.58839415
-16.63445879,-19.38701901,21.55240805
-16.51032684,-19.36102379,21.51580959
-16.38545769,-19.33482291,21.47859611
-16.25987755,-19.30842084,21.44076501
-16.13361323,-19.28182218,21.40231374
-16.0066921,-19.25503162,21.36323981
-15.87914208,-19.22805395,21.32354076
-15.75099165,-19.20089408,21.28321422
-15.62226981,-19.17355699,21.24225785
-15.4930061,-19.14604779,21.20066937
-15.36323057,-19.11837165,21.15844656
-15.23297377,-19.09053385,21.11558725
-15.10226676,-19.06253974,21.07208932
-14.97114106,-19.03439477,21.02795073
-14.83962866,-19.00610445,20.98316947
-14.707762,-18.97767439,20.9377436
-14.57557398,-18.94911026,20.89167122
-14.44309788,-18.9204178,20.8449505
-14.31036744,-18.89160281,20.79757967
-14.17741676,-18.86267118,20.74955699
-14.04428034,-18.83362882,20.70088081
-13.91099301,-18.80448173,20.65154952
-13.77758999,-18.77523595,20.60156155
-13.6441068,-18.74589757,20.55091542
-13.51057928,-18.71647272,20.49960967
-13.37704355,-18.68696759,20.44764293
-13.24353604,-18.65738839,20.39501386
-13.1100934,-18.62774137,20.3417212
-12.97675254,-18.59803282,20.28776373
-12.84355059,-18.56826905,20.23314029
-12.71052488,-18.5384564,20.17784978
-12.57771292,-18.50860121,20.12189116
-12.44515237,-18.47870987,20.06526345
-12.31288107,-18.44878876,20.00796572
-12.18093693,-18.41884427,19.94999711
-12.04935801,-18.38888281,19.89135681
-11.91818242,-18.35891078,19.83204408
-11.78744833,-18.32893459,19.77205823
-11.65719398,-18.29896062,19.71139865
-11.52745759,-18.26899526,19.65006478
-11.3982774,-18.2390449,19.58805611
-11.26969162,-18.20911588,19.52537223
-11.14173841,-18.17921455,19.46201277
-11.01445586,-18.14934721,19.39797743
-10.88788199,-18.11952016,19.33326598
-10.76205469,-18.08973965,19.26787826
-10.63701172,-18.0600119,19.20181418
-10.51279069,-18.03034309,19.13507371
-10.38942903,-18.00073937,19.06765693
-10.26696397,-17.97120682,18.99956395
-10.14543253,-17.9417515,18.93079497
-10.02487148,-17.91237939,18.8613503
-9.905317334,-17.88309643,18.79123027
-9.786806311,-17.85390851,18.72043535
-9.66937433,-17.82482143,18.64896605
-9.553056985,-17.79584095,18.57682299
-9.437889517,-17.76697274,18.50400687
-9.3239068,-17.73822241,18.43051848
-9.211143317,-17.7095955,18.3563587
-9.099633138,-17.68109744,18.28152851
-8.989409905,-17.65273361,18.20602897
-8.880506805,-17.62450928,18.12986125
-8.772956553,-17.59642966,18.05302664
-8.666791375,-17.56849985,17.97552649
-8.562042983,-17.54072484,17.89736229
-8.458742558,-17.51310955,17.81853563
-8.356920735,-17.48565879,17.7390482
-8.256607576,-17.45837725,17.65890183
-8.15783256,-17.43126953,17.57809844
-8.06062456,-17.40434012,17.49664008
-7.965011826,-17.37759339,17.41452894
-7.871021971,-17.35103361,17.33176729
-7.778681948,-17.32466491,17.24835758
-7.688018041,-17.29849132,17.16430237
-7.599055841,-17.27251674,17.07960433
-7.511820237,-17.24674494,16.99426632
-7.426335398,-17.22117957,16.90829129
-7.342624756,-17.19582415,16.82168236
-7.260710996,-17.17068206,16.7344428
-7.180616039,-17.14575655,16.64657602
-7.102361029,-17.12105075,16.55808558
-7.025966323,-17.09656763,16.4689752
-6.951451474,-17.07231003,16.37924877
-6.878835222,-17.04828065,16.28891033
-6.808135481,-17.02448203,16.19796409
-6.739369331,-17.00091659,16.10641442
-6.672553005,-16.97758659,16.01426587
-6.607701879,-16.95449414,15.92152317
-6.544830465,-16.93164121,15.82819123
-6.483952401,-16.9090296,15.73427511
-6.425080442,-16.88666097,15.63978009
-6.368226454,-16.86453683,15.54471163
-6.313401408,-16.84265853,15.44907535
-6.260615371,-16.82102727,15.35287711
-6.209877501,-16.79964407,15.25612291
-6.161196042,-16.77850983,15.158819
-6.114578322,-16.75762526,15.0609718
-6.070030745,-16.73699093,14.96258793
-6.027558789,-16.71660723,14.86367422
-5.987167005,-16.69647442,14.76423773
-5.948859014,-16.67659257,14.66428568
-5.912637502,-16.6569616,14.56382556
-5.878504225,-16.63758127,14.46286502
-5.846460006,-16.61845119,14.36141196
-5.816504733,-16.59957079,14.25947449
-5.788637364,-16.58093935,14.15706092
-5.762855925,-16.56255599,14.0541798
-5.739157516,-16.54441965,13.9508399
-5.717538308,-16.52652915,13.84705019
-5.697993555,-16.50888311,13.74281991
-5.680517589,-16.49148001,13.63815847
-5.665103829,-16.47431818,13.53307554
-5.651744788,-16.45739577,13.427581
-5.640432075,-16.4407108,13.32168498
-5.631156402,-16.42426111,13.21539781
-5.623907594,-16.4080444,13.10873005
-5.618674592,-16.39205822,13.0016925
-5.615445466,-16.37629997,12.89429618
-5.61420742,-16.36076687,12.78655234
-5.614946803,-16.34545604,12.67847245
-5.617649117,-16.33036442,12.5700682
-5.622299029,-16.31548881,12.46135152
-5.628880384,-16.30082588,12.35233455
-5.63737621,-16.28637214,12.24302966
-5.647768737,-16.27212398,12.13344942
-5.660039404,-16.25807764,12.02360665
-5.674168875,-16.24422923,11.91351437
-5.690137052,-16.23057474,11.8031858
-5.707923089,-16.21711001,11.69263441
-5.727505404,-16.20383077,11.58187383
-5.748861697,-16.19073262,11.47091793
-5.771968964,-16.17781103,11.35978079
-5.796803511,-16.16506137,11.24847666
-5.823340974,-16.15247888,11.13702002
-5.851556332,-16.14005869,11.02542551
-5.881423926,-16.12779584,10.91370799
-5.912917474,-16.11568523,10.8018825
-5.946010091,-16.1037217,10.68996424
-5.980674306,-16.09189995,10.57796861
-6.016882081,-16.08021461,10.46591119
-6.054604828,-16.06866021,10.35380769
-6.093813429,-16.0572312,10.24167403
-6.134478258,-16.04592194,10.12952626
-6.176569194,-16.03472671,10.01738058
-6.220055647,-16.02363971,9.905253354
-6.264906575,-16.01265509,9.79316108
-6.311090507,-16.0017669,9.681120389
-6.358575558,-15.99096914,9.569148044
-6.407329455,-15.98025576,9.457260929
-6.457319557,-15.96962065,9.345476046
-6.508512874,-15.95905765,9.233810506
-6.560876089,-15.94856053,9.122281525
-6.614375581,-15.93812306,9.010906412
-6.668977443,-15.92773893,8.899702567
-6.724647508,-15.91740184,8.78868747
-6.781351367,-15.90710543,8.677878676
-6.839054392,-15.89684332,8.567293805
-6.897721757,-15.88660913,8.456950539
-6.957318461,-15.87639644,8.346866606
-7.017809351,-15.86619885,8.237059779
-7.079159139,-15.85600992,8.127547867
-7.141332429,-15.84582324,8.018348701
-7.204293735,-15.83563239,7.909480133
-7.268007506,-15.82543096,7.800960024
-7.332438143,-15.81521257,7.692806234
-7.397550027,-15.80497083,7.585036617
-7.463307534,-15.7946994,7.477669007
-7.52967506,-15.78439196,7.370721215
-7.596617042,-15.77404222,7.264211016
-7.664097977,-15.76364393,7.158156141
-7.732082445,-15.75319089,7.052574269
-7.800535128,-15.74267693,6.947483017
-7.869420834,-15.73209595,6.84289993
-7.938704512,-15.72144191,6.738842473
-8.008351276,-15.71070882,6.635328021
-8.078326424,-15.69989075,6.532373851
-8.148595454,-15.68898186,6.429997131
-8.219124092,-15.67797637,6.328214912
-8.289878301,-15.66686859,6.227044119
-8.360824306,-15.65565291,6.126501539
-8.431928611,-15.64432381,6.026603817
-8.503158016,-15.63287586,5.927367441
-8.574479636,-15.62130373,5.828808735
-8.645860918,-15.60960219,5.730943854
-8.717269658,-15.59776612,5.633788768
-8.788674018,-15.58579049,5.537359256
-8.860042542,-15.5736704,5.441670901
-8.931344172,-15.56140108,5.346739074
-9.002548264,-15.54897785,5.252578931
-9.073624603,-15.53639618,5.159205399
-9.144543415,-15.52365164,5.066633175
-9.215275387,-15.51073996,4.97487671
-9.285791676,-15.49765698,4.883950205
-9.356063923,-15.4843987,4.7938676
-9.42606427,-15.47096123,4.704642571
-9.495765365,-15.45734087,4.616288515
-9.565140382,-15.44353401,4.528818547
-9.634163027,-15.42953723,4.442245494
-9.702807551,-15.41534724,4.35658188
-9.771048762,-15.40096092,4.271839928
-9.838862031,-15.38637528,4.188031546
-9.906223307,-15.37158752,4.105168324
-9.973109121,-15.35659497,4.023261526
-10.0394966,-15.34139514,3.942322081
-10.10536346,-15.3259857,3.862360583
-10.17068805,-15.31036448,3.783387279
-10.2354493,-15.29452948,3.705412065
-10.2996268,-15.27847886,3.628444482
-10.36320074,-15.26221096,3.55249371
-10.42615195,-15.24572428,3.477568559
-10.4884619,-15.22901749,3.403677471
-10.5501127,-15.21208943,3.33082851
-10.61108712,-15.19493913,3.259029358
-10.67136857,-15.17756576,3.188287315
-10.7309411,-15.15996868,3.118609291
-10.78978943,-15.14214742,3.050001803
-10.84789894,-15.12410168,2.982470973
-10.90525567,-15.10583132,2.916022525
-10.96184629,-15.08733639,2.85066178
-11.01765818,-15.06861709,2.786393657
-11.07267933,-15.0496738,2.723222668
-11.12689842,-15.03050706,2.661152916
-11.18030478,-15.01111759,2.600188096
-11.23288839,-14.99150625,2.54033149
-11.28463988,-14.97167409,2.48158597
-11.33555055,-14.95162231,2.423953993
-11.38561234,-14.93135227,2.367437606
-11.43481782,-14.91086547,2.312038438
-11.48316022,-14.89016361,2.257757709
-11.53063339,-14.8692485,2.204596222
-11.57723184,-14.84812212,2.152554372
-11.62295067,-14.8267866,2.101632139
-11.66778561,-14.80524421,2.051829095
-11.71173304,-14.78349737,2.003144404
-11.75478989,-14.76154864,1.955576823
-11.79695374,-14.7394007,1.909124705
-11.83822274,-14.71705639,1.863786
-11.87859563,-14.69451866,1.81955826
-11.91807172,-14.67179059,1.776438642
-11.95665091,-14.64887541,1.734423908
-11.99433365,-14.62577642,1.693510434
-12.03112094,-14.60249709,1.653694207
-12.06701432,-14.57904096,1.614970837
-12.10201588,-14.55541171,1.577335555
-12.1361282,-14.53161309,1.54078322
-12.16935442,-14.50764899,1.505308324
-12.20169814,-14.48352337,1.470904998
-12.23316348,-14.45924028,1.437567016
-12.26375503,-14.43480388,1.405287802
-12.29347784,-14.41021839,1.374060434
-12.32233743,-14.38548812,1.343877652
-12.35033978,-14.36061744,1.314731864
-12.37749129,-14.33561082,1.286615151
-12.40379877,-14.31047277,1.259519277
-12.42926946,-14.28520786,1.233435693
-12.453911,-14.25982072,1.208355544
-12.47773141,-14.23431604,1.184269681
-12.50073908,-14.20869855,1.161168662
-12.52294278,-14.18297301,1.139042765
-12.54435159,-14.15714424,1.117881995
-12.56497497,-14.13121707,1.097676088
-12.58482268,-14.10519637,1.078414525
-12.60390479,-14.07908703,1.060086538
-12.62223167,-14.05289395,1.042681116
-12.63981397,-14.02662205,1.026187019
-12.65666263,-14.00027627,1.010592782
-12.67278882,-13.97386154,0.995886728
-12.68820398,-13.94738278,0.982056971
-12.70291975,-13.92084493,0.969091434
-12.71694803,-13.8942529,0.956977849
-12.7303009,-13.86761161,0.945703774
-12.74299063,-13.84092592,0.935256596
-12.75502968,-13.81420072,0.925623547
-12.76643068,-13.78744082,0.916791707
-12.77720642,-13.76065105,0.908748017
-12.7873698,-13.73383617,0.901479289
-12.79693389,-13.70700092,0.894972215
-12.80591186,-13.68014999,0.889213375
-12.81431699,-13.65328801,0.88418925
-12.82216264,-13.6264196,0.879886228
-12.82946226,-13.59954928,0.876290616
-12.83622938,-13.57268155,0.873388649
-12.84247757,-13.54582083,0.8711665
-12.84822047,-13.51897148,0.869610289
-12.85347174,-13.49213781,0.868706092
-12.85824506,-13.46532403,0.868439954
-12.86255413,-13.43853431,0.868797892
-12.86641265,-13.41177274,0.86976591
-12.86983434,-13.38504331,0.871330008
-12.87283286,-13.35834996,0.873476186
-12.87542187,-13.33169653,0.876190459
-12.87761498,-13.30508678,0.879458865
-12.87942578,-13.27852441,0.88326747
-12.88086776,-13.252013,0.887602381
-12.88195439,-13.22555605,0.892449753
-12.88269905,-13.19915698,0.897795799
-12.88311503,-13.17281912,0.903626796
-12.88321553,-13.1465457,0.909929095
-12.88301368,-13.12033987,0.916689127
-12.88252248,-13.09420466,0.923893417
-12.88175483,-13.06814304,0.931528583
-12.88072349,-13.04215787,0.939581351
-12.87944112,-13.01625191,0.948038561
-12.87792024,-12.99042782,0.956887169
-12.87617323,-12.9646882,0.966114261
-12.87421232,-12.93903551,0.975707058
-12.87204961,-12.91347215,0.985652921
-12.86969701,-12.88800041,0.995939358
-12.86716631,-12.8626225,1.006554033
-12.86446911,-12.83734052,1.017484767
-12.86161684,-12.8121565,1.028719551
-12.85862077,-12.78707235,1.040246546
-12.85549198,-12.76208993,1.052054089
-12.85224139,-12.73721099,1.064130704
-12.84887971,-12.71243719,1.076465099
-12.84541748,-12.68777012,1.089046177
-12.84186503,-12.66321129,1.101863037
-12.83823253,-12.6387621,1.114904982
-12.83452993,-12.61442392,1.128161519
-12.83076699,-12.59019801,1.141622366
-12.82695327,-12.56608556,1.155277456
-12.82309814,-12.54208769,1.169116937
-12.81921076,-12.51820547,1.183131181
-12.81530009,-12.49443988,1.19731078
-12.81137488,-12.47079186,1.211646554
-12.80744369,-12.44726226,1.226129554
-12.80351487,-12.42385189,1.240751059
-12.79959657,-12.40056152,1.255502585
-12.79569674,-12.37739184,1.270375881
-12.79182311,-12.35434352,1.285362933
-12.78798324,-12.33141715,1.300455967
-12.78418446,-12.30861332,1.315647449
-12.7804339,-12.28593254,1.330930083
-12.77673852,-12.26337533,1.346296817
-12.77310506,-12.24094213,1.361740839
-12.76954007,-12.21863339,1.37725558
-12.76604989,-12.19644951,1.392834715
-12.7626407,-12.17439089,1.408472157
-12.75931847,-12.1524579,1.424162065
-12.75608899,-12.13065089,1.439898836
-12.75295785,-12.10897022,1.45567711
-12.74993048,-12.08741622,1.471491764
-12.74701211,-12.06598922,1.487337916
-12.7442078,-12.04468957,1.503210918
-12.74152245,-12.0235176,1.51910636
-12.73896077,-12.00247365,1.535020064
-12.7365273,-11.98155808,1.550948085
-12.73422643,-11.96077127,1.566886707
-12.73206238,-11.94011358,1.582832441
-12.73003921,-11.91958544,1.598782025
-12.72816082,-11.89918725,1.614732416
-12.72643098,-11.87891949,1.630680794
-12.72485329,-11.85878263,1.646624555
-12.72343121,-11.83877719,1.662561308
-12.72216807,-11.81890372,1.678488872
-12.72106704,-11.79916279,1.694405276
-12.72013118,-11.77955505,1.71030875
-12.71936341,-11.76008117,1.726197727
-12.71876652,-11.74074186,1.742070835
-12.71834318,-11.72153788,1.757926894
-12.71809595,-11.70247005,1.773764916
-12.71802725,-11.68353925,1.789584096
-12.71813942,-11.66474639,1.805383809
-12.71843466,-11.64609245,1.82116361
-12.7189151,-11.62757847,1.836923225
-12.71958273,-11.60920555,1.852662546
-12.72043947,-11.59097485,1.868381633
-12.72148714,-11.5728876,1.884080702
-12.72272746,-11.55494507,1.899760127
-12.72416208,-11.53714863,1.91542043
-12.72579255,-11.51949969,1.931062279
-12.72762034,-11.50199975,1.946686485
-12.72964685,-11.48465035,1.962293995
-12.73187341,-11.46745312,1.977885886
-12.73430126,-11.45040976,1.993463364
-12.73693158,-11.43352203,2.009027756
-12.7397655,-11.41679177,2.024580509
-12.74280406,-11.40022088,2.040123181
-12.74604826,-11.38381133,2.055657438
-12.74949903,-11.36756517,2.071185051
-12.75315725,-11.3514845,2.086707889
-12.75702376,-11.33557151,2.102227915
-12.76109932,-11.31982846,2.117747181
-12.76538467,-11.30425764,2.133267825
-12.76988048,-11.28886145,2.148792064
-12.77458741,-11.27364233,2.164322191
-12.77950603,-11.25860279,2.17986057
-12.78463692,-11.24374541,2.195409632
-12.78998058,-11.22907281,2.210971869
-12.79553749,-11.21458768,2.226549833
-12.80130811,-11.20029278,2.242146127
-12.80729284,-11.18619091,2.257763404
-12.81349206,-11.17228493,2.273404363
-12.81990611,-11.15857774,2.289071743
-12.82653531,-11.14507229,2.30476832
-12.83337994,-11.1317716,2.320496902
-12.84044026,-11.11867871,2.336260328
-12.84771651,-11.10579671,2.352061461
-12.85520887,-11.09312872,2.367903186
-12.86291752,-11.0806779,2.383788405
-12.87084261,-11.06844745,2.399720034
-12.87898427,-11.0564406,2.415701003
-12.88734258,-11.0446606,2.431734247
-12.89591763,-11.03311072,2.447822705
-12.90470944,-11.02179425,2.463969319
-12.91371805,-11.01071452,2.480177029
-12.92294344,-10.99987485,2.496448768
-12.9323856,-10.98927858,2.512787465
-12.94204444,-10.97892906,2.529196036
-12.95191991,-10.96882963,2.545677385
-12.96201188,-10.95898365,2.562234402
-12.97232022,-10.94939447,2.578869957
-12.98284476,-10.94006542,2.595586901
-12.99358532,-10.93099984,2.612388064
-13.00454168,-10.92220104,2.629276249
-13.01571358,-10.91367234,2.646254237
-13.02710076,-10.905417,2.663324776
-13.03870289,-10.89743829,2.680490589
-13.05051965,-10.88973944,2.697754364
-13.06255065,-10.88232365,2.715118759
-13.0747955,-10.87519408,2.732586395
-13.08725376,-10.86835385,2.750159859
-13.09992496,-10.86180606,2.767841702
-13.11280858,-10.85555375,2.785634435
-13.12590409,-10.8495999,2.803540534
-13.13921091,-10.84394747,2.82156243
-13.15272841,-10.83859934,2.839702519
-13.16645595,-10.83355835,2.857963151
-13.18039282,-10.82882726,2.87634664
-13.19453828,-10.82440878,2.894855251
-13.20889156,-10.82030556,2.913491213
-13.22345183,-10.81652016,2.932256709
-13.23821824,-10.8130551,2.951153878
-13.25318986,-10.8099128,2.970184818
-13.26836576,-10.80709561,2.989351584
-13.28374492,-10.8046058,3.008656186
-13.2993263,-10.80244556,3.028100593
-13.31510881,-10.800617,3.04768673
-13.3310913,-10.79912214,3.06741648
-13.3472726,-10.79796291,3.087291684
-13.36365145,-10.79714116,3.107314142
-13.38022658,-10.79665864,3.127485612
-13.39699664,-10.796517,3.147807812
-13.41396024,-10.79671782,3.16828242
-13.43111595,-10.79726255,3.188911073
-13.44846228,-10.79815258,3.209695373
-13.46599769,-10.79938917,3.230636882
-13.48372058,-10.80097349,3.251737126
-13.50162931,-10.80290663,3.272997593
-13.51972218,-10.80518954,3.294419739
-13.53799745,-10.80782311,3.316004984
-13.55645332,-10.8108081,3.337754715
-13.57508794,-10.81414517,3.359670288
-13.59389941,-10.81783489,3.381753028
-13.61288578,-10.82187771,3.404004229
-13.63204505,-10.826274,3.426425156
-13.65137517,-10.831024,3.449017049
-13.67087404,-10.83612787,3.471781119
-13.69053951,-10.84158565,3.494718553
-13.71036939,-10.8473973,3.517830512
-13.73036144,-10.85356266,3.541118138
-13.75051337,-10.86008147,3.564582547
-13.77082285,-10.86695339,3.588224838
-13.79128751,-10.87417795,3.612046088
-13.81190492,-10.88175462,3.636047358
-13.83267262,-10.88968274,3.660229691
-13.85358813,-10.89796157,3.684594115
-13.8746489,-10.90659029,3.709141642
-13.89585236,-10.91556796,3.733873272
-13.9171959,-10.92489356,3.758789993
-13.93867688,-10.93456601,3.783892782
-13.96029262,-10.94458409,3.809182603
-13.98204042,-10.95494654,3.834660416
-14.00391754,-10.96565199,3.860327169
-14.02592123,-10.97669901,3.886183804
-14.04804869,-10.98808606,3.91223126
-14.07029713,-10.99981157,3.938470468
-14.09266373,-11.01187384,3.964902355
-14.11514562,-11.02427115,3.991527847
-14.13773996,-11.03700166,4.018347865
-14.16044386,-11.05006351,4.045363332
-14.18325445,-11.06345474,4.072575167
-14.20616883,-11.07717334,4.099984291
-14.22918411,-11.09121724,4.127591624
-14.25229736,-11.10558431,4.15539809
-14.2755057,-11.12027235,4.183404612
-14.29880622,-11.13527914,4.211612117
-14.32219602,-11.15060239,4.240021534
-14.3456722,-11.16623975,4.268633797
-14.36923187,-11.18218884,4.297449842
-14.39287217,-11.19844723,4.326470609
-14.41659024,-11.21501247,4.355697043
-14.44038324,-11.23188203,4.385130094
-14.46424834,-11.24905339,4.414770714
-14.48818274,-11.26652397,4.444619863
-14.51218367,-11.28429117,4.474678504
-14.53624839,-11.30235234,4.504947604
-14.56037417,-11.32070485,4.535428137
-14.58455834,-11.33934599,4.566121078
-14.60879824,-11.35827308,4.59702741
-14.63309128,-11.37748338,4.628148118
-14.65743487,-11.39697416,4.65948419
-14.68182651,-11.41674268,4.691036619
-14.70626371,-11.43678615,4.722806401
-14.73074404,-11.45710181,4.754794532
-14.75526513,-11.47768686,4.787002012
-14.77982465,-11.49853853,4.819429843
-14.80442033,-11.51965401,4.852079025
-14.82904998,-11.5410305,4.884950559
-14.85371144,-11.56266521,4.918045447
-14.87840262,-11.58455533,4.951364686
-14.90312151,-11.60669806,4.984909274
-14.92786615,-11.6290906,5.018680201
-14.95263467,-11.65173017,5.052678457
-14.97742525,-11.67461399,5.086905024
-15.00223616,-11.69773926,5.121360877
-15.02706573,-11.72110322,5.156046986
-15.05191237,-11.74470311,5.190964309
-15.07677459,-11.76853618,5.226113795
-15.10165095,-11.79259968,5.261496382
-15.1265401,-11.81689089,5.297112996
-15.1514408,-11.84140708,5.332964546
-15.17635185,-11.86614556,5.369051929
-15.20127217,-11.89110362,5.405376022
-15.22620076,-11.9162786,5.441937687
-15.25113668,-11.94166782,5.478737763
-15.27607912,-11.96726864,5.51577707
-15.30102734,-11.99307843,5.553056403
-15.32598068,-12.01909455,5.590576533
-15.35093858,-12.0453144,5.628338206
-15.37590058,-12.07173539,5.666342139
-15.40086629,-12.09835494,5.70458902
-15.42583544,-12.12517048,5.743079505
-15.45080783,-12.15217946,5.781814218
-15.47578336,-12.17937934,5.820793747
-15.50076201,-12.2067676,5.860018644
-15.52574387,-12.23434172,5.899489425
-15.5507291,-12.26209919,5.939206562
-15.57571798,-12.29003753,5.979170487
-15.60071084,-12.31815425,6.01938159
-15.62570814,-12.34644688,6.059840213
-15.65071041,-12.37491296,6.100546652
-15.67571825,-12.40355003,6.141501152
-15.70073238,-12.43235564,6.182703911
-15.72575358,-12.46132735,6.22415507
-15.75078273,-12.49046271,6.265854717
-15.77582077,-12.51975931,6.307802883
-15.80086876,-12.5492147,6.349999543
-15.82592779,-12.57882645,6.39244461
-15.85099907,-12.60859215,6.435137934
-15.87608387,-12.63850936,6.478079303
-15.90118352,-12.66857565,6.52126844
-15.92629945,-12.6987886,6.564704999
-15.95143313,-12.72914577,6.608388567
-15.97658612,-12.75964472,6.652318659
-16.00176004,-12.79028302,6.696494718
-16.02695657,-12.8210582,6.740916114
-16.05217744,-12.85196783,6.78558214
-16.07742445,-12.88300944,6.830492012
-16.10269945,-12.91418054,6.875644869
-16.12800435,-12.94547867,6.921039766
-16.1533411,-12.97690132,6.96667568
-16.1787117,-13.00844599,7.012551503
-16.20411819,-13.04011017,7.058666042
-16.22956265,-13.07189132,7.105018018
-16.2550472,-13.10378689,7.151606065
-16.28057398,-13.13579434,7.198428728
-16.30614519,-13.16791107,7.245484462
-16.33176303,-13.20013451,7.292771631
-16.35742973,-13.23246204,7.340288506
-16.38314754,-13.26489104,7.388033265
-16.40891874,-13.29741886,7.436003991
-16.43474559,-13.33004284,7.484198672
-16.4606304,-13.36276032,7.532615199
-16.48657546,-13.39556858,7.581251367
-16.51258306,-13.42846492,7.630104871
-16.53865551,-13.46144661,7.679173307
-16.56479509,-13.49451088,7.728454173
-16.59100408,-13.52765497,7.777944866
-16.61728477,-13.56087609,7.827642683
-16.64363939,-13.59417144,7.877544817
-16.67007019,-13.62753819,7.927648362
-16.69657937,-13.6609735,7.977950309
-16.72316912,-13.69447451,8.028447546
-16.74984158,-13.72803835,8.079136859
-16.77659888,-13.76166212,8.130014932
-16.80344309,-13.79534291,8.181078345
-16.83037625,-13.82907782,8.232323575
-16.85740035,-13.86286391,8.283746998
-16.88451734,-13.89669822,8.335344886
-16.91172911,-13.93057781,8.387113409
-16.93903748,-13.9644997,8.439048635
-16.96644424,-13.99846092,8.491146531
-16.9939511,-14.03245848,8.543402963
-17.0215597,-14.06648939,8.595813696
-17.04927164,-14.10055065,8.648374395
-17.0770884,-14.13463925,8.701080627
-17.10501143,-14.16875219,8.753927861
-17.13304208,-14.20288647,8.806911466
-17.16118162,-14.23703908,8.860026719
-17.18943124,-14.27120701,8.913268798
-17.21779205,-14.30538726,8.96663279
-17.24626506,-14.33957683,9.020113687
-17.2748512,-14.37377274,9.073706391
-17.30355129,-14.407972,9.127405713
-17.33236607,-14.44217165,9.181206378
-17.36129618,-14.47636871,9.235103022
-17.39034214,-14.51056026,9.289090196
-17.4195044,-14.54474335,9.34316237
-17.44878328,-14.57891508,9.397313931
-17.47817901,-14.61307256,9.451539187
-17.5076917,-14.64721292,9.505832369
-17.53732136,-14.6813333,9.560187633
-17.56706789,-14.7154309,9.614599062
-17.59693107,-14.74950291,9.66906067
-17.62691058,-14.78354657,9.7235664
-17.65700597,-14.81755915,9.778110134
-17.6872167,-14.85153794,9.832685687
-17.71754208,-14.88548029,9.887286816
-17.74798135,-14.91938356,9.94190722
-17.77853359,-14.95324516,9.996540545
-17.80919779,-14.98706254,10.05118038
-17.83997283,-15.02083319,10.10582028
-17.87085744,-15.05455465,10.16045374
-17.90185027,-15.0882245,10.21507421
-17.93294983,-15.12184036,10.26967512
-17.96415454,-15.15539992,10.32424984
-17.99546267,-15.18890089,10.37879173
-18.02687242,-15.22234106,10.43329412
-18.05838183,-15.25571824,10.4877503
-18.08998886,-15.28903034,10.54215354
-18.12169136,-15.32227528,10.59649711
-18.15348705,-15.35545106,10.65077426
-18.18537356,-15.38855573,10.70497821
-18.21734841,-15.42158741,10.75910219
-18.249409,-15.45454426,10.81313945
-18.28155266,-15.48742452,10.86708319
-18.31377658,-15.52022647,10.92092667
-18.34607789,-15.55294847,10.97466313
-18.3784536,-15.58558894,11.02828584
-18.41090062,-15.61814634,11.08178806
-18.4434158,-15.65061923,11.13516311
-18.47599586,-15.68300621,11.18840432
-18.50863747,-15.71530594,11.24150505
-18.5413372,-15.74751716,11.29445871
-18.57409155,-15.77963866,11.34725873
-18.60689692,-15.81166929,11.3998986
-18.63974967,-15.84360799,11.45237187
-18.67264606,-15.87545372,11.50467212
-18.7055823,-15.90720555,11.556793
-18.73855453,-15.93886258,11.60872824
-18.77155884,-15.97042397,11.66047162
-18.80459125,-16.00188897,11.712017
-18.83764774,-16.03325685,11.76335831
-18.87072422,-16.06452698,11.81448958
-18.90381659,-16.09569876,11.86540491
-18.93692068,-16.12677166,11.9160985
-18.9700323,-16.15774519,11.96656466
-19.00314721,-16.18861893,12.01679777
-19.03626117,-16.21939252,12.06679234
-19.06936989,-16.25006563,12.116543
-19.10246907,-16.28063799,12.16604447
-19.1355544,-16.3111094,12.2152916
-19.16862154,-16.34147967,12.26427937
-19.20166617,-16.37174868,12.31300289
-19.23468394,-16.40191635,12.3614574
-19.26767053,-16.43198264,12.40963828
-19.3006216,-16.46194755,12.45754105
-19.33353284,-16.49181111,12.50516138
-19.36639994,-16.52157341,12.55249509
-19.39921863,-16.55123455,12.59953816
-19.43198464,-16.58079468,12.64628672
-19.46469374,-16.61025396,12.69273707
-19.49734173,-16.6396126,12.73888569
-19.52992445,-16.66887082,12.78472922
-19.56243777,-16.69802887,12.83026447
-19.59487763,-16.72708703,12.87548844
-19.62724,-16.75604557,12.92039831
-19.65952089,-16.78490482,12.96499146
-19.69171641,-16.81366509,13.00926543
-19.72382268,-16.84232672,13.05321799
-19.75583592,-16.87089005,13.09684708
-19.78775241,-16.89935544,13.14015086
-19.81956849,-16.92772324,13.18312767
-19.85128061,-16.95599382,13.22577609
-19.88288527,-16.98416755,13.26809487
-19.91437905,-17.01224478,13.31008301
-19.94575863,-17.04022588,13.3517397
-19.97702079,-17.0681112,13.39306435
-20.00816237,-17.09590111,13.43405659
-20.03918035,-17.12359593,13.47471629
-20.07007176,-17.15119601,13.51504351
-20.10083377,-17.17870166,13.55503856
-20.13146364,-17.20611319,13.59470196
-20.16195873,-17.23343089,13.63403447
-20.19231652,-17.26065503,13.67303707
-20.22253458,-17.28778586,13.71171098
-20.25261062,-17.31482363,13.75005764
-20.28254245,-17.34176855,13.78807873
-20.312328,-17.3686208,13.82577615
-20.34196531,-17.39538055,13.86315204
-20.37145254,-17.42204794,13.90020879
-20.40078798,-17.44862309,13.93694898
-20.42997003,-17.47510608,13.97337546
-20.45899722,-17.50149698,14.0094913
-20.4878682,-17.52779581,14.04529978
-20.51658173,-17.55400257,14.08080445
-20.54513671,-17.58011724,14.11600906
-20.57353217,-17.60613976,14.15091759
-20.60176722,-17.63207004,14.18553424
-20.62984115,-17.65790797,14.21986346
-20.65775332,-17.68365338,14.2539099
-20.68550325,-17.7093061,14.28767843
-20.71309056,-17.73486592,14.32117415
-20.74051499,-17.7603326,14.35440235
-20.76777641,-17.78570586,14.38736856
-20.79487478,-17.8109854,14.4200785
-20.8218102,-17.83617089,14.45253811
-20.84858288,-17.86126198,14.48475351
-20.87519313,-17.88625828,14.51673103
-20.90164137,-17.91115937,14.5484772
-20.92792814,-17.93596481,14.57999873
-20.95405405,-17.96067415,14.61130252
-20.98001984,-17.9852869,14.64239564
-21.00582635,-18.00980255,14.67328534
-21.03147449,-18.03422056,14.70397905
-21.05696527,-18.0585404,14.73448436
-21.08229979,-18.08276149,14.764809
-21.10747924,-18.10688326,14.79496088
-21.13250488,-18.1309051,14.82494804
-21.15737803,-18.15482641,14.85477867
-21.18210011,-18.17864656,14.88446108
-21.2066726,-18.20236492,14.91400373
-21.23109701,-18.22598087,14.94341519
-21.25537495,-18.24949375,14.97270413
-21.27950805,-18.27290292,15.00187935
-21.30349801,-18.29620774,15.03094973
-21.32734654,-18.31940755,15.05992426
-21.35105543,-18.34250172,15.08881199
-21.37462647,-18.3654896,15.11762206
-21.39806147,-18.38837057,15.14636368
-21.42136228,-18.41114401,15.17504611
-21.44453075,-18.43380931,15.20367867
-21.46756875,-18.45636586,15.23227071
-21.49047813,-18.4788131,15.26083162
-21.51326076,-18.50115046,15.28937082
-21.53591848,-18.52337739,15.31789773
-21.55845312,-18.54549339,15.34642179
-21.58086648,-18.56749795,15.37495244
-21.60316035,-18.5893906,15.40349907
-21.62533646,-18.61117091,15.4320711
-21.64739651,-18.63283847,15.46067788
-21.66934214,-18.65439289,15.48932874
-21.69117494,-18.67583383,15.51803293
-21.71289643,-18.69716098,15.54679968
-21.73450808,-18.71837407,15.5756381
-21.75601126,-18.73947286,15.60455726
-21.77740726,-18.76045717,15.63356612
-21.79869729,-18.78132682,15.66267352
-21.81988246,-18.80208173,15.69188823
-21.84096377,-18.82272181,15.72121885
-21.86194212,-18.84324704,15.75067389
-21.88281828,-18.86365745,15.78026168
-21.90359291,-18.8839531,15.80999042
-21.92426652,-18.9041341,15.83986814
-21.94483951,-18.92420062,15.86990269
-21.96531212,-18.94415287,15.90010175
-21.98568444,-18.9639911,15.9304728
-22.00595641,-18.9837156,15.96102309
-22.02612781,-19.00332675,15.9917597
-22.04619824,-19.02282492,16.02268946
-22.06616715,-19.04221056,16.05381896
-22.08603377,-19.06148416,16.08515456
-22.10579719,-19.08064625,16.11670237
-22.12545629,-19.09969741,16.14846821
-22.14500973,-19.11863826,16.18045766
-22.16445601,-19.13746945,16.212676
-22.1837934,-19.1561917,16.24512822
-22.20301995,-19.17480573,16.277819
-22.22213352,-19.19331231,16.31075274
-22.24113172,-19.21171227,16.34393349
-22.26001196,-19.23000642,16.37736499
-22.27877139,-19.24819565,16.41105063
-22.29740696,-19.26628085,16.44499349
-22.31591536,-19.28426293,16.47919625
-22.33429303,-19.30214283,16.51366128
-22.3525362,-19.31992151,16.54839055
-22.37064082,-19.33759994,16.58338567
-22.3886026,-19.3551791,16.61864786
-22.40641699,-19.37265998,16.65417797
-22.4240792,-19.39004356,16.68997642
-22.44158417,-19.40733083,16.72604328
-22.45892657,-19.42452279,16.76237817
-22.47610082,-19.4416204,16.79898032
-22.49310107,-19.45862462,16.83584854
-22.50992122,-19.47553639,16.8729812
-22.52655488,-19.49235663,16.91037628
-22.54299542,-19.50908623,16.94803128
-22.55923591,-19.52572605,16.9859433
-22.57526919,-19.5422769,17.02410899
-22.5910878,-19.55873954,17.06252455
-22.60668403,-19.57511471,17.10118573
-22.6220499,-19.59140308,17.14008786
-22.63717718,-19.60760524,17.17922578
-22.65205735,-19.62372173,17.21859389
-22.66668164,-19.63975304,17.25818614
-22.68104102,-19.65569954,17.29799602
-22.69512621,-19.67156153,17.33801657
-22.70892765,-19.68733925,17.37824034
-22.72243557,-19.7030328,17.41865946
-22.7356399,-19.7186422,17.45926558
-22.74853035,-19.73416736,17.5000499
-22.7610964,-19.74960808,17.54100315
-22.77332726,-19.76496403,17.58211561
-22.78521192,-19.78023476,17.62337711
-22.79673914,-19.79541968,17.66477703
-22.80789746,-19.81051807,17.70630428
-22.81867519,-19.82552906,17.74794736
-22.82906042,-19.84045163,17.78969428
-22.83904104,-19.8552846,17.83153265
-22.84860474,-19.87002663,17.87344962
-22.857739,-19.88467622,17.91543192
-22.86643112,-19.89923168,17.95746584
-22.8746682,-19.91369114,17.99953727
-22.88243717,-19.92805257,18.04163165
-22.88972479,-19.94231372,18.08373405
-22.89651766,-19.95647214,18.12582911
-22.90280221,-19.97052522,18.16790109
-22.90856474,-19.9844701,18.20993383
-22.9137914,-19.99830372,18.25191082
-22.91846821,-20.01202281,18.29381517
-22.92258105,-20.02562388,18.33562961
-22.92611572,-20.03910321,18.37733651
-22.92905789,-20.05245685,18.41891793
-22.93139313,-20.06568063,18.46035553
-22.93310694,-20.07877011,18.5016307
-22.93418472,-20.09172065,18.54272447
-22.93461182,-20.10452734,18.58361757
-22.93437352,-20.11718502,18.62429045
-22.93345507,-20.1296883,18.66472324
-22.93184165,-20.14203153,18.70489582
-22.92951843,-20.1542088,18.7447878
-22.92647056,-20.16621393,18.78437852
-22.92268319,-20.17804052,18.82364711
-22.91814146,-20.18968188,18.86257244
-22.91283053,-20.20113105,18.90113318
-22.90673557,-20.21238085,18.93930779
-22.8998418,-20.22342378,18.97707456
-22.89213449,-20.23425214,19.01441156
-22.88359896,-20.24485791,19.05129675
-22.87422059,-20.25523284,19.08770791
-22.86398484,-20.26536841,19.12362267
-22.85287727,-20.27525584,19.15901859
-22.84088353,-20.28488609,19.19387306
-22.8279894,-20.29424985,19.22816344
-22.81418075,-20.30333758,19.26186696
-22.79944362,-20.31213947,19.29496081
-22.78376418,-20.32064545,19.32742215
-22.76712874,-20.32884522,19.35922807
-22.7495238,-20.33672822,19.39035567
-22.73093603,-20.34428366,19.42078204
