forceX,forceY,forceZ,torqueX,torqueY,torqueZ	
-75.7485122680664,-269.470367431641,27.4216003417969,0.948333561420441,0.604458928108215,-0.324571907520294,	
-75.896728515625,-269.738952636719,26.2866592407227,0.913227498531342,0.582497835159302,-0.321948289871216,	
-75.8883666992188,-269.558197021484,26.6311645507813,0.913431704044342,0.624483466148376,-0.327211320400238,	
-76.0451965332031,-269.657836914063,27.1599731445313,0.934808969497681,0.604243099689484,-0.318947434425354,	
-75.7526092529297,-269.831481933594,26.759147644043,0.920720934867859,0.611985325813293,-0.332853496074677,	
-75.8961181640625,-269.568023681641,26.7733459472656,0.906133234500885,0.620614349842072,-0.316125333309174,	
-75.9632339477539,-269.515045166016,27.359375,0.948732197284698,0.612701237201691,-0.316213190555573,	
-75.814094543457,-269.863647460938,27.4667205810547,0.898369014263153,0.633116602897644,-0.332819104194641,	
-75.8903503417969,-269.822631835938,27.0505447387695,0.927225291728973,0.575147390365601,-0.316476464271545,	
-75.8197937011719,-269.777252197266,26.9597549438477,0.956226766109467,0.600052058696747,-0.335713744163513,	
-76.1962890625,-269.393493652344,27.5276184082031,0.941175997257233,0.591948807239532,-0.324492037296295,	
-75.9728317260742,-269.518615722656,26.5424957275391,0.928017616271973,0.591259598731995,-0.321790993213654,	
-76.1861572265625,-269.731506347656,26.3183670043945,0.899063587188721,0.607471823692322,-0.321800827980042,	
-75.9670944213867,-269.870727539063,26.6489105224609,0.899117410182953,0.608391642570496,-0.302306473255157,	
-76.2563400268555,-269.606628417969,27.8638534545898,0.87682569026947,0.604296624660492,-0.319072544574738,	
-75.9745559692383,-269.786376953125,28.3491516113281,0.927031517028809,0.608938992023468,-0.327260315418243,	
-76.190788269043,-269.477844238281,27.0327529907227,0.913094818592072,0.600044190883636,-0.321725964546204,	
-76.1926345825195,-269.390289306641,26.7296142578125,0.920521140098572,0.637112379074097,-0.318664133548737,	
-75.6540222167969,-269.691925048828,27.1606521606445,0.905811727046967,0.604173898696899,-0.307669281959534,	
-75.7397079467773,-269.998931884766,26.1786193847656,0.906501889228821,0.620381474494934,-0.304859280586243,	
-75.6610260009766,-269.695556640625,27.3651733398438,0.934422314167023,0.579212188720703,-0.313538432121277,	
-75.8196640014648,-269.695434570313,27.4609985351563,0.934413969516754,0.596281051635742,-0.310726165771484,	
-75.7547454833984,-269.835083007813,26.4724273681641,0.93471497297287,0.587269484996796,-0.313635170459747,	
-76.199462890625,-269.745788574219,27.8493499755859,0.912987232208252,0.608608305454254,-0.316116631031036,	
-75.8265686035156,-270.043975830078,27.6855545043945,0.955680787563324,0.575431346893311,-0.336011290550232,	
-76.2632141113281,-269.342590332031,27.6155014038086,0.919960677623749,0.604588985443115,-0.316256880760193,	
-76.2009201049805,-269.662322998047,27.5499038696289,0.927285134792328,0.592154145240784,-0.319005906581879,	
-76.037727355957,-269.389373779297,26.6208267211914,0.91343492269516,0.624767959117889,-0.310407698154449,	
-76.2768249511719,-269.442352294922,26.6531372070313,0.927523612976074,0.60818475484848,-0.316018521785736,	
-76.1851501464844,-269.56298828125,26.1542816162109,0.898922502994537,0.573888301849365,-0.324618399143219,	
-76.2728729248047,-269.703430175781,27.7618408203125,0.920459866523743,0.621480524539948,-0.302181363105774,	
-75.58544921875,-269.828338623047,26.8740692138672,0.941649317741394,0.625144302845001,-0.318753719329834,	
-75.8849334716797,-269.734741210938,27.4301681518555,0.920103192329407,0.604977190494537,-0.296618223190308,	
-75.8884124755859,-269.649993896484,26.4506378173828,0.913116455078125,0.59967052936554,-0.310564160346985,	
-76.030891418457,-269.476745605469,26.1193618774414,0.934764504432678,0.595235109329224,-0.313447237014771,	
-75.6646499633789,-270.126770019531,26.5674209594727,0.927251040935516,0.599605083465576,-0.313497424125671,	
-76.1977615356445,-269.742492675781,27.756706237793,0.941355228424072,0.583598673343658,-0.319086849689484,	
-76.2685623168945,-269.874603271484,27.7395935058594,0.884046792984009,0.558573544025421,-0.308004081249237,	
-76.3396759033203,-269.569702148438,28.4212112426758,0.933996498584747,0.588649094104767,-0.316280841827393,	
-76.3635025024414,-269.401092529297,27.5370101928711,0.905794739723206,0.596030831336975,-0.319153606891632,	
-75.8230514526367,-269.352172851563,27.2328948974609,0.912753701210022,0.591535270214081,-0.313415706157684,	
-76.4755477905273,-269.819427490234,26.7558212280273,0.913227140903473,0.62473076581955,-0.307677149772644,	
-76.2584762573242,-269.777221679688,27.9619140625,0.926758646965027,0.609252691268921,-0.302160680294037,	
-76.1957702636719,-269.3984375,26.6477127075195,0.934846699237823,0.595601141452789,-0.327504873275757,	
-75.9682464599609,-269.864074707031,25.6476058959961,0.913738191127777,0.615944445133209,-0.30218893289566,	
-76.0387268066406,-269.393920898438,26.3256607055664,0.906402111053467,0.6118283867836,-0.304900109767914,	
-76.0208740234375,-269.462432861328,26.7258758544922,0.913581430912018,0.616595327854156,-0.293705999851227,	
-76.3456802368164,-269.568786621094,26.4209060668945,0.935065925121307,0.612193584442139,-0.324551522731781,	
-76.0335998535156,-269.999633789063,27.0605545043945,0.934570729732513,0.604571759700775,-0.29379266500473,	
-75.8249664306641,-269.533538818359,27.2680816650391,0.941537737846375,0.566643893718719,-0.319232761859894,	
-75.9699249267578,-269.960388183594,27.4451599121094,0.934380769729614,0.596410572528839,-0.302267611026764,	
-76.5570373535156,-269.264953613281,27.693244934082,0.934378087520599,0.59617418050766,-0.316233396530151,	
-76.4181976318359,-269.52978515625,26.4474411010742,0.899050056934357,0.608554363250732,-0.291065275669098,	
-76.5618591308594,-269.609619140625,27.2488479614258,0.891397893428802,0.603979825973511,-0.313467264175415,	
-76.570198059082,-269.610229492188,27.4599609375,0.949002683162689,0.621088266372681,-0.330085933208466,	
-75.9041442871094,-269.567504882813,27.7474212646484,0.94141811132431,0.591948509216309,-0.330229043960571,	
-76.1271057128906,-269.438598632813,26.917350769043,0.93438309431076,0.587709784507751,-0.313494563102722,	
-76.2058944702148,-269.397064208984,27.2107391357422,0.912926197052002,0.591509461402893,-0.319039285182953,	
-76.3435287475586,-269.486572265625,26.9477615356445,0.92733359336853,0.600023508071899,-0.324493587017059,	
-76.2666397094727,-269.529296875,27.2451629638672,0.927231013774872,0.600123107433319,-0.316145420074463,	
-76.2525939941406,-269.344879150391,26.8172760009766,0.934493482112885,0.570493221282959,-0.327492892742157,	
-76.1294708251953,-269.704620361328,28.3427810668945,0.962481200695038,0.580331206321716,-0.307949542999268,	
-76.2604522705078,-269.606201171875,26.4271926879883,0.935108065605164,0.603984713554382,-0.30756813287735,	
-76.4917373657227,-269.486663818359,27.743522644043,0.919829964637756,0.596353530883789,-0.296711385250092,	
-76.2631301879883,-269.352569580078,25.9362106323242,0.91323721408844,0.607801854610443,-0.302199482917786,	
-76.2619171142578,-269.875579833984,27.4666748046875,0.933958113193512,0.604612410068512,-0.310673296451569,	
-76.2778015136719,-269.619567871094,27.7525024414063,0.941361904144287,0.608618259429932,-0.316141724586487,	
-76.1150588989258,-269.784118652344,26.5525817871094,0.956065833568573,0.583289265632629,-0.316322505474091,	
-76.6504821777344,-269.578765869141,27.4278411865234,0.926770210266113,0.616918802261353,-0.318831503391266,	
-76.2034301757813,-269.229370117188,27.2309341430664,0.927340686321259,0.591747283935547,-0.310626864433289,	
-75.7350463867188,-269.828887939453,27.370979309082,0.934168040752411,0.604837834835052,-0.302275955677032,	
-76.3999557495117,-269.519775390625,26.2361679077148,0.942062258720398,0.607949316501617,-0.304792821407318,	
-76.1940765380859,-269.4794921875,26.8246917724609,0.920376121997833,0.62097430229187,-0.296413719654083,	
-75.8896560668945,-269.741271972656,26.5475692749023,0.905925393104553,0.587237417697906,-0.305087506771088,	
-76.2901306152344,-269.620574951172,27.6433639526367,0.941399872303009,0.608913362026215,-0.299506664276123,	
-76.2678985595703,-269.614868164063,27.8323440551758,0.934692203998566,0.596440136432648,-0.307894170284271,	
-76.7314376831055,-269.442077636719,27.219841003418,0.934492349624634,0.579285860061646,-0.310813903808594,	
-75.8812866210938,-269.558837890625,26.7376251220703,0.919920146465302,0.553680539131165,-0.305386364459991,	
-76.3513565063477,-269.133575439453,26.430290222168,0.948884308338165,0.587223172187805,-0.316289663314819,	
-76.577766418457,-269.535491943359,27.1335296630859,0.927347421646118,0.616762697696686,-0.307905316352844,	
-76.1996307373047,-269.483947753906,26.2135009765625,0.934695959091187,0.595305740833282,-0.30765825510025,	
-76.4306640625,-269.357299804688,27.8273544311523,0.955520689487457,0.592108726501465,-0.31902801990509,	
-76.1982116699219,-269.654479980469,27.2524185180664,0.898448646068573,0.625154614448547,-0.302038311958313,	
-76.1875686645508,-269.397033691406,26.820198059082,0.9418004155159,0.608458995819092,-0.302151143550873,	
-76.1920166015625,-269.740112304688,26.869743347168,0.927100360393524,0.625227391719818,-0.304907321929932,	
-76.2734603881836,-269.176452636719,27.6028671264648,0.9269660115242,0.567008674144745,-0.322000205516815,	
-76.1970367431641,-269.401397705078,27.1197280883789,0.912889242172241,0.600195169448853,-0.307867527008057,	
-76.6300277709961,-269.127532958984,26.6257476806641,0.913082897663116,0.590862810611725,-0.327298283576965,	
-76.3545227050781,-269.65283203125,27.136833190918,0.920006453990936,0.587767064571381,-0.305271923542023,	
-76.2603225708008,-269.611724853516,26.6236114501953,0.905989766120911,0.595731675624847,-0.307716131210327,	
-76.5717163085938,-269.609893798828,27.5446929931641,0.963104426860809,0.630093634128571,-0.299144387245178,	
-76.49169921875,-268.956695556641,26.3857574462891,0.920558154582977,0.603971481323242,-0.29939740896225,	
-76.5718002319336,-269.437652587891,26.919189453125,0.934701442718506,0.612807214260101,-0.313338160514832,	
-76.5737152099609,-269.266174316406,26.1154479980469,0.892123162746429,0.620250403881073,-0.307764291763306,	
-76.3313140869141,-269.387268066406,27.6112747192383,0.927225887775421,0.617476582527161,-0.296529471874237,	
-76.2648468017578,-269.267517089844,25.903938293457,0.920776426792145,0.620467603206635,-0.302119731903076,	
-76.3354873657227,-269.301208496094,27.0195541381836,0.905660390853882,0.587462723255157,-0.31924957036972,	
-76.4320831298828,-269.617492675781,27.6625061035156,0.948684513568878,0.604928076267242,-0.305049657821655,	
-76.3525161743164,-269.481414794922,27.92236328125,0.948425114154816,0.596737086772919,-0.313634932041168,	
-76.5672149658203,-269.093658447266,26.8315963745117,0.927611947059631,0.616489112377167,-0.296581268310547,	
-76.4232788085938,-269.794921875,27.7350540161133,0.92007040977478,0.596213102340698,-0.310738325119019,	
-76.7958221435547,-269.312072753906,26.4085159301758,0.934819519519806,0.62070220708847,-0.31893926858902,	
-76.2678527832031,-269.443450927734,27.8232498168945,0.898465871810913,0.583638489246368,-0.30799812078476,	
-76.2020034790039,-269.572570800781,26.6643905639648,0.906031847000122,0.620805978775024,-0.302325069904327,	
-76.2693634033203,-269.168182373047,27.1042327880859,0.920192718505859,0.637828648090363,-0.302167296409607,	
-76.5039215087891,-269.21826171875,27.0270309448242,0.941647469997406,0.600496828556061,-0.299666702747345,	
-76.498908996582,-269.306396484375,26.8473434448242,0.906001627445221,0.578938841819763,-0.29417210817337,	
-76.3490753173828,-269.220825195313,27.6128158569336,0.934051215648651,0.588145732879639,-0.313577711582184,	
-76.2084045410156,-269.406982421875,27.0100631713867,0.920011401176453,0.612646639347076,-0.310616612434387,	
-76.4257736206055,-269.532958984375,26.6561660766602,0.920123934745789,0.59561812877655,-0.31348705291748,	
-76.5763168334961,-269.013793945313,26.0099029541016,0.891763031482697,0.570070385932922,-0.313758969306946,	
-76.493408203125,-269.475067138672,26.6221008300781,0.906099677085876,0.587351679801941,-0.302421092987061,	
-76.4811248779297,-269.130432128906,27.5966491699219,0.927085936069489,0.617324769496918,-0.30220228433609,	
-76.0473709106445,-269.484741210938,26.623420715332,0.963626563549042,0.604470431804657,-0.282726287841797,	
-76.1263275146484,-269.613830566406,28.3095169067383,0.927037060260773,0.609407365322113,-0.299552440643311,	
-76.4174957275391,-269.262603759766,26.9903411865234,0.891505241394043,0.604304850101471,-0.296721816062927,	
-76.3492431640625,-269.311828613281,26.8158721923828,0.913332998752594,0.624911427497864,-0.299445450305939,	
-76.2661514282227,-269.440185546875,27.7306060791016,0.948722422122955,0.605223178863525,-0.288414597511292,	
-76.3433456420898,-269.48291015625,28.4398574829102,0.933795809745789,0.613679707050323,-0.307767271995544,	
-76.1924133300781,-269.132568359375,27.0974502563477,0.949017584323883,0.604583919048309,-0.299514532089233,	
-76.647331237793,-269.053833007813,26.2115631103516,0.942135274410248,0.599366128444672,-0.310680866241455,	
-76.4889602661133,-269.047607421875,27.3029327392578,0.912858545780182,0.591619610786438,-0.310859560966492,	
-76.1291351318359,-269.354675292969,28.1221160888672,0.94835764169693,0.596899688243866,-0.302393853664398,	
-76.3364410400391,-269.134368896484,27.7152862548828,0.920181572437286,0.621321499347687,-0.305013298988342,	
-76.5599060058594,-269.088897705078,25.8900375366211,0.913457095623016,0.624438107013702,-0.296631872653961,	
-76.1941604614258,-269.222930908203,26.429557800293,0.906099200248718,0.587303638458252,-0.305258989334106,	
-76.7211761474609,-269.178771972656,26.1294708251953,0.920645475387573,0.636634886264801,-0.316074192523956,	
-76.2689590454102,-269.265380859375,27.8128280639648,0.93444699048996,0.605040788650513,-0.29682981967926,	
-76.653434753418,-269.146118164063,27.2294998168945,0.898756980895996,0.600444555282593,-0.294030070304871,	
-76.5597152709961,-269.443756103516,28.2307968139648,0.941444933414459,0.617965400218964,-0.302392423152924,	
-76.4113693237305,-269.091644287109,27.7125244140625,0.941353559494019,0.592343270778656,-0.305245757102966,	
-76.7276382446289,-269.007202148438,27.5097045898438,0.934098184108734,0.604759871959686,-0.305224180221558,	
-76.4273834228516,-268.834838867188,26.381950378418,0.927773535251617,0.599951982498169,-0.305274426937103,	
-76.5761566162109,-269.359985351563,26.4153823852539,0.913147926330566,0.608285665512085,-0.305181443691254,	
-76.3505249023438,-269.137359619141,27.313362121582,0.92008900642395,0.6044921875,-0.291187524795532,	
-76.4255981445313,-269.446655273438,26.5331115722656,0.92781138420105,0.600251436233521,-0.288415789604187,	
-76.2805557250977,-269.360687255859,26.5207977294922,0.906068623065948,0.587669372558594,-0.282834827899933,	
-76.350700378418,-269.145721435547,27.4012680053711,0.898719906806946,0.609130561351776,-0.282858371734619,	
-76.4273910522461,-269.187683105469,27.7208786010742,0.905448913574219,0.604923486709595,-0.288389563560486,	
-76.579704284668,-268.832824707031,27.5865936279297,0.912706851959229,0.617145717144012,-0.307945251464844,	
-76.6452026367188,-269.315704345703,26.1420593261719,0.935221314430237,0.59588497877121,-0.285693228244781,	
-76.5017547607422,-269.140747070313,26.6338958740234,0.906145870685577,0.603921830654144,-0.296681880950928,	
-76.5026550292969,-269.137390136719,26.5198516845703,0.934464812278748,0.570994913578033,-0.297002375125885,	
-76.4922256469727,-269.137634277344,27.2197952270508,0.920327126979828,0.613052725791931,-0.293987512588501,	
-76.336181640625,-269.220306396484,27.2177429199219,0.898730635643005,0.616700530052185,-0.305204927921295,	
-76.3318099975586,-269.308410644531,27.3112945556641,0.927448272705078,0.592068016529083,-0.294105112552643,	
-76.3462524414063,-268.963195800781,28.0020446777344,0.927003383636475,0.609488725662231,-0.293931841850281,	
-76.5712051391602,-269.094024658203,27.011344909668,0.934705317020416,0.613135457038879,-0.293920278549194,	
-76.2760162353516,-269.273468017578,27.1416549682617,0.891575276851654,0.604378581047058,-0.293997287750244,	
-76.3404922485352,-269.133483886719,26.5096130371094,0.92033451795578,0.59588748216629,-0.302475392818451,	
-76.2696762084961,-269.091400146484,27.3060989379883,0.905983805656433,0.612984716892242,-0.29399961233139,	
-76.3519821166992,-269.053924560547,26.513916015625,0.913503289222717,0.633586287498474,-0.293842077255249,	
-76.1143188476563,-269.093200683594,27.5022277832031,0.919926583766937,0.580167233943939,-0.283035635948181,	
-76.2703018188477,-269.011749267578,26.8897247314453,0.927617490291595,0.600646674633026,-0.294177412986755,	
-76.4303436279297,-268.839385986328,26.2921524047852,0.920529663562775,0.595584213733673,-0.291261672973633,	
-76.2801208496094,-269.355651855469,27.8201751708984,0.927082359790802,0.592537224292755,-0.291405320167542,	
-76.2004623413086,-268.875030517578,27.4073486328125,0.934515655040741,0.6139115691185,-0.277202546596527,	
-76.406623840332,-269.093841552734,26.530403137207,0.942051708698273,0.633714854717255,-0.290977239608765,	
-76.2706909179688,-269.007629394531,27.3860321044922,0.919605493545532,0.588173270225525,-0.305465221405029,	
-76.2671813964844,-268.74658203125,26.8074569702148,0.920414984226227,0.57908046245575,-0.291435301303864,	
-76.2695770263672,-268.831207275391,26.4030685424805,0.913581609725952,0.616590976715088,-0.293929815292358,	
-76.5016479492188,-269.053192138672,27.1253890991211,0.934920847415924,0.604940295219421,-0.280169785022736,	
-76.3443603515625,-268.961975097656,27.411247253418,0.89868026971817,0.617580115795135,-0.28565239906311,	
-76.3486480712891,-268.963470458984,27.3280258178711,0.927558481693268,0.617080092430115,-0.294055879116058,	
-76.476692199707,-268.776916503906,26.9573440551758,0.906378269195557,0.629787623882294,-0.282703816890717,	
-76.4943466186523,-268.875732421875,26.7892913818359,0.905888080596924,0.595870912075043,-0.296977281570435,	
-76.48681640625,-269.044006347656,27.0896682739258,0.89893114566803,0.600558936595917,-0.291363596916199,	
-76.1944351196289,-269.048645019531,26.8022079467773,0.920487642288208,0.612734377384186,-0.282828807830811,	
-76.3472213745117,-269.313110351563,26.9959487915039,0.913176476955414,0.625557839870453,-0.291186094284058,	
-76.7280883789063,-268.919189453125,27.5054168701172,0.912814199924469,0.617470860481262,-0.291199862957001,	
-76.4219741821289,-269.099792480469,27.6004867553711,0.912768006324768,0.600900590419769,-0.296938955783844,	
-76.6458358764648,-268.440338134766,26.2684555053711,0.91354638338089,0.583188235759735,-0.288515508174896,	
-76.420524597168,-268.740356445313,27.2816543579102,0.941901981830597,0.617147982120514,-0.294043898582458,	
-76.3433074951172,-268.785980224609,27.6973037719727,0.91974937915802,0.579764366149902,-0.302729308605194,	
-76.1263961791992,-269.007446289063,28.0009918212891,0.912588953971863,0.609246611595154,-0.302567899227142,	
-76.2810745239258,-268.835968017578,26.6769866943359,0.906178832054138,0.612681329250336,-0.282785594463348,	
-76.5718841552734,-268.742919921875,25.9857635498047,0.899382710456848,0.608158111572266,-0.28859156370163,	
-76.4229888916016,-268.741088867188,27.3766632080078,0.884094178676605,0.617464363574982,-0.282765328884125,	
-76.3415679931641,-268.695617675781,26.8651809692383,0.899171411991119,0.616729557514191,-0.280086278915405,	
-76.0418472290039,-268.866455078125,26.8762435913086,0.920298635959625,0.638009309768677,-0.293935298919678,	
-76.19677734375,-268.882202148438,27.199089050293,0.899114072322845,0.61699640750885,-0.296755373477936,	
-76.4939880371094,-269.223968505859,27.6966247558594,0.919921576976776,0.588631629943848,-0.285774528980255,	
-76.1143798828125,-268.739105224609,27.7778701782227,0.913122832775116,0.626153171062469,-0.288437306880951,	
-76.5835266113281,-268.489898681641,26.9791259765625,0.906192183494568,0.613065779209137,-0.294115781784058,	
-76.0473175048828,-269.043121337891,26.3905639648438,0.92054957151413,0.620988130569458,-0.2996466755867,	
-76.505500793457,-269.054382324219,26.4215469360352,0.899273931980133,0.616630017757416,-0.288434386253357,	
-76.1266860961914,-268.912780761719,27.0632705688477,0.920476675033569,0.629566967487335,-0.293982148170471,	
-76.2056121826172,-268.618133544922,27.6560974121094,0.906114339828491,0.596765160560608,-0.283106446266174,	
-76.1314392089844,-268.573974609375,26.3916168212891,0.921011328697205,0.604288578033447,-0.291284739971161,	
-76.4290390014648,-268.749328613281,26.5806503295898,0.927775263786316,0.600092232227325,-0.296984553337097,	
-76.502815246582,-268.875549316406,27.3839950561523,0.891522645950317,0.596128463745117,-0.310988783836365,	
-76.1959228515625,-268.704162597656,26.9833145141602,0.884135842323303,0.600261688232422,-0.29425972700119,	
-76.111328125,-268.744567871094,26.6884002685547,0.899052143096924,0.599801242351532,-0.305353701114655,	
-76.4965209960938,-268.618347167969,27.4831237792969,0.919676005840302,0.588295161724091,-0.299902677536011,	
-76.2027587890625,-268.701141357422,26.75439453125,0.913529932498932,0.608437061309814,-0.305245518684387,	
-76.5084228515625,-268.361968994141,27.5891952514648,0.912845849990845,0.583857119083405,-0.299864590167999,	
-76.4357147216797,-268.403015136719,27.0645141601563,0.891568839550018,0.61269873380661,-0.305249631404877,	
-76.4975738525391,-268.794311523438,26.6970672607422,0.920723080635071,0.621058464050293,-0.299594402313232,	
-76.3481979370117,-268.530700683594,27.1788635253906,0.884597778320313,0.616901993751526,-0.29420530796051,	
-76.7317047119141,-268.751007080078,26.7943267822266,0.899329125881195,0.608753085136414,-0.285842776298523,	
-75.9084777832031,-268.787200927734,26.9913024902344,0.906202733516693,0.629524767398834,-0.294107496738434,	
-76.2565155029297,-268.901977539063,26.6097183227539,0.898704767227173,0.599664688110352,-0.305234491825104,	
-76.2009582519531,-268.796203613281,27.6073837280273,0.934797763824463,0.59656834602356,-0.302723824977875,	
-76.4372406005859,-268.835113525391,27.6777954101563,0.93456107378006,0.621492087841034,-0.299717664718628,	
-76.2688369750977,-268.740692138672,26.6957855224609,0.920369327068329,0.59589809179306,-0.302644014358521,	
-76.2038269042969,-268.704467773438,28.0737991333008,0.912623107433319,0.609213411808014,-0.305350601673126,	
-76.6529083251953,-268.444427490234,26.7420120239258,0.899221301078796,0.608379900455475,-0.305426120758057,	
-76.28662109375,-268.838714599609,27.4113388061523,0.891388535499573,0.596497595310211,-0.285892248153687,	
-76.3411254882813,-268.610961914063,26.4749374389648,0.905991792678833,0.595863282680511,-0.299873352050781,	
-76.0443954467773,-268.963439941406,27.4150466918945,0.934484004974365,0.605239808559418,-0.285870373249054,	
-76.3437271118164,-268.881072998047,27.1772994995117,0.949119746685028,0.604431927204132,-0.310924172401428,	
-76.500244140625,-268.620330810547,27.3956909179688,0.891629934310913,0.596453487873077,-0.294243335723877,	
-76.2787017822266,-269.011108398438,27.7153930664063,0.912668466567993,0.592343151569366,-0.297203540802002,	
-76.4949569702148,-268.531616210938,26.6589050292969,0.906379640102386,0.620990574359894,-0.299606382846832,	
-76.1984252929688,-268.443878173828,27.0588836669922,0.898861646652222,0.600533246994019,-0.291250348091125,	
-76.2107238769531,-268.615844726563,26.1898193359375,0.870521724224091,0.607903599739075,-0.291505813598633,	
-76.2858810424805,-268.748199462891,27.2040557861328,0.92758572101593,0.591979146003723,-0.302621603012085,	
-76.6514129638672,-268.709259033203,27.3712844848633,0.905974447727203,0.629957556724548,-0.2968630194664,	
-76.1121444702148,-268.392669677734,27.5464096069336,0.905783712863922,0.588408410549164,-0.299868404865265,	
-76.4183197021484,-268.653686523438,27.6841888427734,0.898638427257538,0.592497408390045,-0.291490495204926,	
-76.3443145751953,-268.790557861328,27.4021453857422,0.905764579772949,0.596388041973114,-0.297176659107208,	
-76.5236663818359,-268.795471191406,28.7944793701172,0.919693350791931,0.589060246944427,-0.288753390312195,	
-76.5775680541992,-268.662231445313,27.4885406494141,0.906003654003143,0.605044782161713,-0.294300854206085,	
-76.580810546875,-268.576782226563,27.541015625,0.906111240386963,0.596480667591095,-0.299910068511963,	
-76.2168960571289,-268.791229248047,27.5919418334961,0.90536493062973,0.58805376291275,-0.310987412929535,	
-76.5801086425781,-268.493743896484,27.3835906982422,0.934719920158386,0.613611817359924,-0.299798190593719,	
-76.2847671508789,-268.656097412109,25.9907150268555,0.89201819896698,0.595654606819153,-0.2831671833992,	
-76.6493148803711,-268.43994140625,27.5585708618164,0.898705840110779,0.592334806919098,-0.30273163318634,	
-76.3493728637695,-268.268737792969,26.6678466796875,0.899413883686066,0.650121510028839,-0.291068971157074,	
-76.1955490112305,-268.265441894531,26.8687057495117,0.891826510429382,0.629634439945221,-0.282823204994202,	
-76.4216156005859,-268.567993164063,27.7809753417969,0.891638696193695,0.621661424636841,-0.280170321464539,	
-76.3485260009766,-268.523132324219,27.4806060791016,0.913052976131439,0.626075208187103,-0.291385531425476,	
-76.6614379882813,-268.358642578125,27.6816482543945,0.927541971206665,0.608989298343658,-0.302478671073914,	
-76.4342803955078,-268.668304443359,26.9628067016602,0.899136483669281,0.600355386734009,-0.308283507823944,	
-76.3570556640625,-268.443756103516,26.6546936035156,0.913390576839447,0.60833352804184,-0.308080434799194,	
-76.5104522705078,-268.362365722656,27.563591003418,0.90586268901825,0.604801118373871,-0.305425703525543,	
-76.4262847900391,-268.570068359375,27.2740783691406,0.891422927379608,0.587575495243073,-0.311029672622681,	
-76.357666015625,-268.535064697266,26.9783935546875,0.891959428787231,0.604718267917633,-0.282933533191681,	
-76.6578826904297,-268.615600585938,27.2866744995117,0.920052886009216,0.604332983493805,-0.299756288528442,	
-76.1265411376953,-268.481140136719,27.1511383056641,0.898867845535278,0.625500679016113,-0.291366755962372,	
-76.1280517578125,-268.917236328125,27.6196975708008,0.934725403785706,0.605195581912994,-0.294221520423889,	
-76.4994964599609,-268.259613037109,26.4646606445313,0.884809494018555,0.608378410339355,-0.299872756004333,	
-76.0483322143555,-268.875,27.2008743286133,0.863026916980743,0.604245841503143,-0.297085702419281,	
-76.5793762207031,-268.398529052734,26.5962982177734,0.892049372196198,0.637618005275726,-0.285644471645355,	
-76.4297485351563,-268.575378417969,28.0739288330078,0.920299828052521,0.621790409088135,-0.313787281513214,	
-76.6629104614258,-268.707641601563,25.9107437133789,0.935084998607635,0.620468258857727,-0.305224478244781,	
-76.5875015258789,-268.931427001953,27.1227035522461,0.913317203521729,0.616864442825317,-0.305253863334656,	
-76.1919021606445,-268.694641113281,26.5992584228516,0.892002165317535,0.620951771736145,-0.29705935716629,	
-76.4975738525391,-268.789611816406,27.1170654296875,0.891750693321228,0.604584932327271,-0.285878658294678,	
-76.3479156494141,-268.352172851563,26.96728515625,0.906050682067871,0.612773954868317,-0.308078527450562,	
-76.0399780273438,-269.042358398438,26.8042984008789,0.927847921848297,0.633746147155762,-0.28837788105011,	
-76.3439483642578,-268.784240722656,27.3160858154297,0.941784381866455,0.600359678268433,-0.311021208763123,	
-76.0413131713867,-268.438934326172,25.9678039550781,0.906366467475891,0.620601952075958,-0.28849995136261,	
-76.4286956787109,-269.002807617188,27.1286087036133,0.884205222129822,0.60029149055481,-0.294149339199066,	
-76.3602828979492,-268.524597167969,26.8672485351563,0.913683235645294,0.616395056247711,-0.307953536510468,	
-76.6652374267578,-268.798217773438,26.4717788696289,0.884535729885101,0.590822041034698,-0.324934780597687,	
-76.4991302490234,-268.612548828125,27.4519805908203,0.934307098388672,0.604889094829559,-0.302502572536469,	
-76.7933502197266,-268.521362304688,26.8660430908203,0.906243920326233,0.62121969461441,-0.282799899578094,	
-76.3439483642578,-268.784240722656,26.8160858154297,0.942044317722321,0.608594596385956,-0.299821734428406,	
-76.2010726928711,-269.045989990234,27.4206619262695,0.927546143531799,0.642709851264954,-0.288306653499603,	
-76.3461303710938,-269.043609619141,26.8080673217773,0.906037509441376,0.612385392189026,-0.29697197675705,	
-76.4278030395508,-269.012573242188,26.4770965576172,0.898771464824677,0.608343064785004,-0.296958744525909,	
-76.0526885986328,-268.959594726563,25.501838684082,0.94221031665802,0.59097546339035,-0.305217385292053,	
-76.5849609375,-269.099914550781,27.727668762207,0.934085547924042,0.588108420372009,-0.31658399105072,	
-76.0422515869141,-268.522674560547,28.0932388305664,0.919763624668121,0.580244839191437,-0.308383643627167,	
-76.7133483886719,-268.653442382813,26.5745697021484,0.906569719314575,0.629151821136475,-0.291131436824799,	
-76.2664031982422,-269.001403808594,26.8892440795898,0.891646504402161,0.604544281959534,-0.285820543766022,	
-76.2587127685547,-268.826385498047,26.4023742675781,0.927711844444275,0.625038087368011,-0.296763896942139,	
-76.0375518798828,-268.780609130859,26.6898422241211,0.920376479625702,0.620965957641602,-0.296860933303833,	
-76.5799713134766,-268.746856689453,27.5841445922852,0.91981703042984,0.612993717193604,-0.319216310977936,	
-76.5834350585938,-269.10498046875,27.2229156494141,0.906017005443573,0.612855195999146,-0.302457928657532,	
-76.6502456665039,-268.966552734375,27.3022918701172,0.912819862365723,0.600165367126465,-0.307977914810181,	
-76.5826721191406,-268.916961669922,27.1864166259766,0.93453311920166,0.604268074035645,-0.310875117778778,	
-76.7289428710938,-268.744415283203,26.8822784423828,0.898558557033539,0.616774559020996,-0.296743512153625,	
-76.2662963867188,-268.829528808594,26.1111145019531,0.913768231868744,0.624415338039398,-0.305319786071777,	
-76.2009353637695,-268.693969726563,25.6981582641602,0.92064505815506,0.603242754936218,-0.310828506946564,	
-76.2689514160156,-268.828216552734,26.7042922973633,0.920731961727142,0.637377440929413,-0.307876169681549,	
-76.5118255615234,-268.530792236328,27.5792770385742,0.913167297840118,0.63364166021347,-0.316404342651367,	
-76.5710144042969,-268.653228759766,26.3948974609375,0.899131774902344,0.62517911195755,-0.282880306243896,	
-76.5779571533203,-269.178894042969,26.6383056640625,0.927716374397278,0.616525530815125,-0.296862959861755,	
-76.2728118896484,-269.182220458984,27.3393707275391,0.934459209442139,0.612750828266144,-0.31088650226593,	
-76.1929321289063,-268.960662841797,27.5925521850586,0.91967910528183,0.613034546375275,-0.313537538051605,	
-76.344856262207,-268.608215332031,26.8075103759766,0.927530646324158,0.633195698261261,-0.313520789146423,	
-76.943962097168,-268.874572753906,26.8267135620117,0.891303300857544,0.620302081108093,-0.319076597690582,	
-76.2022933959961,-268.955444335938,26.9187622070313,0.920216143131256,0.587940096855164,-0.29993611574173,	
-76.2091674804688,-268.79931640625,27.08935546875,0.906025886535645,0.629174172878265,-0.310739636421204,	
-76.8087921142578,-268.621856689453,27.225456237793,0.905772268772125,0.612619161605835,-0.310686886310577,	
-76.5073471069336,-268.884155273438,26.5032501220703,0.905872642993927,0.6286381483078,-0.305082261562347,	
-76.270133972168,-269.0830078125,26.9914398193359,0.905739963054657,0.637243211269379,-0.330276131629944,	
-76.272331237793,-269.090087890625,26.3992691040039,0.919989228248596,0.586997807025909,-0.316644728183746,	
-76.8772583007813,-268.914672851563,27.8017044067383,0.905594170093536,0.621061384677887,-0.310640037059784,	
-76.5008392333984,-268.963928222656,27.8035430908203,0.920031845569611,0.604754745960236,-0.308080077171326,	
-76.6383895874023,-269.309997558594,26.4356994628906,0.891588151454926,0.612136721611023,-0.305215954780579,	
-76.4108428955078,-268.826416015625,25.6088714599609,0.899225175380707,0.607245445251465,-0.305190026760101,	
-76.3500900268555,-269.130645751953,26.4582748413086,0.920309782028198,0.61228746175766,-0.305136680603027,	
-76.4909744262695,-268.776153564453,27.8991088867188,0.905151724815369,0.596432983875275,-0.313833713531494,	
-76.4892654418945,-269.133087158203,28.3095855712891,0.912483751773834,0.60910975933075,-0.308185577392578,	
-76.3467636108398,-269.479034423828,27.0353927612305,0.912760972976685,0.616598784923553,-0.307856321334839,	
-76.5702667236328,-269.005554199219,26.305908203125,0.934705317020416,0.611616015434265,-0.316387295722961,	
-76.3406600952148,-268.866943359375,26.7937622070313,0.905747532844543,0.59567528963089,-0.305264353752136,	
-76.7894439697266,-268.874267578125,26.7942352294922,0.913223624229431,0.591054022312164,-0.319234907627106,	
-76.5692901611328,-269.265472412109,27.3150787353516,0.920154273509979,0.604141294956207,-0.313556432723999,	
-76.3555145263672,-269.142303466797,27.1979522705078,0.941293060779572,0.575292587280273,-0.305330514907837,	
-76.4235610961914,-269.093444824219,27.2198028564453,0.905737042427063,0.612556040287018,-0.313579857349396,	
-76.5765838623047,-269.090118408203,26.8122406005859,0.913114488124847,0.599478006362915,-0.321915626525879,	
-76.7972412109375,-269.219451904297,26.4047622680664,0.905897915363312,0.612285971641541,-0.299583196640015,	
-76.9518432617188,-268.963195800781,27.0420989990234,0.927138686180115,0.616629362106323,-0.310850620269775,	
-76.4224090576172,-269.262359619141,27.0258941650391,0.94116085767746,0.624707400798798,-0.333044528961182,	
-76.3531036376953,-269.308258056641,27.0320434570313,0.912679314613342,0.599969744682312,-0.316264867782593,	
-76.6428756713867,-269.393768310547,26.6202545166016,0.949240744113922,0.612615704536438,-0.299498081207275,	
-76.5669174194336,-269.087799072266,27.0145568847656,0.898371279239655,0.599960625171661,-0.313607394695282,	
-76.8013763427734,-269.232177734375,27.5276947021484,0.955525815486908,0.583640038967133,-0.316512763500214,	
-77.0358047485352,-268.924530029297,26.7182388305664,0.912732303142548,0.608215510845184,-0.299496829509735,	
-76.646484375,-269.2255859375,27.4091720581055,0.912323355674744,0.583510220050812,-0.308087587356567,	
-76.4112854003906,-268.911071777344,26.4991149902344,0.898350954055786,0.574508547782898,-0.308060348033905,	
-76.5048294067383,-269.232788085938,27.0525970458984,0.919871985912323,0.612543106079102,-0.313451528549194,	
-76.4102249145508,-269.260559082031,27.0186386108398,0.905325889587402,0.60397332906723,-0.307994186878204,	
-76.2658538818359,-269.350006103516,27.1439514160156,0.927162349224091,0.600136935710907,-0.313641488552094,	
-76.7877502441406,-269.303405761719,27.2301406860352,0.920015871524811,0.604134082794189,-0.310715675354004,	
-76.6429824829102,-269.401672363281,26.9391403198242,0.905112683773041,0.603467762470245,-0.332971572875977,	
-76.8724594116211,-269.350555419922,27.533561706543,0.919328391551971,0.579221427440643,-0.324976027011871,	
-76.6551132202148,-269.214172363281,26.7977066040039,0.927040159702301,0.599283456802368,-0.327570497989655,	
-76.7115173339844,-269.256103515625,27.0214080810547,0.905418038368225,0.587410748004913,-0.316574215888977,	
-76.5042419433594,-269.131042480469,26.1391525268555,0.920110881328583,0.59522956609726,-0.302380621433258,	
-76.6343307495117,-269.040679931641,25.9176177978516,0.934661507606506,0.595286667346954,-0.307937026023865,	
-76.7908248901367,-269.395477294922,26.6488418579102,0.912945032119751,0.59978836774826,-0.299488544464111,	
-76.7881774902344,-269.476440429688,27.7452926635742,0.926557302474976,0.591953873634338,-0.313594043254852,	
-76.4966888427734,-269.309722900391,27.0292663574219,0.934216439723969,0.612707197666168,-0.307763755321503,	
-76.4890823364258,-269.567596435547,27.3399810791016,0.912510752677917,0.591435015201569,-0.313578248023987,	
-76.7926025390625,-269.118591308594,27.1970062255859,0.869833171367645,0.616295456886292,-0.316240429878235,	
-76.7175598144531,-269.264343261719,26.7253952026367,0.919749915599823,0.611689269542694,-0.327380418777466,	
-76.3440704345703,-269.388549804688,27.1227569580078,0.912725627422333,0.616539895534515,-0.310525596141815,	
-76.6418762207031,-269.389190673828,26.4154205322266,0.948892891407013,0.612430989742279,-0.302216768264771,	
-76.8717269897461,-269.612854003906,26.6652069091797,0.890987277030945,0.595445394515991,-0.305043816566467,	
-76.7193069458008,-269.439025878906,26.8271484375,0.920029878616333,0.611988306045532,-0.316258490085602,	
-76.4140548706055,-269.434417724609,27.2093276977539,0.905567824840546,0.603977382183075,-0.313507497310638,	
-76.7251281738281,-269.519775390625,27.0182876586914,0.940958499908447,0.616258263587952,-0.324513673782349,	
-76.8003387451172,-269.218444824219,27.6185531616211,0.89780580997467,0.616667687892914,-0.319073259830475,	
-76.7986831665039,-269.302276611328,26.7653884887695,0.876675486564636,0.595103621482849,-0.322027802467346,	
-76.8712615966797,-269.348052978516,26.83056640625,0.919773697853088,0.595192968845367,-0.330395042896271,	
-76.7278594970703,-269.264923095703,27.6418685913086,0.926591455936432,0.591920673847198,-0.316376745700836,	
-76.7924499511719,-269.572692871094,27.0214538574219,0.934183299541473,0.612836718559265,-0.299305260181427,	
-76.8100891113281,-269.317016601563,27.3600311279297,0.919637441635132,0.62871778011322,-0.324509978294373,	
-76.3507080078125,-269.307983398438,27.7060470581055,0.926415741443634,0.591662049293518,-0.327556729316711,	
-76.8680038452148,-269.610900878906,26.7526245117188,0.926761507987976,0.608017563819885,-0.307824075222015,	
-76.7204437255859,-269.520721435547,26.4507369995117,0.941484391689301,0.608000516891479,-0.321841776371002,	
-76.8738555908203,-269.430603027344,25.4243392944336,0.913322925567627,0.606981039047241,-0.31908255815506,	
-76.9434967041016,-269.297515869141,27.5303192138672,0.940909087657928,0.608292579650879,-0.324701547622681,	
-76.7986602783203,-269.397003173828,27.124755859375,0.919905245304108,0.612413585186005,-0.32190990447998,	
-76.6502151489258,-269.305480957031,26.8568954467773,0.912660121917725,0.607953608036041,-0.31334924697876,	
-76.8722991943359,-269.612396240234,27.1694107055664,0.898196637630463,0.599798202514648,-0.319111764431,	
-76.5621185302734,-269.523681640625,27.2464065551758,0.912719666957855,0.624908089637756,-0.318940222263336,	
-76.647102355957,-269.479156494141,26.0376434326172,0.927589535713196,0.624188482761383,-0.310469269752502,	
-76.7169799804688,-269.432769775391,27.5357284545898,0.919300198554993,0.570886433124542,-0.313778758049011,	
-76.8669586181641,-269.434906005859,27.5386810302734,0.912148654460907,0.583347797393799,-0.313591837882996,	
-76.7161102294922,-269.347778320313,26.5248565673828,0.927008032798767,0.599509060382843,-0.313436329364777,	
-77.0082702636719,-269.601531982422,27.2535934448242,0.934039771556854,0.61235237121582,-0.32461953163147,	
-76.8794326782227,-269.615203857422,27.2575302124023,0.919388651847839,0.603698372840881,-0.321718275547028,	
-76.7220458984375,-269.263793945313,27.6403503417969,0.92680960893631,0.608416855335236,-0.319098889827728,	
-76.5607528686523,-268.992034912109,26.8020629882813,0.905728816986084,0.628162384033203,-0.32994931936264,	
-76.6514129638672,-269.392303466797,26.3295211791992,0.948616564273834,0.570183277130127,-0.310805976390839,	
-76.6570129394531,-269.483856201172,26.9578018188477,0.926920294761658,0.600137233734131,-0.307904660701752,	
-76.5006866455078,-269.8251953125,27.8527297973633,0.926693499088287,0.5917729139328,-0.327562689781189,	
-76.6524124145508,-269.396881103516,27.0343551635742,0.926569819450378,0.599716305732727,-0.324589014053345,	
-76.9572296142578,-269.396453857422,27.9515533447266,0.918830394744873,0.604707300662994,-0.31626683473587,	
-77.0253753662109,-269.529876708984,28.8412704467773,0.933689117431641,0.613398492336273,-0.321898460388184,	
-76.717643737793,-269.612884521484,27.2533493041992,0.919491767883301,0.60364693403244,-0.327228546142578,	
-77.0097427368164,-269.429748535156,26.8292388916016,0.898714005947113,0.616035938262939,-0.310454547405243,	
-76.7932739257813,-269.651519775391,27.753547668457,0.911930859088898,0.60023957490921,-0.316339075565338,	
-76.9408416748047,-269.569030761719,27.1609115600586,0.905354917049408,0.612408995628357,-0.313292145729065,	
-76.9402770996094,-269.569519042969,27.6566925048828,0.919020354747772,0.61286848783493,-0.307791829109192,	
-76.7826766967773,-269.91357421875,27.0893478393555,0.93421745300293,0.612803518772125,-0.302087962627411,	
-76.8050918579102,-269.569091796875,26.6395950317383,0.927005290985107,0.565932989120483,-0.319094717502594,	
-76.883544921875,-269.530426025391,27.5512390136719,0.940800845623016,0.616812765598297,-0.321706533432007,	
-76.8760986328125,-269.609100341797,27.3412704467773,0.912473499774933,0.591183722019196,-0.327599108219147,	
-76.8737487792969,-269.533660888672,27.4499588012695,0.890584945678711,0.595759451389313,-0.310689270496368,	
-76.8701171875,-269.516967773438,27.1366729736328,0.897814154624939,0.59959876537323,-0.321885585784912,	
-76.8719024658203,-269.699157714844,26.7882690429688,0.92707347869873,0.608095228672028,-0.310612678527832,	
-76.8644409179688,-269.867858886719,27.3576583862305,0.93351137638092,0.587033748626709,-0.332949697971344,	
-76.8694610595703,-269.527435302734,26.9531860351563,0.926400125026703,0.591089487075806,-0.327354431152344,	
-77.0126190185547,-269.690826416016,26.6345672607422,0.912480890750885,0.58296000957489,-0.310670912265778,	
-76.9448776245117,-269.740814208984,26.3497543334961,0.898270487785339,0.59873765707016,-0.316151082515717,	
-76.8772583007813,-269.519805908203,28.2247848510742,0.875547111034393,0.579103350639343,-0.335990369319916,	
-77.0249176025391,-269.700531005859,27.4607162475586,0.905246913433075,0.620924830436707,-0.310520768165588,	
-76.8780288696289,-269.865356445313,25.9860763549805,0.920264482498169,0.636579692363739,-0.310334503650665,	
-76.7211074829102,-269.863098144531,26.9731521606445,0.919558525085449,0.578981220722198,-0.310869336128235,	
-76.812255859375,-269.831695556641,26.8617095947266,0.926768898963928,0.624196290969849,-0.324395775794983,	
-76.8588638305664,-269.598937988281,27.7548446655273,0.926740109920502,0.608391284942627,-0.3189857006073,	
-76.9517974853516,-269.481231689453,27.7257080078125,0.93353271484375,0.57923811674118,-0.32473748922348,	
-76.7964019775391,-269.82666015625,27.0564422607422,0.919240951538086,0.587324142456055,-0.313433647155762,	
-76.9530181884766,-269.743499755859,27.5627136230469,0.926031112670898,0.591274321079254,-0.341458380222321,	
-77.2545318603516,-269.918792724609,27.1624908447266,0.912337481975555,0.591417074203491,-0.310568869113922,	
-77.0898361206055,-269.478240966797,28.3341293334961,0.926089107990265,0.583686172962189,-0.321839392185211,	
-77.1676025390625,-269.957641601563,26.6561431884766,0.905081033706665,0.570397794246674,-0.30791574716568,	
-76.8655014038086,-269.518341064453,27.3381423950195,0.940601468086243,0.599706470966339,-0.321788370609283,	
-77.2476196289063,-269.652893066406,26.5530853271484,0.904985308647156,0.586627840995789,-0.318977236747742,	
-77.007194519043,-269.518585205078,28.2445678710938,0.897407710552216,0.575134038925171,-0.316286683082581,	
-76.8728408813477,-269.871948242188,28.2633285522461,0.904558479785919,0.595968425273895,-0.32739531993866,	
-76.9512710571289,-269.653137207031,26.7305908203125,0.933798611164093,0.570167779922485,-0.330315887928009,	
-77.2472152709961,-269.912322998047,27.0664749145508,0.904649257659912,0.586683213710785,-0.341539621353149,	
-76.7736511230469,-269.552703857422,26.2162246704102,0.919765710830688,0.586396515369415,-0.313264608383179,	
-77.0247650146484,-269.521179199219,28.1327438354492,0.896978378295898,0.591660141944885,-0.335721254348755,	
-76.9438781738281,-270.173400878906,26.7534713745117,0.912025809288025,0.582450389862061,-0.330134987831116,	
-77.0204162597656,-269.514526367188,26.8669357299805,0.890676200389862,0.58652251958847,-0.321995615959167,	
-77.1758575439453,-269.693328857422,26.8842086791992,0.883257389068604,0.57457023859024,-0.316436469554901,	
-76.9411773681641,-269.644073486328,27.5778121948242,0.926274955272675,0.600355565547943,-0.313489139080048,	
-77.1725463867188,-269.869079589844,27.5667953491211,0.947704136371613,0.579380214214325,-0.316263914108276,	
-77.0303649902344,-269.612731933594,27.2610244750977,0.904686391353607,0.586938858032227,-0.327295064926147,	
-77.1716690063477,-269.699737548828,27.2863006591797,0.90490460395813,0.612323999404907,-0.307662665843964,	
-76.640510559082,-269.731170654297,27.9634552001953,0.918895781040192,0.579953908920288,-0.305135786533356,	
-77.1754760742188,-269.613830566406,28.3429870605469,0.925976037979126,0.567326724529266,-0.313499569892883,	
-77.1658325195313,-269.438842773438,27.650764465332,0.912226974964142,0.608637988567352,-0.296347081661224,	
-76.7208251953125,-269.6845703125,27.261589050293,0.912047803401947,0.574702858924866,-0.319084763526917,	
-76.8721694946289,-270.050354003906,26.8943710327148,0.940573275089264,0.591371595859528,-0.310590982437134,	
-76.8742828369141,-269.956451416016,28.2784118652344,0.904414713382721,0.571037650108337,-0.32182389497757,	
-77.1774139404297,-269.786468505859,26.9428939819336,0.904937148094177,0.578806817531586,-0.31065160036087,	
-76.9313125610352,-269.56591796875,27.2468109130859,0.926255822181702,0.566110789775848,-0.324620842933655,	
-76.8001327514648,-269.908264160156,27.6586456298828,0.94045078754425,0.583100199699402,-0.327245771884918,	
-77.4126739501953,-270.188079833984,27.092414855957,0.9258993268013,0.574057996273041,-0.349719941616058,	
-77.3311614990234,-269.877655029297,27.597900390625,0.92574268579483,0.541364908218384,-0.333153367042542,	
-77.2551193237305,-269.745635986328,26.7721710205078,0.919611871242523,0.611734211444855,-0.321478128433228,	
-77.09326171875,-269.827209472656,27.2685852050781,0.926575183868408,0.591304302215576,-0.318788707256317,	
-77.0224761962891,-269.524108886719,26.5456314086914,0.904987812042236,0.586868405342102,-0.304787993431091,	
-77.38330078125,-269.904663085938,26.3895263671875,0.904840767383575,0.561648964881897,-0.316243708133698,	
-77.0866241455078,-269.907775878906,26.6852798461914,0.940790474414825,0.574431896209717,-0.310681760311127,	
-76.9364166259766,-269.982879638672,27.2494735717773,0.933310985565186,0.612112581729889,-0.321598410606384,	
-77.0162200927734,-269.688903808594,27.0835494995117,0.933078408241272,0.595135807991028,-0.31322181224823,	
-76.7318115234375,-269.604217529297,27.8762359619141,0.883108198642731,0.600337028503418,-0.299332797527313,	
-77.0970077514648,-270.093658447266,27.8951721191406,0.932850956916809,0.579301357269287,-0.338667035102844,	
-77.5519866943359,-269.824798583984,26.2441864013672,0.904992640018463,0.569462597370148,-0.327465355396271,	
-76.7242736816406,-270.21533203125,28.2948913574219,0.9615119099617,0.57129043340683,-0.316317737102509,	
-76.9358520507813,-270.253540039063,27.9690246582031,0.897132515907288,0.575259387493134,-0.30231511592865,	
-76.9425277709961,-269.905548095703,26.7984161376953,0.926655173301697,0.607788860797882,-0.318893730640411,	
-76.9261932373047,-270.519714355469,27.2406311035156,0.919103980064392,0.587461173534393,-0.302079379558563,	
-76.8740081787109,-270.130737304688,26.9057693481445,0.911733686923981,0.574436902999878,-0.327423989772797,	
-77.3254776000977,-269.875732421875,26.9799652099609,0.911629498004913,0.574396371841431,-0.327365815639496,	
-77.322380065918,-269.601806640625,26.9624176025391,0.90507447719574,0.612061679363251,-0.32725191116333,	
-77.4691162109375,-269.773712158203,25.6825408935547,0.890947818756104,0.602427840232849,-0.327243089675903,	
-77.1577682495117,-269.864349365234,27.155387878418,0.890600800514221,0.603806436061859,-0.304880738258362,	
-77.3190536499023,-269.781555175781,27.5002899169922,0.925864040851593,0.582883834838867,-0.330258190631866,	
-77.1703567504883,-270.21484375,27.9978790283203,0.932638645172119,0.554437160491943,-0.327530026435852,	
-77.3209075927734,-270.048522949219,27.6905288696289,0.940206706523895,0.582907974720001,-0.332860231399536,	
-77.0915756225586,-270.256378173828,26.7044830322266,0.919198215007782,0.602910935878754,-0.330081939697266,	
-76.9198455810547,-269.905242919922,26.3765182495117,0.926135420799255,0.574334442615509,-0.305067241191864,	
-76.9415512084961,-270.082824707031,26.6924209594727,0.912211656570435,0.599119603633881,-0.321784555912018,	
-77.0153121948242,-270.217742919922,27.931037902832,0.918408274650574,0.570728480815887,-0.335881948471069,	
-77.248291015625,-270.348083496094,27.414421081543,0.947401583194733,0.595669388771057,-0.318919241428375,	
-77.3083648681641,-269.785095214844,28.0875015258789,0.911547064781189,0.599952280521393,-0.324341237545013,	
-77.6094055175781,-269.866577148438,27.0927200317383,0.918830156326294,0.61213356256485,-0.313093841075897,	
-77.1632537841797,-269.950988769531,25.8903274536133,0.890761852264404,0.594647467136383,-0.313238978385925,	
-77.2262191772461,-270.165893554688,27.6669235229492,0.918745934963226,0.604153096675873,-0.313337028026581,	
-77.0893859863281,-269.997009277344,27.2125015258789,0.933370769023895,0.58683830499649,-0.341236710548401,	
-77.3189392089844,-269.695739746094,28.1462478637695,0.918243527412415,0.586981177330017,-0.343992292881012,	
-76.7953948974609,-270.342895507813,26.5050582885742,0.912034571170807,0.60765814781189,-0.316061973571777,	
-77.3120346069336,-269.950592041016,27.190299987793,0.954380810260773,0.54100090265274,-0.327753961086273,	
-77.4787826538086,-270.050903320313,27.2839813232422,0.882975816726685,0.574130952358246,-0.335848271846771,	
-77.4678573608398,-270.130004882813,27.2838973999023,0.904474258422852,0.586525201797485,-0.34682035446167,	
-77.1761169433594,-270.044555664063,27.4903030395508,0.911449551582336,0.591587364673615,-0.313254356384277,	
-77.46630859375,-269.786254882813,27.7955169677734,0.918390572071075,0.578856766223907,-0.324452877044678,	
-77.3971481323242,-269.822631835938,26.7499694824219,0.933437824249268,0.602986693382263,-0.327173948287964,	
-77.3024597167969,-269.770355224609,27.2573623657227,0.897621035575867,0.607516527175903,-0.31879860162735,	
-77.0035705566406,-269.859466552734,27.3501968383789,0.933064162731171,0.587233245372772,-0.310516655445099,	
-76.9364395141602,-270.163024902344,27.1938705444336,0.904160141944885,0.561804234981537,-0.324721097946167,	
-77.2389755249023,-270.249847412109,27.7935638427734,0.925758481025696,0.59164035320282,-0.313297510147095,	
-77.3870391845703,-270.423431396484,27.1002807617188,0.897262454032898,0.59082043170929,-0.324586987495422,	
-77.6232604980469,-269.694519042969,27.1737899780273,0.911677539348602,0.582217633724213,-0.335691511631012,	
-77.6151504516602,-269.868957519531,26.9796752929688,0.897297620773315,0.590883553028107,-0.321693897247314,	
-77.3878784179688,-270.169036865234,27.7875061035156,0.925503075122833,0.532659947872162,-0.338867127895355,	
-77.242431640625,-269.822692871094,27.0648727416992,0.91136109828949,0.590652406215668,-0.332803785800934,	
-77.1000747680664,-269.995147705078,26.7797317504883,0.919012844562531,0.586289882659912,-0.335594356060028,	
-77.3885498046875,-270.260803222656,27.3802261352539,0.940169215202332,0.591545701026917,-0.324526429176331,	
-77.5472106933594,-270.087982177734,28.5815048217773,0.939443230628967,0.575231194496155,-0.332843720912933,	
-77.4628067016602,-270.0419921875,27.5151214599609,0.954443633556366,0.591636121273041,-0.321563303470612,	
-77.2316589355469,-270.081115722656,26.8927612304688,0.947550714015961,0.578848361968994,-0.310383081436157,	
-77.24365234375,-270.0849609375,27.9018783569336,0.904354214668274,0.596268057823181,-0.304799795150757,	
-77.5446014404297,-270.178100585938,27.3822708129883,0.940139293670654,0.583070576190948,-0.321619153022766,	
-77.3009643554688,-270.035217285156,26.8866271972656,0.954703748226166,0.599871039390564,-0.310363829135895,	
-77.5328369140625,-269.906463623047,28.7718734741211,0.918054163455963,0.587805449962616,-0.324436843395233,	
-77.6142883300781,-270.216400146484,26.9973526000977,0.904066324234009,0.578226923942566,-0.324431180953979,	
-77.3194198608398,-270.477294921875,28.2790603637695,0.903712630271912,0.578988492488861,-0.338513493537903,	
-77.5544586181641,-270.094024658203,26.9085006713867,0.88986474275589,0.569561719894409,-0.332835078239441,	
-77.6876220703125,-269.905151367188,27.5715408325195,0.903946757316589,0.570187568664551,-0.327343702316284,	
-77.6957244873047,-270.25146484375,26.9190902709961,0.911118566989899,0.557260453701019,-0.321821212768555,	
-77.3986206054688,-270.607086181641,27.9331436157227,0.896535515785217,0.583351194858551,-0.313163697719574,	
-77.3169860839844,-270.736358642578,27.8180465698242,0.889493525028229,0.545155644416809,-0.324566960334778,	
-77.8604888916016,-270.965667724609,27.665771484375,0.903739273548126,0.603546798229218,-0.329635381698608,	
-77.695068359375,-270.867065429688,27.6586685180664,0.932077348232269,0.570062041282654,-0.329698443412781,	
-77.9880218505859,-271.136840820313,27.7540893554688,0.91096556186676,0.582698822021484,-0.324135303497314,	
-77.8349685668945,-271.485534667969,27.9507217407227,0.918110609054565,0.587503254413605,-0.309934854507446,	
-78.4231033325195,-271.657836914063,27.806266784668,0.917882740497589,0.595405995845795,-0.306903302669525,	
-78.4300384521484,-271.830688476563,28.2107620239258,0.931574285030365,0.570672631263733,-0.315420687198639,	
-78.2156982421875,-272.223052978516,28.2331314086914,0.938481986522675,0.558071374893188,-0.318160831928253,	
-77.9782180786133,-272.703125,27.837890625,0.938504815101624,0.591186046600342,-0.306569218635559,	
-78.286506652832,-272.870239257813,27.8597183227539,0.924449026584625,0.574304401874542,-0.30088597536087,	
-78.5097351074219,-273.008209228516,27.3661270141602,0.895519375801086,0.540781080722809,-0.289703786373138,	
-78.3528594970703,-273.615478515625,27.9005813598633,0.923272669315338,0.557904958724976,-0.303573608398438,	
-79.0349655151367,-273.577575683594,27.8716506958008,0.909013032913208,0.565769374370575,-0.306180417537689,	
-78.5733108520508,-274.188049316406,27.9587783813477,0.909227669239044,0.590874314308167,-0.303128004074097,	
-78.9482803344727,-274.576782226563,28.2497711181641,0.915709316730499,0.528400123119354,-0.292107999324799,	
-78.8031768798828,-274.928497314453,28.0067138671875,0.915778994560242,0.561822175979614,-0.297243475914001,	
-79.1796188354492,-275.223327636719,27.4085235595703,0.901160001754761,0.519602596759796,-0.300169229507446,	
-79.4079513549805,-275.806610107422,28.1469421386719,0.900220036506653,0.527934491634369,-0.288642704486847,	
-79.7135772705078,-276.502258300781,27.963508605957,0.900642156600952,0.553028583526611,-0.291158497333527,	
-79.466926574707,-276.708923339844,28.7820129394531,0.899399220943451,0.527946531772614,-0.302345633506775,	
-79.9114379882813,-277.495269775391,28.6531677246094,0.913577973842621,0.553208708763123,-0.285027682781219,	
-80.1365737915039,-278.149536132813,27.8940734863281,0.892096936702728,0.540116846561432,-0.282088339328766,	
-80.0798950195313,-278.719055175781,27.9062805175781,0.884665548801422,0.518939256668091,-0.284716069698334,	
-80.3678588867188,-279.151885986328,28.931640625,0.898428618907928,0.536705195903778,-0.264886319637299,	
-80.6665954589844,-279.761779785156,29.0832061767578,0.861819505691528,0.514770925045013,-0.292733013629913,	
-80.5157623291016,-280.377288818359,28.821662902832,0.868769943714142,0.494004786014557,-0.275875508785248,	
-81.1942443847656,-280.591186523438,29.0487213134766,0.882684767246246,0.51958829164505,-0.267043769359589,	
-80.8186340332031,-281.419158935547,29.0651168823242,0.868444502353668,0.510579943656921,-0.294920921325684,	
-80.8962860107422,-281.726684570313,29.6089935302734,0.868115246295929,0.511256515979767,-0.280814409255981,	
-81.3460235595703,-282.251892089844,28.4179153442383,0.846543788909912,0.505978524684906,-0.283359885215759,	
-81.1252365112305,-282.643188476563,28.6655120849609,0.860748291015625,0.472651422023773,-0.275037586688995,	
-81.5689239501953,-283.242767333984,28.8856048583984,0.874597728252411,0.480759859085083,-0.291384398937225,	
-81.8664169311523,-283.683410644531,29.9050750732422,0.85945075750351,0.49035781621933,-0.271595418453217,	
-81.7931289672852,-284.161407470703,29.2599945068359,0.852547705173492,0.492983818054199,-0.288136124610901,	
-81.7943954467773,-284.517181396484,30.5709381103516,0.873123288154602,0.473660469055176,-0.274135887622833,	
-82.088134765625,-285.294799804688,29.7324447631836,0.859196782112122,0.481233477592468,-0.26814603805542,	
-82.0079193115234,-285.601623535156,28.8373336791992,0.830570042133331,0.463293433189392,-0.282021164894104,	
-82.3901519775391,-286.428833007813,28.4838638305664,0.815982639789581,0.471974670886993,-0.262231647968292,	
-82.2380294799805,-286.865966796875,29.3859176635742,0.83704537153244,0.484764397144318,-0.273228466510773,	
-82.3027191162109,-287.342193603516,29.7346954345703,0.858189284801483,0.480847537517548,-0.267285883426666,	
-82.5395584106445,-287.389343261719,30.7446136474609,0.836008667945862,0.468520879745483,-0.270019829273224,	
-82.5335006713867,-288.176788330078,29.4978256225586,0.836032330989838,0.459450602531433,-0.269861400127411,	
-82.7561798095703,-289.262786865234,30.6722717285156,0.843023836612701,0.489640891551971,-0.26103663444519,	
-82.975715637207,-289.305725097656,30.0611877441406,0.828409790992737,0.472301065921783,-0.269307255744934,	
-82.8378143310547,-289.743347167969,28.7904434204102,0.81466943025589,0.454310357570648,-0.269237995147705,	
-83.2722778320313,-290.173034667969,30.018928527832,0.827898144721985,0.455125689506531,-0.26615309715271,	
-83.1259765625,-290.69091796875,30.6121368408203,0.812759339809418,0.438713550567627,-0.274592638015747,	
-83.2749328613281,-291.129638671875,30.3740997314453,0.812946557998657,0.446642398834229,-0.279859781265259,	
-83.2118530273438,-291.354400634766,30.476921081543,0.805201470851898,0.467475950717926,-0.273941338062286,	
-83.2185974121094,-291.882141113281,30.72216796875,0.819753587245941,0.467677354812622,-0.270983994007111,	
-83.1982345581055,-292.571105957031,30.549934387207,0.797663509845734,0.454958915710449,-0.265283703804016,	
-83.6656341552734,-292.919281005859,29.4573135375977,0.80547046661377,0.458746731281281,-0.259431004524231,	
-83.2817993164063,-293.22265625,30.1135635375977,0.776501834392548,0.467060565948486,-0.256512105464935,	
-83.5113906860352,-293.533935546875,29.5202331542969,0.776612758636475,0.449892044067383,-0.267672598361969,	
-83.7427444458008,-293.929931640625,30.2492752075195,0.804660201072693,0.441877961158752,-0.26481831073761,	
-83.5834579467773,-294.182373046875,30.4643859863281,0.789883375167847,0.433557212352753,-0.273020684719086,	
-83.9653091430664,-294.408569335938,30.6915130615234,0.761456906795502,0.475048363208771,-0.267091035842896,	
-83.8776092529297,-294.970764160156,30.8362579345703,0.782987296581268,0.462770342826843,-0.261311650276184,	
-84.0523376464844,-295.067077636719,30.7094345092773,0.811170995235443,0.45457535982132,-0.272426009178162,	
-83.9521865844727,-295.713439941406,30.8493499755859,0.789721310138702,0.450102984905243,-0.26388019323349,	
-84.0297088623047,-295.753295898438,29.9403533935547,0.810872673988342,0.429016411304474,-0.266649305820465,	
-84.100471496582,-296.144714355469,30.7882232666016,0.789269685745239,0.449925899505615,-0.263702869415283,	
-84.0181427001953,-296.192626953125,31.6701583862305,0.773907124996185,0.425433754920959,-0.274996697902679,	
-83.9522933959961,-296.406097412109,31.2809371948242,0.745439410209656,0.408550441265106,-0.263760089874268,	
-84.0244293212891,-296.891021728516,30.5348587036133,0.775037944316864,0.475018560886383,-0.254928588867188,	
-84.4013442993164,-296.842529296875,30.9226684570313,0.773918986320496,0.408701479434967,-0.257944047451019,	
-84.3334197998047,-296.973205566406,29.8995819091797,0.774510145187378,0.440854907035828,-0.282999098300934,	
-84.2541656494141,-297.191101074219,31.7353820800781,0.780993103981018,0.437786817550659,-0.282806098461151,	
-84.4764404296875,-297.058776855469,30.9375076293945,0.781367540359497,0.429133176803589,-0.266186833381653,	
-84.4035415649414,-297.454711914063,30.7535781860352,0.766900420188904,0.437008678913116,-0.263225257396698,	
-84.4713668823242,-297.232513427734,30.9128799438477,0.781295359134674,0.428871333599091,-0.280039429664612,	
-84.3202743530273,-297.496826171875,31.0452346801758,0.78122466802597,0.437638521194458,-0.263246893882751,	
-84.3280258178711,-297.670593261719,31.1466674804688,0.773934185504913,0.450044393539429,-0.263056993484497,	
-84.2497100830078,-297.451416015625,31.9544525146484,0.766545832157135,0.44661545753479,-0.257567167282104,	
-84.5641937255859,-297.453308105469,30.6693344116211,0.781099677085876,0.436548471450806,-0.291141867637634,	
-84.482292175293,-297.231353759766,30.448127746582,0.766712665557861,0.420146644115448,-0.28292715549469,	
-84.6277236938477,-297.588104248047,31.7605133056641,0.759436428546906,0.441922426223755,-0.266036748886108,	
-84.5629348754883,-297.372436523438,31.1621398925781,0.795570850372314,0.429053962230682,-0.271624147891998,	
-84.4767227172852,-297.2373046875,31.1490783691406,0.773893058300018,0.458349466323853,-0.274364590644836,	
-84.3279495239258,-297.232971191406,31.2690963745117,0.781015753746033,0.437509179115295,-0.265968561172485,	
-84.4089965820313,-297.276885986328,31.2745208740234,0.781300127506256,0.462635695934296,-0.263252973556519,	
-84.4183654785156,-296.668212890625,30.8320999145508,0.781862437725067,0.445644080638885,-0.274590849876404,	
-84.4061889648438,-296.578094482422,30.6999206542969,0.781735062599182,0.462143957614899,-0.268903911113739,	
-84.6295166015625,-296.539123535156,31.0008163452148,0.79574590921402,0.462551653385162,-0.274650573730469,	
-84.3429489135742,-296.539184570313,31.7051391601563,0.810038328170776,0.454509675502777,-0.283340215682983,	
-83.8807220458984,-295.83935546875,31.6871337890625,0.788852453231812,0.466691911220551,-0.302981019020081,	
-84.2580718994141,-295.358764648438,30.6670227050781,0.768087148666382,0.462388515472412,-0.266763687133789,	
-84.4889373779297,-295.314514160156,31.6970596313477,0.788715720176697,0.46682471036911,-0.291850328445435,	
-84.0135116577148,-294.528717041016,31.2773284912109,0.78949248790741,0.450430929660797,-0.272758603096008,	
-84.2624588012695,-294.224395751953,30.1865692138672,0.79001384973526,0.458103597164154,-0.267262160778046,	
-83.7337188720703,-294.005493164063,30.7599945068359,0.789638340473175,0.46660840511322,-0.29261839389801,	
-83.4379806518555,-293.571594238281,30.5277404785156,0.804367780685425,0.458267092704773,-0.295607268810272,	
-83.7476043701172,-293.13525390625,30.7130737304688,0.783146440982819,0.479275345802307,-0.295786440372467,	
-84.0511245727539,-292.357025146484,30.3805313110352,0.826383233070374,0.446028113365173,-0.298910796642303,	
-83.8291931152344,-291.960968017578,31.3266983032227,0.819118201732635,0.47542142868042,-0.301529049873352,	
-83.7493438720703,-291.394073486328,29.7908325195313,0.819880902767181,0.482997953891754,-0.307445287704468,	
-83.9729995727539,-290.747131347656,29.5503921508789,0.762569606304169,0.457683980464935,-0.313389480113983,	
-83.4489593505859,-290.785400390625,30.1709289550781,0.820175647735596,0.483768999576569,-0.302424848079681,	
-83.3073272705078,-289.825927734375,30.117073059082,0.784583330154419,0.454189717769623,-0.302851855754852,	
-83.4596862792969,-289.480224609375,30.6871109008789,0.791617274284363,0.467221140861511,-0.302907228469849,	
-83.2973937988281,-288.95166015625,30.5598297119141,0.834891438484192,0.467564821243286,-0.300318121910095,	
-83.2970428466797,-288.341918945313,29.7051544189453,0.814323246479034,0.504581868648529,-0.30864691734314,	
-82.9189910888672,-287.4287109375,29.466911315918,0.828424513339996,0.504593312740326,-0.306183159351349,	
-82.6208724975586,-287.342590332031,28.6675872802734,0.836523115634918,0.51628977060318,-0.309164226055145,	
-82.7747802734375,-286.376281738281,29.7295379638672,0.829472005367279,0.49658215045929,-0.301187515258789,	
-82.4739379882813,-285.93994140625,28.8835601806641,0.822258234024048,0.491796314716339,-0.312660455703735,	
-82.1933746337891,-285.419250488281,29.3638687133789,0.83716344833374,0.517053246498108,-0.312776803970337,	
-82.6938629150391,-284.768493652344,29.4226379394531,0.822834968566895,0.517509698867798,-0.315828859806061,	
-82.1005783081055,-283.895172119141,29.5563507080078,0.823287844657898,0.50888979434967,-0.332908749580383,	
-82.2674789428711,-283.464447021484,28.7201690673828,0.80994439125061,0.533803522586823,-0.321896135807037,	
-81.821159362793,-282.935394287109,30.0067901611328,0.859389901161194,0.52210795879364,-0.338903427124023,	
-81.6731948852539,-282.064086914063,28.8411254882813,0.845929384231567,0.513301193714142,-0.305581331253052,	
-81.5096740722656,-281.798706054688,29.1102981567383,0.831739962100983,0.547152817249298,-0.316943526268005,	
-81.6682357788086,-281.283050537109,30.2933807373047,0.860291421413422,0.531202554702759,-0.325640618801117,	
-81.2024688720703,-280.667541503906,29.4858703613281,0.817513227462769,0.547409117221832,-0.33424311876297,	
-81.2024536132813,-280.397338867188,28.7621154785156,0.840041816234589,0.517687559127808,-0.343061804771423,	
-80.9880676269531,-279.582427978516,28.4782180786133,0.847200274467468,0.530293881893158,-0.337465703487396,	
-80.9029159545898,-279.097808837891,28.4456253051758,0.855411648750305,0.55982106924057,-0.329157710075378,	
-80.6954956054688,-278.272644042969,27.5819473266602,0.81972861289978,0.53800755739212,-0.337907433509827,	
-80.0914840698242,-277.744812011719,28.2830276489258,0.834238469600677,0.555306851863861,-0.329578757286072,	
-80.5344085693359,-277.657470703125,28.3080368041992,0.834406971931458,0.563784956932068,-0.335550487041473,	
-80.0235137939453,-277.266906738281,29.1422958374023,0.877042710781097,0.539763867855072,-0.349759340286255,	
-80.0133514404297,-276.738311767578,28.7215042114258,0.84143453836441,0.55179238319397,-0.338774561882019,	
-79.8723983764648,-276.303070068359,28.2889022827148,0.850006699562073,0.589314877986908,-0.335905194282532,	
-79.948860168457,-275.572265625,28.332633972168,0.885416030883789,0.551282584667206,-0.369773745536804,	
-80.0267944335938,-275.268341064453,27.6406173706055,0.850346922874451,0.555442273616791,-0.367223560810089,	
-79.2598266601563,-275.164123535156,28.8077774047852,0.885782837867737,0.552320003509521,-0.350677311420441,	
-79.5671768188477,-274.480102539063,28.4763031005859,0.850401401519775,0.589745938777924,-0.353422284126282,	
-79.0511093139648,-273.996612548828,28.6484451293945,0.886192619800568,0.560754001140594,-0.365000128746033,	
-79.274787902832,-273.609405517578,27.5420303344727,0.865752160549164,0.597630381584167,-0.350873947143555,	
-78.8924026489258,-273.560852050781,27.8295135498047,0.8730788230896,0.585379481315613,-0.342718660831451,	
-78.9717025756836,-273.430053710938,27.7331924438477,0.894473910331726,0.597776710987091,-0.351018309593201,	
-78.9797515869141,-273.336456298828,28.0023651123047,0.88732522726059,0.560819685459137,-0.354085922241211,	
-78.7521820068359,-272.783660888672,28.0756530761719,0.887572348117828,0.552354991436005,-0.357083916664124,	
-78.9027862548828,-272.868408203125,27.9670257568359,0.866068661212921,0.581769168376923,-0.356934428215027,	
-78.7467193603516,-272.606994628906,28.5613403320313,0.872937321662903,0.577661395072937,-0.359854400157928,	
-78.8994445800781,-272.262878417969,27.6374359130859,0.887804448604584,0.585594415664673,-0.342994391918182,	
-78.6729507446289,-272.034912109375,27.7141723632813,0.909473299980164,0.573319494724274,-0.340279340744019,	
-78.6788940429688,-272.3037109375,27.668586730957,0.880854249000549,0.615297913551331,-0.334659337997437,	
-78.5226593017578,-272.388458251953,28.6683807373047,0.887771308422089,0.57829761505127,-0.33770889043808,	
-78.2950439453125,-271.906127929688,27.7269821166992,0.895097494125366,0.606764674186707,-0.337526023387909,	
-78.3687744140625,-271.860931396484,28.0212326049805,0.895070493221283,0.582210540771484,-0.346180498600006,	
-78.6751098632813,-271.427673339844,28.4946136474609,0.902277588844299,0.595264494419098,-0.34902161359787,	
-78.6240844726563,-271.572387695313,27.6059417724609,0.888276517391205,0.568990767002106,-0.362989842891693,	
-78.3820495605469,-271.695068359375,28.1078186035156,0.866172671318054,0.548413515090942,-0.351970255374908,	
-78.2280731201172,-271.869964599609,28.3996353149414,0.887844264507294,0.603058636188507,-0.3516805768013,	
-78.1470336914063,-271.821350097656,27.3142166137695,0.888652443885803,0.593821287155151,-0.346164524555206,	
-77.7699356079102,-271.861450195313,27.838508605957,0.888241589069366,0.5778648853302,-0.3406902551651,	
-78.228759765625,-272.034942626953,28.447509765625,0.902064025402069,0.570308089256287,-0.343337059020996,	
-78.0097351074219,-271.471984863281,28.794792175293,0.923604190349579,0.57438850402832,-0.343448519706726,	
-78.2220993041992,-272.130645751953,27.5339584350586,0.931516289710999,0.569371938705444,-0.357394397258759,	
-78.5297698974609,-272.048889160156,28.5073089599609,0.901724755764008,0.55305027961731,-0.349091351032257,	
-78.3759231567383,-272.133941650391,28.8330841064453,0.88082093000412,0.565719962120056,-0.346482574939728,	
-78.2967300415039,-271.476959228516,28.7910842895508,0.888146221637726,0.586721181869507,-0.351863265037537,	
-78.1505432128906,-272.080688476563,27.7383346557617,0.881419241428375,0.598542809486389,-0.33203125,	
-77.9937896728516,-271.7275390625,27.7399291992188,0.924193024635315,0.581902921199799,-0.348969578742981,	
-78.2884521484375,-272.080230712891,27.6176223754883,0.909909784793854,0.565493583679199,-0.343650937080383,	
-78.0080337524414,-271.911560058594,28.3204345703125,0.917029440402985,0.586649894714355,-0.334949553012848,	
-78.3695220947266,-271.951446533203,27.7285003662109,0.881165325641632,0.581935405731201,-0.335039794445038,	
-78.1282424926758,-271.639129638672,27.204216003418,0.888608455657959,0.577439308166504,-0.340775787830353,	
-78.1561431884766,-271.651458740234,27.7131652832031,0.917268216609955,0.553025722503662,-0.349182724952698,	
-78.2223281860352,-271.867553710938,27.5126724243164,0.909699201583862,0.565224409103394,-0.354662597179413,	
-78.5119476318359,-271.689392089844,27.0032958984375,0.888956546783447,0.57767641544342,-0.334995567798615,	
-78.0721664428711,-271.947143554688,27.7011795043945,0.895967781543732,0.607296407222748,-0.32658439874649,	
-77.9179840087891,-271.686950683594,27.3862838745117,0.895825147628784,0.573568642139435,-0.337915480136871,	
-78.3024749755859,-272.082763671875,27.446662902832,0.895567238330841,0.565521955490112,-0.337987184524536,	
-78.3797149658203,-271.613891601563,27.7067794799805,0.895814120769501,0.557061553001404,-0.340761601924896,	
-78.2887496948242,-271.733245849609,27.5957336425781,0.874313712120056,0.577871203422546,-0.346163213253021,	
-78.4445648193359,-271.475494384766,27.5807952880859,0.895814597606659,0.557109713554382,-0.33792370557785,	
-78.3874435424805,-271.523193359375,28.0942001342773,0.90972775220871,0.582496404647827,-0.340667188167572,	
-77.9921188354492,-271.907775878906,26.9005966186523,0.903021633625031,0.577585279941559,-0.337815523147583,	
-78.0821685791016,-271.527313232422,26.9116592407227,0.917677521705627,0.577779173851013,-0.337754309177399,	
-77.6925659179688,-271.732452392578,28.5061798095703,0.916547775268555,0.570519208908081,-0.338099360466003,	
-77.9951019287109,-271.819274902344,28.6058959960938,0.902245104312897,0.553209185600281,-0.35199636220932,	
-77.8573379516602,-271.921142578125,27.5194091796875,0.874432802200317,0.585862398147583,-0.346088588237762,	
-78.3844604492188,-271.527374267578,28.1192779541016,0.90982973575592,0.582348704338074,-0.351853251457214,	
-77.8413543701172,-271.564117431641,26.9916229248047,0.917675316333771,0.577590882778168,-0.348882138729095,	
-77.9121704101563,-271.685791015625,27.884765625,0.895596146583557,0.60729718208313,-0.351592481136322,	
-78.3724899291992,-271.430480957031,26.4052581787109,0.918005466461182,0.585899412631989,-0.334957957267761,	
-77.8424224853516,-271.567413330078,27.8110198974609,0.903399229049683,0.619588971138,-0.346087992191315,	
-77.9196319580078,-271.9599609375,27.9336624145508,0.916988790035248,0.595003247261047,-0.343419373035431,	
-77.8488006591797,-271.647705078125,27.5063934326172,0.90299654006958,0.553171455860138,-0.338180124759674,	
-77.9959716796875,-271.303833007813,27.7736740112305,0.881472826004028,0.59052562713623,-0.337729394435883,	
-77.6112213134766,-271.514739990234,27.3692016601563,0.895674765110016,0.556957960128784,-0.343596518039703,	
-78.1497039794922,-271.652038574219,27.0928497314453,0.910596787929535,0.590358078479767,-0.332228481769562,	
-77.8434066772461,-271.824279785156,27.6000137329102,0.917526721954346,0.561120390892029,-0.346273124217987,	
-78.1584777832031,-271.65771484375,28.5045852661133,0.902026355266571,0.536664962768555,-0.35211193561554,	
-77.70703125,-271.569091796875,27.2957763671875,0.874614357948303,0.568811535835266,-0.35191023349762,	
-77.8427963256836,-271.732971191406,27.2763366699219,0.889135599136353,0.602670133113861,-0.337674021720886,	
-78.0039749145508,-271.564331054688,27.2671966552734,0.881875216960907,0.581322491168976,-0.354438781738281,	
-77.6166915893555,-271.691436767578,26.8835144042969,0.910310328006744,0.565039396286011,-0.346295535564423,	
-78.1533355712891,-271.473449707031,27.2920150756836,0.932401597499847,0.577854037284851,-0.346319973468781,	
-77.920539855957,-271.868255615234,27.194709777832,0.91774708032608,0.577804684638977,-0.337867677211761,	
-77.8509368896484,-271.656005859375,28.2996597290039,0.895769357681274,0.573975503444672,-0.346294462680817,	
-77.9185180664063,-271.867858886719,27.7203216552734,0.925247132778168,0.598968088626862,-0.337743937969208,	
-77.9255523681641,-271.257659912109,28.0664749145508,0.902965247631073,0.586832940578461,-0.326677560806274,	
-77.8460006713867,-271.822509765625,27.4241638183594,0.931627690792084,0.561136186122894,-0.343585789203644,	
-77.6261596679688,-271.611450195313,27.4134216308594,0.91055154800415,0.573884129524231,-0.332291841506958,	
-77.9254302978516,-271.612976074219,26.6762619018555,0.918359756469727,0.577764093875885,-0.320986926555634,	
-77.773323059082,-271.6025390625,27.3800354003906,0.889259099960327,0.594726860523224,-0.340647757053375,	
-77.7828979492188,-271.614807128906,27.4984436035156,0.910656213760376,0.573972821235657,-0.329512178897858,	
-77.4728088378906,-271.433502197266,27.6395568847656,0.895991504192352,0.581915140151978,-0.351729989051819,	
-78.0056762695313,-271.483276367188,26.590217590332,0.889318227767944,0.585715472698212,-0.337819933891296,	
-77.9910659790039,-271.652191162109,27.9970321655273,0.902951717376709,0.57008957862854,-0.343489348888397,	
-77.6204986572266,-271.603820800781,26.7857437133789,0.882447957992554,0.589679062366486,-0.343413591384888,	
-77.3220825195313,-271.782043457031,28.3931350708008,0.902803242206573,0.55366724729538,-0.338042438030243,	
-77.7827911376953,-271.60693359375,27.179573059082,0.903409063816071,0.569320440292358,-0.332302868366241,	
-77.8490142822266,-271.395050048828,27.0748443603516,0.903543412685394,0.577888548374176,-0.332206785678864,	
-77.5527572631836,-271.65380859375,27.0009231567383,0.903542459011078,0.577792346477509,-0.337882578372955,	
-77.5543212890625,-271.742218017578,27.4795989990234,0.896456122398376,0.598791658878326,-0.337709784507751,	
-77.9930267333984,-271.652160644531,27.702392578125,0.910474181175232,0.590975642204285,-0.326528429985046,	
-77.5566864013672,-271.398406982422,26.9019546508789,0.910797953605652,0.565375566482544,-0.337904155254364,	
-77.6127471923828,-271.430053710938,28.1843185424805,0.917411923408508,0.586849451065063,-0.33217579126358,	
-77.5549926757813,-271.479461669922,28.5789413452148,0.910349726676941,0.591400802135468,-0.332179725170135,	
-77.5452270507813,-271.739410400391,27.1861190795898,0.88211065530777,0.565191745758057,-0.34076601266861,	
-77.4776000976563,-271.521423339844,27.486686706543,0.910760939121246,0.574061393737793,-0.326732397079468,	
-77.6196517944336,-271.695953369141,27.7937088012695,0.874731063842773,0.578081369400024,-0.343558013439178,	
-77.8490447998047,-271.654815673828,27.708854675293,0.903429865837097,0.561481118202209,-0.326704919338226,	
-77.5584182739258,-271.828430175781,28.5133972167969,0.888669312000275,0.553776562213898,-0.332494974136353,	
-77.5367126464844,-271.650817871094,27.6974945068359,0.903350055217743,0.578331828117371,-0.335130751132965,	
-77.6955413818359,-271.648651123047,27.7914657592773,0.925376772880554,0.582656621932983,-0.332303047180176,	
-77.6924285888672,-271.655334472656,27.5874252319336,0.90342104434967,0.57850170135498,-0.326730370521545,	
-77.5484619140625,-271.652282714844,27.5841369628906,0.903494477272034,0.603310644626617,-0.337864398956299,	
-77.3253479003906,-271.439575195313,27.2814483642578,0.889730274677277,0.594394326210022,-0.337729752063751,	
-77.695442199707,-271.910919189453,27.6963500976563,0.889017999172211,0.594823241233826,-0.329235255718231,	
-77.4892196655273,-271.441070556641,27.3745803833008,0.896263778209686,0.565987467765808,-0.326874256134033,	
-77.5542373657227,-271.914459228516,27.605110168457,0.91050785779953,0.590894341468811,-0.332148909568787,	
-77.2522277832031,-271.655731201172,27.5005264282227,0.881747364997864,0.557008326053619,-0.346455276012421,	
-77.7775421142578,-271.525695800781,27.9926223754883,0.896081209182739,0.582942008972168,-0.326728343963623,	
-77.7786407470703,-271.790435791016,27.6005096435547,0.918022990226746,0.586664438247681,-0.323808789253235,	
-77.6974334716797,-271.649841308594,26.8822708129883,0.903605937957764,0.552846252918243,-0.338103175163269,	
-77.3222503662109,-271.435882568359,28.4876556396484,0.888881981372833,0.578688979148865,-0.340794086456299,	
-77.3230972290039,-271.34375,28.4796829223633,0.896077156066895,0.591502904891968,-0.32379150390625,	
-77.6147537231445,-271.518798828125,27.7836151123047,0.889330625534058,0.594944834709167,-0.32940948009491,	
-77.2344131469727,-271.650756835938,27.9898834228516,0.903547525405884,0.561905801296234,-0.338093042373657,	
-77.6138610839844,-271.606475830078,27.6672744750977,0.903565466403961,0.570140957832336,-0.321156620979309,	
-77.3886947631836,-271.566040039063,27.7847290039063,0.896651566028595,0.591114580631256,-0.326607406139374,	
-77.3177032470703,-271.520324707031,28.0733184814453,0.889279305934906,0.586839318275452,-0.337887465953827,	
-77.1087875366211,-271.835296630859,27.9857330322266,0.925129532814026,0.600010275840759,-0.306950390338898,	
-77.2444000244141,-271.213043212891,27.5607757568359,0.910965859889984,0.582751274108887,-0.321073889732361,	
-77.31494140625,-271.699584960938,27.1154022216797,0.925461530685425,0.590681076049805,-0.329445600509644,	
-77.6144638061523,-271.344970703125,27.1520538330078,0.861138164997101,0.577932178974152,-0.332367956638336,	
-77.1642456054688,-271.518615722656,29.2802505493164,0.888760209083557,0.579350531101227,-0.33247971534729,	
-77.3201599121094,-271.603698730469,27.2834930419922,0.88948130607605,0.569322645664215,-0.337999582290649,	
-77.4043884277344,-271.394744873047,27.6875686645508,0.882028460502625,0.590743184089661,-0.33796501159668,	
-77.2540664672852,-271.568176269531,27.1973876953125,0.896986484527588,0.582021594047546,-0.335137128829956,	
-77.2351989746094,-271.559875488281,27.8673400878906,0.911039233207703,0.607560336589813,-0.332207858562469,	
-77.3914794921875,-271.484283447266,28.5718688964844,0.925280570983887,0.567014217376709,-0.315651714801788,	
-77.53955078125,-271.214996337891,28.7602844238281,0.903430998325348,0.587494909763336,-0.332285642623901,	
-77.6903533935547,-272.093353271484,28.1070175170898,0.903554916381836,0.58702164888382,-0.329472184181213,	
-77.3848114013672,-271.305084228516,27.8545608520508,0.88228452205658,0.574199080467224,-0.315521240234375,	
-77.3260803222656,-271.177276611328,27.6498031616211,0.88940441608429,0.586462199687958,-0.329398155212402,	
-77.625129699707,-271.351837158203,26.6545791625977,0.897247076034546,0.590304672718048,-0.321099638938904,	
-77.2513885498047,-271.305023193359,27.3902053833008,0.904273688793182,0.620501279830933,-0.312667012214661,	
-77.4083709716797,-271.395111083984,27.8673248291016,0.932591021060944,0.578545093536377,-0.343632161617279,	
-77.1863632202148,-271.441467285156,27.1627502441406,0.925670444965363,0.590810179710388,-0.326723992824554,	
-77.2535247802734,-271.313323974609,27.683479309082,0.882107794284821,0.573844313621521,-0.332376956939697,	
-77.2512283325195,-271.13037109375,28.1422348022461,0.903578400611877,0.57047712802887,-0.335324585437775,	
-77.163200378418,-271.342620849609,27.5663070678711,0.896513819694519,0.591151118278503,-0.321152329444885,	
-77.4629135131836,-271.697296142578,27.288688659668,0.91136360168457,0.590949654579163,-0.315329551696777,	
-77.2354736328125,-271.385589599609,27.2399978637695,0.889932513237,0.578392863273621,-0.315598547458649,	
-77.4673690795898,-271.436981201172,28.5696258544922,0.896180868148804,0.591495275497437,-0.326687455177307,	
-77.2457122802734,-271.577972412109,27.0760269165039,0.932930588722229,0.56988114118576,-0.32684451341629,	
-77.2389373779297,-271.473510742188,27.1550064086914,0.918523490428925,0.594759047031403,-0.326636016368866,	
-77.4806594848633,-271.182739257813,27.0313034057617,0.92577463388443,0.590850710868835,-0.326782166957855,	
-77.3894958496094,-271.302490234375,27.7676620483398,0.918289721012115,0.603608071804047,-0.334968209266663,	
-77.3964385986328,-271.307373046875,27.8576126098633,0.90391480922699,0.603809654712677,-0.318231701850891,	
-77.5485687255859,-271.307373046875,28.0641021728516,0.889140963554382,0.586831867694855,-0.335046589374542,	
-76.8723449707031,-271.69970703125,27.202507019043,0.918121933937073,0.561777412891388,-0.321359872817993,	
-77.2503814697266,-271.222534179688,27.1501998901367,0.904098272323608,0.586951196193695,-0.312701821327209,	
-77.1741943359375,-271.615112304688,28.5198745727539,0.89603328704834,0.575120806694031,-0.318402647972107,	
-77.0971374511719,-271.571594238281,28.194206237793,0.932238519191742,0.562422513961792,-0.315589725971222,	
-77.2594833374023,-271.140991210938,28.1740646362305,0.939145743846893,0.583112716674805,-0.329475045204163,	
-77.4604873657227,-271.352905273438,27.5590744018555,0.911104679107666,0.582806766033173,-0.321076810359955,	
-77.2489013671875,-271.399047851563,27.6545639038086,0.911079883575439,0.599206984043121,-0.323738038539886,	
-77.4723892211914,-271.176147460938,28.3547744750977,0.903346657752991,0.586936295032501,-0.329579532146454,	
-77.2451400756836,-271.303558349609,27.7680587768555,0.925153493881226,0.541281044483185,-0.324235856533051,	
-77.3950271606445,-271.399963378906,28.3613739013672,0.91105580329895,0.574889242649078,-0.318426907062531,	
-77.4653015136719,-271.702301025391,26.6946868896484,0.904466032981873,0.586621940135956,-0.307111501693726,	
-77.6114196777344,-271.350433349609,28.0625686645508,0.925508379936218,0.59987735748291,-0.323817908763885,	
-77.5551147460938,-271.31640625,28.1577377319336,0.888993144035339,0.570457637310028,-0.326761841773987,	
-77.2394409179688,-271.389953613281,27.2750244140625,0.918409705162048,0.58724045753479,-0.298779249191284,	
-77.1734313964844,-271.264831542969,28.6785888671875,0.896460831165314,0.591794371604919,-0.315565526485443,	
-77.2466583251953,-271.303192138672,28.8528060913086,0.896163523197174,0.549964308738708,-0.332702279090881,	
-77.3289031982422,-271.266937255859,27.9460525512695,0.910948753356934,0.58350133895874,-0.309979736804962,	
-77.1643371582031,-271.699188232422,27.49365234375,0.918574631214142,0.595442712306976,-0.321107447147369,	
-77.6980056762695,-271.048980712891,28.0434112548828,0.939704596996307,0.583614766597748,-0.312906980514526,	
-77.3953094482422,-271.303619384766,27.2691802978516,0.889865219593048,0.611895382404327,-0.312664687633514,	
-77.2346801757813,-271.044006347656,27.333984375,0.904062628746033,0.586840033531189,-0.318432748317719,	
-77.3175735473633,-271.521118164063,27.6897277832031,0.896654367446899,0.591346740722656,-0.312865316867828,	
-77.3235931396484,-271.102630615234,28.3749160766602,0.903620779514313,0.604545176029205,-0.301455974578857,	
-77.482551574707,-271.182250976563,26.9676513671875,0.890069842338562,0.57830399274826,-0.324115216732025,	
-77.4769058227539,-270.919311523438,28.8302764892578,0.932258367538452,0.587826550006866,-0.323974668979645,	
-77.4728240966797,-271.181213378906,27.0553970336914,0.904352188110352,0.594617009162903,-0.335109531879425,	
-77.0900497436523,-271.219390869141,26.9617385864258,0.904070913791656,0.611999750137329,-0.307197749614716,	
-77.2581558227539,-271.2236328125,27.3570938110352,0.911446452140808,0.607670485973358,-0.301468670368195,	
-77.1622619628906,-271.174530029297,27.1712493896484,0.961725294589996,0.570390045642853,-0.307237148284912,	
-77.1790466308594,-271.268035888672,27.6819610595703,0.904061734676361,0.595685124397278,-0.298692286014557,	
-77.0845718383789,-271.647827148438,28.3705062866211,0.896590173244476,0.608826875686646,-0.318208277225494,	
-77.3241348266602,-271.088958740234,27.8195419311523,0.896796584129333,0.582797706127167,-0.318419456481934,	
-77.4135665893555,-271.225280761719,27.3555374145508,0.904096782207489,0.553467035293579,-0.312908113002777,	
-77.5489501953125,-271.140991210938,27.755615234375,0.947365820407867,0.595619142055511,-0.321141481399536,	
-77.5522384643555,-271.222290039063,27.2371978759766,0.875626564025879,0.603026986122131,-0.332251727581024,	
-77.6326751708984,-271.010894775391,26.4596710205078,0.882724046707153,0.56519478559494,-0.321271061897278,	
-76.9352035522461,-271.299865722656,27.5826873779297,0.911275148391724,0.591477334499359,-0.315697193145752,	
-77.092399597168,-271.132598876953,27.5482559204102,0.918216168880463,0.578746795654297,-0.326895773410797,	
-77.4812469482422,-271.009582519531,26.6409912109375,0.868736445903778,0.623815357685089,-0.315412998199463,	
-77.2558288574219,-271.492248535156,26.8694381713867,0.911473572254181,0.582569658756256,-0.310034453868866,	
-77.5581970214844,-271.049926757813,27.2277755737305,0.925876021385193,0.599543750286102,-0.318451166152954,	
-77.0117874145508,-271.089019775391,27.1634674072266,0.889975845813751,0.603615641593933,-0.301470339298248,	
-77.2562561035156,-271.222412109375,27.2663040161133,0.918715000152588,0.562246203422546,-0.307574450969696,	
-77.2571716308594,-270.968475341797,27.7225570678711,0.875575721263885,0.603858530521393,-0.315537095069885,	
-77.5529937744141,-270.787292480469,27.7110214233398,0.882481932640076,0.591112792491913,-0.326790869235992,	
-77.4076232910156,-271.224975585938,27.9704208374023,0.911026358604431,0.599802076816559,-0.320989072322845,	
-77.5530471801758,-271.228912353516,26.9438781738281,0.890109241008759,0.612087488174438,-0.307050049304962,	
-76.9415130615234,-271.390838623047,28.323486328125,0.946928560733795,0.604807496070862,-0.304487347602844,	
-77.2477416992188,-271.051177978516,27.6625061035156,0.911354184150696,0.616811454296112,-0.295838057994843,	
-77.2339859008789,-271.045318603516,26.446174621582,0.897359490394592,0.615504920482635,-0.309922635555267,	
-76.9483642578125,-271.046447753906,27.1607818603516,0.904253304004669,0.595049202442169,-0.307119846343994,	
-77.2525024414063,-271.401824951172,27.6835556030273,0.925765752792358,0.583420872688293,-0.296145617961884,	
-77.5593185424805,-271.494842529297,26.2800369262695,0.897405624389648,0.598735451698303,-0.295876085758209,	
-77.4622573852539,-270.834136962891,27.6128234863281,0.918501794338226,0.604021668434143,-0.315442979335785,	
-77.1959762573242,-271.188018798828,27.6817245483398,0.91850346326828,0.604161858558655,-0.307152986526489,	
-77.5512542724609,-270.882781982422,27.3330383300781,0.87551474571228,0.586759507656097,-0.318459749221802,	
-77.5596389770508,-271.13916015625,27.822868347168,0.918049573898315,0.570404410362244,-0.312857508659363,	
-77.4037933349609,-271.052825927734,26.9341735839844,0.897154867649078,0.599445343017578,-0.315468966960907,	
-77.4695739746094,-270.918518066406,27.7440032958984,0.896979153156281,0.608071565628052,-0.304517924785614,	
-77.0158386230469,-271.088134765625,26.4577789306641,0.889711141586304,0.577919065952301,-0.304599463939667,	
-77.5542297363281,-270.961212158203,27.4231185913086,0.911271095275879,0.557757019996643,-0.329869091510773,	
-77.2595138549805,-270.964294433594,26.9242324829102,0.933285772800446,0.595181584358215,-0.315505087375641,	
-77.3326187133789,-270.836486816406,28.3300704956055,0.875147044658661,0.587088704109192,-0.324050009250641,	
-77.7041168212891,-270.620483398438,26.9078826904297,0.882847666740417,0.59953248500824,-0.307135760784149,	
-77.179084777832,-271.091339111328,27.9321365356445,0.904032170772552,0.579783737659454,-0.298957765102386,	
-77.2418441772461,-270.875854492188,27.1820297241211,0.918661177158356,0.603607177734375,-0.309959948062897,	
-77.41015625,-270.703674316406,26.5265426635742,0.890086472034454,0.586394727230072,-0.315692365169525,	
-77.2986068725586,-271.169982910156,27.3414840698242,0.896946609020233,0.599360108375549,-0.315576314926147,	
-77.2517547607422,-271.311309814453,27.4762649536133,0.882704496383667,0.607985436916351,-0.307257473468781,	
-77.2317428588867,-270.866821289063,27.5292510986328,0.918480336666107,0.620702087879181,-0.30152416229248,	
-77.4070739746094,-271.054473876953,27.2261276245117,0.896732270717621,0.574303388595581,-0.315790951251984,	
-77.2620391845703,-270.963775634766,27.6338195800781,0.918323516845703,0.579071760177612,-0.310150265693665,	
-77.3923797607422,-270.958435058594,27.6499176025391,0.925665259361267,0.60816365480423,-0.307108044624329,	
-77.7052841186523,-270.441162109375,27.0120239257813,0.876157283782959,0.595194041728973,-0.304486334323883,	
-77.7079315185547,-270.882690429688,28.7234954833984,0.918169617652893,0.604409575462341,-0.318363845348358,	
-77.4779434204102,-271.185333251953,27.3235702514648,0.890070855617523,0.578400313854218,-0.318439424037933,	
-77.2602081298828,-270.883392333984,26.6224212646484,0.897387146949768,0.590452015399933,-0.315650522708893,	
-77.4026336669922,-270.789306640625,27.2117462158203,0.904480457305908,0.587098240852356,-0.312989473342896,	
-77.3967742919922,-270.616729736328,27.2011108398438,0.904524624347687,0.603480100631714,-0.318378388881683,	
-77.7847061157227,-270.752410888672,27.9175872802734,0.889567077159882,0.612249970436096,-0.318368315696716,	
-77.0384216308594,-270.751983642578,27.0959320068359,0.918770909309387,0.595231473445892,-0.304441392421722,	
-77.6365814208984,-270.662719726563,26.6114807128906,0.897526800632477,0.599492728710175,-0.28762298822403,	
-77.3215560913086,-270.838439941406,27.4112396240234,0.861197590827942,0.60377562046051,-0.315604269504547,	
-77.8411636352539,-270.883117675781,27.0352249145508,0.904450058937073,0.578575193881989,-0.312920212745667,	
-77.3272705078125,-270.496734619141,26.8945617675781,0.882953107357025,0.599664986133575,-0.3017418384552,	
-77.2559051513672,-270.965515136719,27.7505493164063,0.875286459922791,0.553848445415497,-0.31313145160675,	
-77.6135482788086,-270.563049316406,27.8986282348633,0.896651029586792,0.599951267242432,-0.307314276695251,	
-77.1042556762695,-270.704803466797,26.6452331542969,0.912224292755127,0.615827739238739,-0.307139754295349,	
-77.4049682617188,-270.622863769531,27.1086273193359,0.911433637142181,0.599908232688904,-0.290473759174347,	
-77.1748962402344,-270.660583496094,27.2256851196289,0.904425263404846,0.570520460605621,-0.28514289855957,	
-77.3410263061523,-270.837554931641,28.3102035522461,0.889890789985657,0.637820243835449,-0.290280401706696,	
-77.1748580932617,-270.921600341797,28.2451171875,0.910806715488434,0.59204626083374,-0.304649293422699,	
-77.5411071777344,-270.708709716797,27.4056091308594,0.918331801891327,0.595342397689819,-0.321269869804382,	
-78.0105438232422,-270.800262451172,28.6232223510742,0.896503210067749,0.616921126842499,-0.307113111019135,	
-77.7806777954102,-270.664947509766,27.4983520507813,0.889951050281525,0.579250037670135,-0.298997163772583,	
-77.5573425292969,-270.709625244141,27.7072067260742,0.904202461242676,0.629220485687256,-0.29871267080307,	
-77.6250686645508,-270.747985839844,27.1169357299805,0.8902667760849,0.620422065258026,-0.287502408027649,	
-77.3036270141602,-270.829559326172,26.9370040893555,0.911615192890167,0.616201102733612,-0.304379045963287,	
-77.0122146606445,-270.823883056641,27.1403274536133,0.897194027900696,0.599832475185394,-0.293381750583649,	
-77.1782760620117,-270.838134765625,26.6510391235352,0.8758504986763,0.586647629737854,-0.29918247461319,	
-77.3307418823242,-270.66259765625,27.8447418212891,0.896981716156006,0.608308017253876,-0.290552258491516,	
-77.3987731933594,-270.788116455078,26.9155807495117,0.904273211956024,0.587109267711639,-0.307421147823334,	
-77.2489318847656,-270.700866699219,27.0265731811523,0.904272198677063,0.587013065814972,-0.313096940517426,	
-77.5582122802734,-270.362182617188,27.1895294189453,0.897410333156586,0.582796573638916,-0.299148201942444,	
-77.5536346435547,-270.534973144531,26.9001007080078,0.869042277336121,0.607806146144867,-0.296177804470062,	
-77.5572662353516,-270.356353759766,27.0992660522461,0.911604225635529,0.599689722061157,-0.30744880437851,	
-77.5615386962891,-270.535247802734,27.4905776977539,0.875541687011719,0.603887438774109,-0.312977969646454,	
-77.2387008666992,-270.699035644531,27.7246780395508,0.889886140823364,0.604051530361176,-0.307290315628052,	
-77.5547714233398,-270.700988769531,27.2933197021484,0.918510496616364,0.553604423999786,-0.310395121574402,	
-77.5452575683594,-270.525177001953,27.4846878051758,0.88258945941925,0.591433525085449,-0.310268998146057,	
-77.5557098388672,-270.622436523438,26.6139678955078,0.904791355133057,0.603390693664551,-0.296149730682373,	
-77.3132629394531,-270.734375,26.9054718017578,0.897555649280548,0.607871651649475,-0.296205997467041,	
-77.2380065917969,-270.61767578125,26.7217102050781,0.89732038974762,0.59065854549408,-0.301795065402985,	
-77.321533203125,-270.572265625,26.5427703857422,0.904745161533356,0.586820662021637,-0.301889061927795,	
-77.3153839111328,-270.831024169922,27.8236465454102,0.911351323127747,0.583178639411926,-0.304781675338745,	
-77.3999099731445,-270.707550048828,28.234375,0.911307632923126,0.600188910961151,-0.304638743400574,	
-77.4665679931641,-270.747314453125,28.4047012329102,0.896562814712524,0.600531399250031,-0.304620444774628,	
-77.4078369140625,-270.446807861328,28.805419921875,0.903540134429932,0.58795577287674,-0.307473838329315,	
-77.3978729248047,-270.359008789063,27.0010681152344,0.904630303382874,0.612549901008606,-0.287791669368744,	
-77.4037170410156,-270.537292480469,27.5214538574219,0.897215366363525,0.59203690290451,-0.285169303417206,	
-77.3971633911133,-270.528289794922,25.9278030395508,0.911737263202667,0.582195639610291,-0.304609596729279,	
-77.3297424316406,-270.658020019531,26.6399002075195,0.876064717769623,0.611704409122467,-0.298967838287354,	
-77.2629699707031,-270.537139892578,27.1955413818359,0.911466360092163,0.599730551242828,-0.301770091056824,	
