time,Fx,Tx,Fy
1,-19.3886,0.726876,-14.9394
2,-19.3873,0.727862,-14.9573
3,-19.3734,0.730874,-15.0122
4,-19.4003,0.726611,-14.9346
5,-19.3966,0.728347,-14.9662
6,-19.3984,0.72992,-14.9948
7,-19.3998,0.727531,-14.9513
8,-19.3934,0.730951,-15.0136
9,-19.3906,0.730887,-15.0124
10,-19.3811,0.734362,-15.0756
11,-19.4034,0.731253,-15.0191
12,-19.4005,0.729693,-14.9907
13,-19.3938,0.728598,-14.9707
14,-19.4125,0.733034,-15.0515
15,-19.394,0.733781,-15.0651
16,-19.4167,0.731583,-15.0251
17,-19.3823,0.728738,-14.9733
18,-19.41,0.732368,-15.0394
19,-19.3885,0.727482,-14.9504
20,-19.3575,0.734988,-15.087
21,-19.3967,0.732651,-15.0445
22,-19.3633,0.729396,-14.9853
23,-19.3505,0.726395,-14.9306
24,-19.3583,0.723847,-14.8842
25,-19.3562,0.719868,-14.8117
26,-19.3042,0.715703,-14.7357
27,-19.3126,0.70807,-14.5963
28,-19.33,0.701283,-14.4723
29,-19.3507,0.689504,-14.2566
30,-19.4093,0.674177,-13.9754
31,-19.4445,0.661914,-13.7499
32,-19.5132,0.655698,-13.6354
33,-19.567,0.64403,-13.4203
34,-19.6571,0.629041,-13.1433
35,-19.6983,0.621436,-13.0025
36,-19.7553,0.620561,-12.9863
37,-19.8111,0.615881,-12.8996
38,-19.8963,0.617571,-12.9309
39,-19.9547,0.61887,-12.955
40,-20.0338,0.615776,-12.8977
41,-20.1355,0.606312,-12.7221
42,-20.239,0.60671,-12.7295
43,-20.3643,0.602469,-12.6507
44,-20.4825,0.609192,-12.7755
45,-20.6482,0.597437,-12.5572
46,-20.7351,0.598411,-12.5753
47,-20.825,0.599343,-12.5927
48,-20.8779,0.605852,-12.7136
49,-20.9745,0.607909,-12.7517
50,-21.0813,0.610141,-12.7931
51,-21.2335,0.613141,-12.8488
52,-21.3826,0.607181,-12.7382
53,-21.4729,0.601499,-12.6327
54,-21.6,0.605878,-12.714
55,-21.7391,0.603791,-12.6753
56,-21.8717,0.616265,-12.9067
57,-22.0671,0.62941,-13.1501
58,-22.3405,0.645999,-13.4566
59,-22.6307,0.653449,-13.594
60,-22.8685,0.67283,-13.9507
61,-23.1549,0.682238,-14.1234
62,-23.4904,0.69287,-14.3183
63,-23.9037,0.704454,-14.5303
64,-24.3636,0.716243,-14.7456
65,-24.8478,0.737407,-15.131
66,-25.3872,0.761545,-15.5689
67,-25.9053,0.782533,-15.9481
68,-26.5522,0.807283,-16.3935
69,-27.1619,0.825119,-16.7132
70,-27.7106,0.852836,-17.2079
71,-28.2833,0.877257,-17.6416
72,-28.8579,0.902589,-18.0892
73,-29.4337,0.933425,-18.631
74,-29.9368,0.960338,-19.1011
75,-30.4768,0.992612,-19.6614
76,-30.929,1.0174,-20.089
77,-31.3668,1.0483,-20.6188
78,-31.7159,1.07241,-21.0297
79,-31.996,1.09588,-21.4275
80,-32.1773,1.1251,-21.9197
81,-32.3446,1.15377,-22.3994
82,-32.4189,1.18366,-22.896
83,-32.5219,1.21722,-23.4492
84,-32.5218,1.24295,-23.8702
85,-32.5145,1.27156,-24.3351
86,-32.466,1.29189,-24.6635
87,-32.3699,1.31732,-25.0719
88,-32.2851,1.33904,-25.4183
89,-32.1123,1.36445,-25.8213
90,-31.9779,1.38265,-26.1083
91,-31.8271,1.40631,-26.4792
92,-31.6199,1.43629,-26.9457
93,-31.3979,1.46541,-27.3953
94,-31.1588,1.49338,-27.8236
95,-30.8983,1.52565,-28.3136
96,-30.5993,1.55037,-28.686
97,-30.3348,1.57826,-29.1028
98,-30.0164,1.60768,-29.539
99,-29.6742,1.63338,-29.917
100,-29.3447,1.65966,-30.3005
101,-28.9353,1.68753,-30.704
102,-28.4954,1.72048,-31.1766
103,-28.0188,1.74895,-31.5813
104,-27.5452,1.78141,-32.0384
105,-27.0542,1.81081,-32.4486
106,-26.6011,1.84389,-32.9056
107,-26.1213,1.86913,-33.2511
108,-25.7046,1.88358,-33.4477
109,-25.3176,1.89121,-33.5512
110,-24.9691,1.90217,-33.6993
111,-24.5696,1.89684,-33.6273
112,-24.2501,1.89954,-33.6639
113,-23.9123,1.90153,-33.6907
114,-23.5787,1.90656,-33.7585
115,-23.228,1.89223,-33.565
116,-22.8651,1.89098,-33.5481
117,-22.5211,1.87797,-33.3715
118,-22.1781,1.87285,-33.3018
119,-21.8942,1.87237,-33.2953
120,-21.6639,1.85668,-33.0809
121,-21.347,1.85054,-32.9968
122,-21.0438,1.84482,-32.9184
123,-20.7556,1.83828,-32.8283
124,-20.4119,1.82631,-32.6632
125,-20.1376,1.81594,-32.5197
126,-19.8241,1.79647,-32.249
127,-19.5293,1.78799,-32.1305
128,-19.2612,1.77181,-31.9037
129,-19.0081,1.76451,-31.801
130,-18.6992,1.72811,-31.2855
131,-18.448,1.70524,-30.9586
132,-18.1954,1.69781,-30.852
133,-17.9272,1.68183,-30.6218
134,-17.6273,1.66162,-30.3289
135,-17.3362,1.64428,-30.0764
136,-17.0819,1.61874,-29.702
137,-16.7568,1.58881,-29.2597
138,-16.4414,1.55234,-28.7155
139,-16.1712,1.51233,-28.1119
140,-15.8939,1.47163,-27.4907
141,-15.6215,1.42871,-26.8281
142,-15.3209,1.38978,-26.2203
143,-15.1571,1.33982,-25.4309
144,-14.9416,1.28467,-24.5471
145,-14.8295,1.22503,-23.5773
146,-14.6628,1.16564,-22.5971
147,-14.6217,1.12483,-21.9152
148,-14.5105,1.06691,-20.9363
149,-14.4028,1.0261,-20.2385
150,-14.3561,0.984419,-19.5195
151,-14.2622,0.940674,-18.7579
152,-14.1536,0.899082,-18.0274
153,-14.0861,0.861158,-17.3559
154,-14.032,0.820354,-16.6279
155,-13.9613,0.786682,-16.0229
156,-13.9484,0.763293,-15.6005
157,-13.954,0.732953,-15.05
158,-13.9175,0.710945,-14.6489
159,-13.9458,0.695141,-14.3599
160,-13.9387,0.679655,-14.076
161,-13.9733,0.671893,-13.9335
162,-14.0121,0.664054,-13.7893
163,-14.0744,0.654077,-13.6056
164,-14.2311,0.635357,-13.2601
165,-14.3039,0.625668,-13.0809
166,-14.3369,0.623858,-13.0474
167,-14.3925,0.615923,-12.9004
168,-14.5084,0.612951,-12.8453
169,-14.6457,0.614837,-12.8802
170,-14.6948,0.601205,-12.6273
171,-14.8957,0.592739,-12.4699
172,-15.0847,0.580584,-12.2436
173,-15.237,0.56277,-11.9113
174,-15.3762,0.54272,-11.5363
175,-15.5267,0.532121,-11.3377
176,-15.5879,0.516245,-11.0396
177,-15.7196,0.496881,-10.6752
178,-15.8354,0.491202,-10.5682
179,-15.9096,0.480431,-10.365
180,-16.0348,0.475442,-10.2708
181,-16.1725,0.462033,-10.0173
182,-16.2992,0.457742,-9.93609
183,-16.4907,0.454728,-9.87904
184,-16.627,0.44177,-9.63349
185,-16.7278,0.443102,-9.65875
186,-16.8352,0.437512,-9.55272
187,-17.0121,0.439299,-9.58662
188,-17.1801,0.440382,-9.60717
189,-17.3596,0.445563,-9.7054
190,-17.5155,0.446927,-9.73126
191,-17.7746,0.451082,-9.80998
192,-18.0121,0.45239,-9.83476
193,-18.2746,0.457488,-9.93128
194,-18.6312,0.454135,-9.86781
195,-19.0308,0.459842,-9.97585
196,-19.3873,0.458996,-9.95983
197,-19.7734,0.461011,-9.99796
198,-20.1432,0.458916,-9.95832
199,-20.4641,0.45934,-9.96634
200,-20.6797,0.467639,-10.1233
201,-20.9345,0.463838,-10.0514
202,-21.1669,0.463599,-10.0469
203,-21.4269,0.474009,-10.2437
204,-21.6802,0.477487,-10.3094
205,-22.0124,0.477802,-10.3154
206,-22.4159,0.482615,-10.4062
207,-22.9704,0.480052,-10.3578
208,-23.4619,0.483767,-10.428
209,-24.0948,0.480735,-10.3707
210,-24.7324,0.47886,-10.3353
211,-25.3587,0.485791,-10.4661
212,-25.9559,0.48916,-10.5297
213,-26.5482,0.496585,-10.6697
214,-27.0541,0.509006,-10.9035
215,-27.5019,0.516398,-11.0425
216,-27.9316,0.526166,-11.2259
217,-28.3543,0.530662,-11.3103
218,-28.6819,0.544701,-11.5734
219,-29.0189,0.548744,-11.6491
220,-29.2788,0.563872,-11.9319
221,-29.5193,0.573913,-12.1193
222,-29.7607,0.586376,-12.3515
223,-29.9725,0.598264,-12.5726
224,-30.1938,0.612308,-12.8333
225,-30.4309,0.620093,-12.9776
226,-30.6591,0.6321,-13.1999
227,-30.9123,0.646747,-13.4704
228,-31.1192,0.663841,-13.7854
229,-31.3767,0.683315,-14.1432
230,-31.616,0.704402,-14.5293
231,-31.8363,0.728758,-14.9737
232,-32.1271,0.750036,-15.3603
233,-32.3607,0.77379,-15.7903
234,-32.5872,0.798994,-16.2446
235,-32.8336,0.821858,-16.6548
236,-33.1189,0.836043,-16.9085
237,-33.372,0.866628,-17.4531
238,-33.6315,0.893853,-17.9351
239,-33.8674,0.91638,-18.332
240,-34.1169,0.94037,-18.7526
241,-34.3401,0.967481,-19.2255
242,-34.4884,1.00145,-19.8141
243,-34.5644,1.03563,-20.402
244,-34.604,1.07289,-21.0378
245,-34.6008,1.10549,-21.5897
246,-34.5885,1.13491,-22.0842
247,-34.5731,1.1663,-22.6079
248,-34.4862,1.19806,-23.1339
249,-34.4,1.22827,-23.6304
250,-34.3273,1.25769,-24.1103
251,-34.1569,1.29971,-24.7893
252,-34.0016,1.33022,-25.2779
253,-33.8196,1.36509,-25.8315
254,-33.5973,1.40547,-26.4661
255,-33.4,1.43837,-26.9779
256,-33.0641,1.47261,-27.5058
257,-32.6479,1.50651,-28.0235
258,-32.209,1.55179,-28.7072
259,-31.6841,1.59069,-29.2876
260,-31.0825,1.63586,-29.9533
261,-30.4724,1.67505,-30.5237
262,-29.8812,1.704,-30.9408
263,-29.2653,1.73927,-31.4441
264,-28.7538,1.76582,-31.8194
265,-28.2398,1.79171,-32.1825
266,-27.75,1.81428,-32.4967
267,-27.2359,1.82178,-32.6006
268,-26.7328,1.83933,-32.8428
269,-26.232,1.86052,-33.1335
270,-25.7165,1.88916,-33.5235
271,-25.1746,1.9017,-33.693
272,-24.582,1.91598,-33.8853
273,-24.0216,1.93197,-34.0996
274,-23.4706,1.93933,-34.198
275,-22.8978,1.9453,-34.2775
276,-22.4084,1.94661,-34.295
277,-21.912,1.94076,-34.217
278,-21.4381,1.94097,-34.2198
279,-20.9065,1.92852,-34.0535
280,-20.4555,1.92684,-34.0311
281,-19.9882,1.90985,-33.8029
282,-19.4984,1.89149,-33.555
283,-19.0316,1.88488,-33.4653
284,-18.5555,1.86735,-33.2268
285,-18.0917,1.85737,-33.0904
286,-17.6796,1.84234,-32.8842
287,-17.2968,1.83343,-32.7615
288,-16.8855,1.82405,-32.632
289,-16.5144,1.80537,-32.373
290,-16.1433,1.78964,-32.1536
291,-15.8408,1.7738,-31.9317
292,-15.6002,1.74081,-31.466
293,-15.2675,1.70733,-30.9885
294,-15.0198,1.67429,-30.5128
295,-14.7664,1.64779,-30.1276
296,-14.4709,1.62011,-29.7221
297,-14.2875,1.5922,-29.31
298,-14.1181,1.56752,-28.9427
299,-13.8747,1.54124,-28.5488
300,-13.6011,1.50499,-28.0004
301,-13.2617,1.46014,-27.3141
302,-13.1331,1.4229,-26.7379
303,-12.9029,1.37814,-26.0373
304,-12.6961,1.33212,-25.3083
305,-12.4444,1.28505,-24.5532
306,-12.1206,1.23894,-23.8048
307,-12.2345,1.20248,-23.2068
308,-12.142,1.16708,-22.6209
309,-12.0101,1.12717,-21.9545
310,-11.9237,1.0897,-21.3229
311,-11.8507,1.05382,-20.713
312,-11.7984,0.998527,-19.7636
313,-11.7851,0.974222,-19.3426
314,-11.7636,0.941564,-18.7735
315,-11.7629,0.901388,-18.068
316,-11.7471,0.867308,-17.4651
317,-11.7215,0.841932,-17.0136
318,-11.7353,0.811335,-16.4662
319,-11.7552,0.783215,-15.9604
320,-11.7996,0.7556,-15.4612
321,-11.8828,0.727107,-14.9436
322,-11.9494,0.698556,-14.4224
323,-12.031,0.679102,-14.0659
324,-12.1763,0.648522,-13.5032
325,-12.3443,0.625285,-13.0738
326,-12.4648,0.608478,-12.7623
327,-12.6577,0.585595,-12.337
328,-12.8219,0.570664,-12.0587
329,-12.983,0.558322,-11.8282
330,-13.1225,0.545921,-11.5962
331,-13.2941,0.535186,-11.3951
332,-13.3683,0.527583,-11.2525
333,-13.4996,0.525579,-11.2149
334,-13.5529,0.525002,-11.2041
335,-13.611,0.521513,-11.1386
336,-13.7046,0.518474,-11.0815
337,-13.8425,0.509285,-10.9087
338,-14.0332,0.498943,-10.7141
339,-14.1115,0.501592,-10.7639
340,-14.2466,0.485041,-10.452
341,-14.4721,0.48618,-10.4735
342,-14.6395,0.483072,-10.4148
343,-14.808,0.477762,-10.3146
344,-14.9655,0.470669,-10.1806
345,-15.1978,0.458418,-9.9489
346,-15.2917,0.452672,-9.8401
347,-15.4486,0.459271,-9.96503
348,-15.656,0.451007,-9.80857
349,-15.8073,0.444416,-9.68366
350,-15.9763,0.428222,-9.37639
351,-16.1391,0.438603,-9.57342
352,-16.2855,0.431159,-9.43216
353,-16.5022,0.421097,-9.24101
354,-16.7905,0.404301,-8.92151
355,-17.0048,0.406582,-8.96493
356,-17.3289,0.401455,-8.86731
357,-17.6905,0.393471,-8.71519
358,-18.1846,0.386574,-8.58366
359,-18.6379,0.388991,-8.62976
360,-19.0991,0.385063,-8.55484
361,-19.6497,0.372523,-8.31546
362,-20.1108,0.370232,-8.27169
363,-20.5943,0.361293,-8.10084
364,-21.0378,0.375019,-8.36314
365,-21.5266,0.383737,-8.52955
366,-21.9645,0.416344,-9.15066
367,-22.5446,0.400475,-8.84863
368,-23.0752,0.411857,-9.06532
369,-23.6617,0.416228,-9.14846
370,-24.1824,0.421364,-9.24609
371,-24.7422,0.427734,-9.36713
372,-25.295,0.428564,-9.38289
373,-25.7576,0.449733,-9.78444
374,-26.2172,0.460749,-9.993
375,-26.6121,0.471794,-10.2019
376,-27.0278,0.48325,-10.4182
377,-27.4315,0.493413,-10.6099
378,-27.843,0.496448,-10.6671
379,-28.1899,0.509155,-10.9063
380,-28.5814,0.520519,-11.1199
381,-28.9804,0.535176,-11.3949
382,-29.3757,0.55227,-11.7151
383,-29.7127,0.57334,-12.1086
384,-30.0515,0.601545,-12.6336
385,-30.4097,0.620812,-12.991
386,-30.7271,0.634711,-13.2481
387,-31.0021,0.650713,-13.5436
388,-31.2931,0.668902,-13.8785
389,-31.5077,0.694547,-14.349
390,-31.8159,0.718383,-14.7846
391,-32.1075,0.740094,-15.1798
392,-32.421,0.770643,-15.7335
393,-32.741,0.80262,-16.3097
394,-33.0515,0.842054,-17.0158
395,-33.3688,0.878587,-17.6651
396,-33.7092,0.911364,-18.2437
397,-34.0693,0.95217,-18.9588
398,-34.4015,0.991307,-19.6388
399,-34.7067,1.03016,-20.3083
400,-34.9798,1.09331,-21.384
401,-35.2387,1.11583,-21.7639
402,-35.4085,1.16056,-22.5125
403,-35.5509,1.20628,-23.2693
404,-35.6316,1.25402,-24.0506
405,-35.663,1.30527,-24.8787
406,-35.5942,1.34972,-25.5881
407,-35.5127,1.39159,-26.2487
408,-35.3947,1.44365,-27.0596
409,-35.2409,1.4893,-27.7613
410,-35.058,1.53317,-28.4271
411,-34.8454,1.57417,-29.0419
412,-34.5776,1.61133,-29.5928
413,-34.2849,1.65173,-30.185
414,-33.9601,1.67853,-30.5741
415,-33.6331,1.70957,-31.0207
416,-33.3165,1.73486,-31.3815
417,-32.8905,1.7589,-31.7219
418,-32.4386,1.77125,-31.8958
419,-31.9689,1.78819,-32.1333
420,-31.3761,1.8093,-32.4276
421,-30.7532,1.82943,-32.7063
422,-30.1265,1.84866,-32.971
423,-29.4904,1.86851,-33.2426
424,-28.8993,1.88273,-33.4362
425,-28.2902,1.88974,-33.5312
426,-27.727,1.90964,-33.8001
427,-27.1683,1.91561,-33.8804
428,-26.674,1.93173,-34.0964
429,-26.1729,1.93611,-34.155
430,-25.6987,1.95294,-34.3791
431,-25.1999,1.96534,-34.5435
432,-24.7056,1.97203,-34.6319
433,-24.2202,1.98039,-34.7421
434,-23.8132,1.99235,-34.8992
435,-23.3832,1.99766,-34.9688
436,-23.0191,2.00014,-35.0012
437,-22.6068,2.00436,-35.0564
438,-22.2798,2.01838,-35.2392
439,-21.9821,2.00849,-35.1103
440,-21.5926,2.00032,-35.0037
441,-21.1983,1.98939,-34.8604
442,-20.8386,1.96744,-34.5712
443,-20.4562,1.95946,-34.4656
444,-20.1107,1.94824,-34.3166
445,-19.7301,1.93673,-34.1633
446,-19.3694,1.91911,-33.9274
447,-19.0056,1.89127,-33.5519
448,-18.6359,1.86504,-33.1953
449,-18.2164,1.84198,-32.8792
450,-17.873,1.81631,-32.5248
451,-17.4575,1.77658,-31.9708
452,-17.063,1.75727,-31.6989
453,-16.6576,1.7216,-31.1926
454,-16.2058,1.6946,-30.8058
455,-15.9176,1.6687,-30.4318
456,-15.6282,1.63313,-29.9133
457,-15.274,1.6026,-29.464
458,-15.0476,1.55732,-28.7902
459,-14.6927,1.5198,-28.2251
460,-14.4623,1.48513,-27.6976
461,-14.4402,1.44473,-27.0765
462,-14.2594,1.40794,-26.5046
463,-13.9133,1.37786,-26.0329
464,-13.6549,1.349,-25.5766
465,-13.4094,1.31934,-25.1041
466,-13.2495,1.2886,-24.6105
467,-13.0095,1.25602,-24.083
468,-12.7559,1.22263,-23.538
469,-12.5236,1.20155,-23.1914
470,-12.3547,1.16756,-22.629
471,-12.241,1.14081,-22.183
472,-12.1416,1.10209,-21.5323
473,-12.0511,1.0705,-20.9972
474,-12.0322,1.00913,-19.9466
475,-12.0422,0.970823,-19.2836
476,-12.0395,0.921801,-18.4272
477,-12.0309,0.87368,-17.5782
478,-11.8594,0.90146,-18.0693
479,-11.7715,0.863725,-17.4015
480,-11.6898,0.838576,-16.9537
481,-11.6626,0.80347,-16.325
482,-11.6231,0.788279,-16.0517
483,-11.667,0.770232,-15.726
484,-11.6674,0.757145,-15.4892
485,-11.6901,0.75004,-15.3604
486,-11.752,0.734919,-15.0858
487,-11.8754,0.722455,-14.8588
488,-11.9191,0.711583,-14.6605
489,-11.9949,0.700469,-14.4574
490,-12.0852,0.694391,-14.3462
491,-12.2183,0.692719,-14.3155
492,-12.3322,0.68709,-14.2124
493,-12.399,0.676897,-14.0254
494,-12.5376,0.668935,-13.8791
495,-12.6282,0.657086,-13.661
496,-12.7881,0.64832,-13.4994
497,-12.9578,0.637777,-13.3048
498,-13.0742,0.62911,-13.1446
499,-13.2289,0.606946,-12.7339
500,-13.4336,0.597026,-12.5496
501,-13.5914,0.582185,-12.2735
502,-13.6549,0.575578,-12.1503
503,-13.8033,0.564137,-11.9368
504,-13.975,0.550092,-11.6743
505,-14.1621,0.539516,-11.4763
506,-14.4641,0.532488,-11.3445
507,-14.7228,0.513192,-10.9822
508,-15.0231,0.502168,-10.7748
509,-15.3279,0.490629,-10.5574
510,-15.6209,0.480435,-10.3651
511,-15.9796,0.46754,-10.1215
512,-16.2465,0.462964,-10.0349
513,-16.5628,0.466362,-10.0992
514,-16.9284,0.462896,-10.0336
515,-17.2611,0.45933,-9.96616
516,-17.6352,0.451867,-9.82486
517,-17.9838,0.449023,-9.77098
518,-18.4016,0.440168,-9.60311
519,-18.8945,0.438454,-9.5706
520,-19.5132,0.434001,-9.48612
521,-20.1175,0.431243,-9.43375
522,-20.5889,0.438594,-9.57325
523,-21.2181,0.441653,-9.63127
524,-21.8278,0.448454,-9.76021
525,-22.4669,0.457449,-9.93055
526,-23.0684,0.462535,-10.0268
527,-23.6267,0.464413,-10.0623
528,-24.1491,0.46752,-10.1211
529,-24.6438,0.470042,-10.1687
530,-25.0644,0.475134,-10.265
531,-25.3669,0.482196,-10.3983
532,-25.6057,0.486489,-10.4793
533,-25.9242,0.490417,-10.5534
534,-26.1586,0.50046,-10.7426
535,-26.3685,0.508149,-10.8874
536,-26.6032,0.513876,-10.9951
537,-26.857,0.524498,-11.1946
538,-27.0974,0.535366,-11.3985
539,-27.3615,0.543031,-11.5421
540,-27.6503,0.559548,-11.8511
541,-27.9647,0.569596,-12.0387
542,-28.2309,0.586649,-12.3566
543,-28.561,0.60886,-12.7694
544,-28.8728,0.634502,-13.2443
545,-29.2141,0.667544,-13.8535
546,-29.5812,0.702412,-14.4929
547,-30.0054,0.735604,-15.0982
548,-30.4418,0.774158,-15.797
549,-30.9167,0.807113,-16.3904
550,-31.3946,0.840525,-16.9885
551,-31.8367,0.880275,-17.695
552,-32.279,0.891939,-17.9013
553,-32.6043,0.930417,-18.5783
554,-32.918,0.957852,-19.0578
555,-33.1883,0.99202,-19.6511
556,-33.4193,1.02712,-20.256
557,-33.6508,1.06139,-20.8423
558,-33.8786,1.09345,-21.3864
559,-34.0852,1.12352,-21.8931
560,-34.2478,1.15426,-22.4075
561,-34.359,1.18474,-22.9139
562,-34.4644,1.21648,-23.4371
563,-34.5439,1.25691,-24.0975
564,-34.5993,1.28312,-24.5221
565,-34.5757,1.30722,-24.9101
566,-34.5548,1.36088,-25.7649
567,-34.5132,1.36755,-25.8704
568,-34.4291,1.39235,-26.2606
569,-34.299,1.41945,-26.6842
570,-34.1734,1.448,-27.1269
571,-33.9567,1.47514,-27.5446
572,-33.7066,1.51193,-28.1058
573,-33.3836,1.54502,-28.6056
574,-33.0419,1.58426,-29.1921
575,-32.5959,1.61862,-29.7003
576,-32.187,1.64779,-30.1276
577,-31.7323,1.685,-30.6674
578,-31.2438,1.71529,-31.1026
579,-30.7631,1.74492,-31.5243
580,-30.2437,1.77746,-31.9831
581,-29.646,1.80983,-32.435
582,-29.0087,1.84298,-32.8931
583,-28.3646,1.86351,-33.1744
584,-27.7336,1.89429,-33.5928
585,-27.0601,1.9095,-33.7982
586,-26.3954,1.93692,-34.1657
587,-25.7262,1.94773,-34.3098
588,-25.0803,1.96702,-34.5657
589,-24.4021,1.97822,-34.7135
590,-23.7791,1.97754,-34.7045
591,-23.083,1.97481,-34.6685
592,-22.4581,1.9809,-34.7487
593,-21.819,1.97724,-34.7006
594,-21.139,1.9699,-34.6037
595,-20.5644,1.96373,-34.5222
596,-19.9555,1.96068,-34.4818
597,-19.3562,1.95079,-34.3505
598,-18.8248,1.92321,-33.9823
599,-18.2623,1.90522,-33.7404
600,-17.7319,1.87889,-33.384
601,-17.318,1.86462,-33.1895
602,-16.8665,1.85051,-32.9965
603,-16.5175,1.84015,-32.8542
604,-16.1884,1.83276,-32.7522
605,-15.864,1.80014,-32.3002
606,-15.8458,1.7542,-31.6556
607,-15.3208,1.82609,-32.6602
608,-15.4605,1.78194,-32.0459
609,-13.7081,1.83976,-32.8487
610,-13.469,1.82376,-32.628
611,-13.357,1.79888,-32.2826
612,-13.0702,1.77663,-31.9714
613,-12.8731,1.75336,-31.6436
614,-12.6452,1.73055,-31.3201
615,-12.2312,1.72066,-31.1793
616,-12.0661,1.69915,-30.8712
617,-12.0866,1.67686,-30.5499
618,-11.9011,1.65344,-30.21
619,-11.7309,1.6351,-29.9422
620,-11.6329,1.60927,-29.5625
621,-11.5024,1.57747,-29.0911
622,-11.3683,1.53793,-28.499
623,-11.3832,1.50741,-28.0372
624,-11.2872,1.46696,-27.419
625,-11.3137,1.41499,-26.6146
626,-11.5438,1.36098,-25.7665
627,-11.5388,1.31579,-25.0473
628,-12.0838,1.23214,-23.6937
629,-11.9487,1.19242,-23.0407
630,-11.7179,1.16253,-22.5452
631,-11.5398,1.13138,-22.025
632,-11.3908,1.09854,-21.4724
633,-11.2847,1.069,-20.9717
634,-11.2179,1.03527,-20.3959
635,-11.2079,0.999346,-19.7778
636,-11.2261,0.968174,-19.2375
637,-11.2983,0.929293,-18.5586
638,-11.4201,0.891143,-17.8872
639,-11.5333,0.865281,-17.4291
640,-11.636,0.839732,-16.9743
641,-11.7494,0.810028,-16.4428
642,-11.8496,0.782095,-15.9402
643,-11.9228,0.7665,-15.6585
644,-12.0577,0.742865,-15.2302
645,-12.2081,0.7193,-14.8013
646,-12.3388,0.700822,-14.4639
647,-12.5284,0.686343,-14.1987
648,-12.6433,0.67028,-13.9038
649,-12.8228,0.650059,-13.5315
650,-12.9402,0.638871,-13.325
651,-13.0306,0.632452,-13.2064
652,-13.1995,0.613487,-12.8552
653,-13.4034,0.605831,-12.7132
654,-13.4128,0.59346,-12.4833
655,-13.5526,0.582632,-12.2818
656,-13.7118,0.576662,-12.1705
657,-13.8847,0.57088,-12.0627
658,-14.1142,0.559798,-11.8558
659,-14.391,0.54736,-11.6232
660,-14.6939,0.536873,-11.4267
661,-15.0142,0.525698,-11.2171
662,-15.4605,0.511677,-10.9537
663,-15.8129,0.509191,-10.907
664,-16.2355,0.504612,-10.8208
665,-16.7312,0.48748,-10.498
666,-17.3298,0.481896,-10.3926
667,-17.9018,0.472459,-10.2144
668,-18.5334,0.459845,-9.9759
669,-19.1464,0.441282,-9.62423
670,-19.6767,0.439298,-9.58662
671,-20.2818,0.438062,-9.56317
672,-20.9005,0.436,-9.52404
673,-21.4664,0.435555,-9.5156
674,-22.0793,0.442408,-9.6456
675,-22.6574,0.446352,-9.72036
676,-23.2184,0.448197,-9.75532
677,-23.74,0.453744,-9.8604
678,-24.2334,0.459922,-9.97736
679,-24.7324,0.459945,-9.97779
680,-25.2021,0.469685,-10.162
681,-25.5289,0.474094,-10.2453
682,-25.8475,0.476529,-10.2913
683,-26.0248,0.479669,-10.3506
684,-26.1836,0.48252,-10.4044
685,-26.2907,0.487293,-10.4945
686,-26.4268,0.495789,-10.6547
687,-26.5558,0.496418,-10.6665
688,-26.661,0.505635,-10.84
689,-26.8373,0.515661,-11.0286
690,-27.0458,0.523957,-11.1845
691,-27.2557,0.537461,-11.4378
692,-27.5317,0.549163,-11.6569
693,-27.7876,0.572723,-12.0971
694,-28.0752,0.590202,-12.4227
695,-28.355,0.620663,-12.9882
696,-28.6945,0.651753,-13.5628
697,-29.0636,0.695954,-14.3748
698,-29.4258,0.738014,-15.142
699,-29.9304,0.780606,-15.9134
700,-30.4152,0.823508,-16.6844
701,-30.8508,0.863896,-17.4045
702,-31.245,0.902119,-18.0809
703,-31.6343,0.948149,-18.8886
704,-32.0172,0.986738,-19.5597
705,-32.3618,1.01142,-19.986
706,-32.6568,1.04106,-20.4951
707,-32.855,1.0749,-21.072
708,-33.0409,1.10218,-21.5338
709,-33.1818,1.12976,-21.9979
710,-33.2389,1.15989,-22.5014
711,-33.2856,1.18291,-22.8835
712,-33.3464,1.20152,-23.1909
713,-33.3953,1.2221,-23.5293
714,-33.4611,1.23609,-23.7583
715,-33.5198,1.25028,-23.9897
716,-33.5673,1.26145,-24.1713
717,-33.6085,1.28296,-24.5195
718,-33.6352,1.30252,-24.8345
719,-33.6653,1.31016,-24.9571
720,-33.6366,1.33854,-25.4105
721,-33.584,1.3565,-25.6956
722,-33.4922,1.38079,-26.079
723,-33.3537,1.40469,-26.4539
724,-33.1945,1.43464,-26.9202
725,-32.9608,1.47837,-27.5941
726,-32.6956,1.54224,-28.5637
727,-32.4252,1.56847,-28.9569
728,-32.0437,1.64069,-30.0239
729,-31.5937,1.68798,-30.7104
730,-31.058,1.74953,-31.5895
731,-30.4653,1.79738,-32.2617
732,-29.7923,1.84344,-32.8994
733,-29.0892,1.86698,-33.2218
734,-28.362,1.91417,-33.861
735,-27.6189,1.94881,-34.3242
736,-26.893,1.98122,-34.753
737,-26.1367,2.01244,-35.1618
738,-25.3464,2.03671,-35.4769
739,-24.5945,2.0889,-36.146
740,-23.848,2.1041,-36.3389
741,-23.1746,2.11994,-36.5387
742,-22.3976,2.09166,-36.1811
743,-21.6627,2.08961,-36.1551
744,-21.0108,2.09348,-36.2042
745,-20.389,2.10054,-36.2938
746,-19.6691,2.08459,-36.0912
747,-18.9742,2.07669,-35.9905
748,-18.2705,2.06647,-35.8598
749,-17.7246,2.03368,-35.4377
750,-17.2991,2.00809,-35.1052
751,-16.9021,2.03769,-35.4895
752,-16.6055,2.00356,-35.046
753,-16.2565,1.98119,-34.7526
754,-16.0737,1.9463,-34.2909
755,-14.8255,1.97524,-34.6742
756,-14.4348,1.96026,-34.4762
757,-14.0641,1.94842,-34.3191
758,-13.7078,1.92092,-33.9516
759,-13.2169,1.92078,-33.9497
760,-12.8673,1.89135,-33.553
761,-12.5317,1.87548,-33.3376
762,-12.5664,1.83792,-32.8234
763,-12.3161,1.80835,-32.4144
764,-12.3743,1.7889,-32.1432
765,-12.1249,1.75631,-31.6853
766,-12.0687,1.73183,-31.3384
767,-11.8428,1.69571,-30.8218
768,-11.7355,1.66616,-30.3949
769,-11.5644,1.643,-30.0577
770,-11.5603,1.60692,-29.5279
771,-11.466,1.58003,-29.1292
772,-11.2576,1.557,-28.7854
773,-11.1595,1.53293,-28.4236
774,-11.0154,1.49656,-27.8721
775,-11.0037,1.45792,-27.28
776,-11.0227,1.40358,-26.4365
777,-11.0609,1.36719,-25.8647
778,-10.9657,1.33976,-25.4298
779,-10.9367,1.30613,-24.8926
780,-10.9546,1.26713,-24.2634
781,-10.9617,1.22421,-23.5639
782,-11.7075,1.13655,-22.1117
783,-11.4706,1.10725,-21.6195
784,-11.3479,1.06981,-20.9855
785,-11.2866,1.03879,-20.4561
786,-11.1964,1.00592,-19.8913
787,-11.2641,0.964193,-19.1683
788,-11.341,0.929528,-18.5628
789,-11.4849,0.900253,-18.048
790,-11.6326,0.864453,-17.4144
791,-11.8594,0.840813,-16.9936
792,-12.0587,0.807381,-16.3953
793,-12.2927,0.775601,-15.823
794,-12.4745,0.757271,-15.4915
795,-12.6564,0.734923,-15.0858
796,-12.7856,0.716598,-14.752
797,-12.8215,0.706832,-14.5737
798,-12.9772,0.696176,-14.3788
799,-13.079,0.683078,-14.1388
800,-13.1315,0.678642,-14.0574
801,-13.3175,0.662247,-13.756
802,-13.4534,0.657684,-13.672
803,-13.6592,0.64003,-13.3464
804,-13.8623,0.633488,-13.2255
805,-14.0516,0.622288,-13.0183
806,-14.2611,0.611269,-12.8141
807,-14.4281,0.605282,-12.703
808,-14.5792,0.601658,-12.6357
809,-14.7427,0.595232,-12.5163
810,-14.9089,0.584231,-12.3116
811,-15.0903,0.58684,-12.3601
812,-15.2146,0.580874,-12.249
813,-15.4296,0.574384,-12.1281
814,-15.5891,0.568814,-12.0241
815,-15.8604,0.560716,-11.8729
816,-16.2011,0.551153,-11.6942
817,-16.5897,0.547168,-11.6196
818,-16.9097,0.538171,-11.4511
819,-17.3012,0.532637,-11.3473
820,-17.6612,0.521008,-11.1291
821,-18.0611,0.515175,-11.0195
822,-18.5151,0.513876,-10.9951
823,-18.9857,0.502615,-10.7832
824,-19.4093,0.496257,-10.6635
825,-19.8814,0.48828,-10.5131
826,-20.398,0.484291,-10.4378
827,-20.9249,0.482889,-10.4114
828,-21.5013,0.483346,-10.42
829,-22.0011,0.482611,-10.4061
830,-22.5639,0.487222,-10.4931
831,-23.0816,0.495003,-10.6398
832,-23.5719,0.50532,-10.8341
833,-23.9942,0.517547,-11.0641
834,-24.484,0.523317,-11.1724
835,-24.845,0.53387,-11.3705
836,-25.2034,0.540657,-11.4977
837,-25.5785,0.548519,-11.6449
838,-25.9171,0.555951,-11.7839
839,-26.293,0.560241,-11.8641
840,-26.6335,0.567684,-12.0031
841,-26.9657,0.579072,-12.2154
842,-27.2809,0.588785,-12.3963
843,-27.5701,0.596762,-12.5447
844,-27.8352,0.61019,-12.7941
845,-28.118,0.620615,-12.9873
846,-28.3638,0.636086,-13.2736
847,-28.6054,0.657486,-13.6684
848,-28.8478,0.677402,-14.0346
849,-29.0962,0.699352,-14.437
850,-29.3498,0.720991,-14.8322
851,-29.6513,0.743194,-15.2362
852,-29.9117,0.758219,-15.5087
853,-30.1946,0.77355,-15.786
854,-30.4934,0.792153,-16.1215
855,-30.7449,0.818392,-16.5927
856,-31.0021,0.844844,-17.0655
857,-31.2768,0.873307,-17.5715
858,-31.5532,0.903844,-18.1113
859,-31.8218,0.934032,-18.6417
860,-32.1185,0.962208,-19.1337
861,-32.4204,0.998944,-19.7708
862,-32.7396,1.03374,-20.3697
863,-33.0602,1.06305,-20.8704
864,-33.3194,1.09448,-21.4039
865,-33.5677,1.11874,-21.8128
866,-33.7493,1.14258,-22.2126
867,-33.9429,1.16735,-22.6255
868,-34.1041,1.19513,-23.0856
869,-34.1816,1.22328,-23.5486
870,-34.3287,1.25502,-24.0668
871,-34.4524,1.28408,-24.5376
872,-34.5263,1.31426,-25.0228
873,-34.5978,1.34468,-25.5081
874,-34.6183,1.37544,-25.9948
875,-34.6075,1.40378,-26.4397
876,-34.5872,1.42031,-26.6976
877,-34.48,1.45575,-27.2465
878,-34.3851,1.48148,-27.6418
879,-34.2309,1.51889,-28.2113
880,-34.0886,1.54636,-28.6257
881,-33.8755,1.57094,-28.9937
882,-33.6256,1.59841,-29.402
883,-33.3679,1.63529,-29.9449
884,-33.0672,1.66389,-30.3619
885,-32.7131,1.69523,-30.8149
886,-32.3411,1.72834,-31.2888
887,-31.9932,1.76513,-31.8097
888,-31.5996,1.79308,-32.2017
889,-31.163,1.81786,-32.5463
890,-30.6945,1.84837,-32.967
891,-30.1515,1.8667,-33.2179
892,-29.5558,1.89272,-33.5717
893,-28.9262,1.90499,-33.7374
894,-28.2319,1.94077,-34.2172
895,-27.5805,1.99502,-34.9342
896,-26.8141,2.01432,-35.1863
897,-26.0758,2.03681,-35.4782
898,-25.3526,2.04671,-35.606
899,-24.6455,2.06802,-35.8797
900,-23.9564,2.07111,-35.9192
901,-23.3881,2.08086,-36.0437
902,-22.8282,2.08246,-36.064
903,-22.2976,2.0848,-36.0939
904,-21.8299,2.08392,-36.0826
905,-21.306,2.08348,-36.0771
906,-20.8642,2.07351,-35.9499
907,-20.4312,2.07189,-35.9292
908,-20.0535,2.07016,-35.9071
909,-19.6277,2.06308,-35.8163
910,-19.2482,2.05439,-35.7049
911,-18.9318,2.04664,-35.6051
912,-18.6836,2.0261,-35.3395
913,-18.5116,2.02111,-35.2747
914,-18.3382,2.00517,-35.0671
915,-18.2556,1.98399,-34.7894
916,-18.1896,1.95492,-34.4053
917,-18.1451,1.93568,-34.1492
918,-18.1172,1.90749,-33.771
919,-18.0769,1.88364,-33.4485
920,-17.9456,1.86719,-33.2246
921,-17.7943,1.85463,-33.0529
922,-17.6567,1.83731,-32.815
923,-17.4788,1.82093,-32.5888
924,-17.2761,1.80569,-32.3774
925,-17.09,1.78588,-32.101
926,-16.873,1.76473,-31.8041
927,-16.6787,1.74482,-31.5228
928,-16.5365,1.72325,-31.2163
929,-16.3615,1.69709,-30.8416
930,-16.1302,1.66296,-30.3485
931,-15.9453,1.63157,-29.8905
932,-15.7948,1.60619,-29.5171
933,-15.5848,1.56994,-28.9789
934,-15.3879,1.54454,-28.5984
935,-15.0924,1.51124,-28.0953
936,-14.8361,1.48217,-27.6524
937,-14.5177,1.45883,-27.294
938,-14.2366,1.41571,-26.6258
939,-13.9241,1.38224,-26.1019
940,-13.5097,1.3401,-25.4353
941,-13.4418,1.30432,-24.8635
942,-13.1573,1.26084,-24.1614
943,-13.2681,1.20787,-23.2955
944,-13.1625,1.15097,-22.3527
945,-13.098,1.09954,-21.4893
946,-12.9819,1.05277,-20.6952
947,-12.9459,1.00463,-19.869
948,-12.8739,0.962973,-19.147
949,-12.8811,0.917561,-18.3527
950,-12.9143,0.876473,-17.6277
951,-12.9014,0.839679,-16.9734
952,-12.9354,0.806499,-16.3794
953,-12.9117,0.782313,-15.9442
954,-12.9607,0.760908,-15.5574
955,-13.0238,0.748522,-15.3329
956,-13.1105,0.727036,-14.9423
957,-13.1973,0.709788,-14.6277
958,-13.3433,0.68581,-14.1889
959,-13.4895,0.673601,-13.9648
960,-13.6268,0.648865,-13.5095
961,-13.7964,0.633316,-13.2224
962,-13.9757,0.618277,-12.944
963,-14.0558,0.605993,-12.7162
964,-14.2405,0.589772,-12.4147
965,-14.3478,0.571824,-12.0803
966,-14.5202,0.555305,-11.7718
967,-14.7098,0.53808,-11.4494
968,-14.95,0.522167,-11.1509
969,-15.1613,0.505256,-10.8329
970,-15.3945,0.488106,-10.5098
971,-15.519,0.477334,-10.3065
972,-15.6876,0.470183,-10.1714
973,-15.8815,0.463337,-10.042
974,-16.0227,0.45367,-9.859
975,-16.2705,0.439797,-9.59608
976,-16.628,0.433187,-9.47065
977,-16.9214,0.422656,-9.27066
978,-17.3565,0.407204,-8.97676
979,-17.826,0.400082,-8.84116
980,-18.3325,0.385192,-8.55731
981,-18.7574,0.387731,-8.60574
982,-19.3021,0.377423,-8.40903
983,-19.5718,0.38986,-8.64634
984,-19.8269,0.391134,-8.67064
985,-20.0284,0.3951,-8.74623
986,-20.3306,0.397784,-8.79737
987,-20.58,0.397953,-8.8006
988,-20.8203,0.395394,-8.75183
989,-21.0987,0.384753,-8.54893
990,-21.4261,0.379833,-8.45504
991,-21.7789,0.373713,-8.33818
992,-22.1651,0.372778,-8.32034
993,-22.5962,0.377058,-8.40207
994,-23.0144,0.381305,-8.48314
995,-23.4946,0.381366,-8.4843
996,-23.9331,0.386492,-8.5821
997,-24.4084,0.387664,-8.60446
998,-24.9098,0.396452,-8.77199
999,-25.31,0.406755,-8.96822
1000,-25.6705,0.415144,-9.12784
1001,-25.995,0.421796,-9.2543
1002,-26.2894,0.432039,-9.44886
1003,-26.6009,0.434764,-9.5006
1004,-26.889,0.449372,-9.77759
1005,-27.1734,0.455401,-9.89179
1006,-27.3949,0.463851,-10.0517
1007,-27.6536,0.474847,-10.2596
1008,-27.8413,0.477867,-10.3166
1009,-28.0413,0.487334,-10.4953
1010,-28.2322,0.493334,-10.6084
1011,-28.4408,0.506534,-10.857
1012,-28.6997,0.522206,-11.1516
1013,-28.9097,0.540218,-11.4894
1014,-29.1208,0.55717,-11.8067
1015,-29.2907,0.577282,-12.1821
1016,-29.5363,0.597648,-12.5612
1017,-29.7845,0.615987,-12.9016
1018,-30.0947,0.637403,-13.2979
1019,-30.4399,0.661461,-13.7416
1020,-30.7882,0.684928,-14.1728
1021,-31.1397,0.71036,-14.6382
1022,-31.4992,0.738244,-15.1462
1023,-31.8817,0.76886,-15.7012
1024,-32.2482,0.796414,-16.1982
1025,-32.586,0.825039,-16.7118
1026,-32.92,0.854947,-17.2455
1027,-33.2009,0.881963,-17.7249
1028,-33.4855,0.913482,-18.281
1029,-33.7754,0.942902,-18.7969
1030,-34.0146,0.97685,-19.3883
1031,-34.2627,1.00311,-19.8428
1032,-34.4726,1.02797,-20.2707
1033,-34.6248,1.04683,-20.5937
1034,-34.7465,1.06935,-20.9777
1035,-34.8023,1.08634,-21.2661
1036,-34.8665,1.10642,-21.6054
1037,-34.9145,1.12021,-21.8375
1038,-34.9101,1.13945,-22.1603
1039,-34.9129,1.16112,-22.5218
1040,-34.9155,1.1794,-22.8254
1041,-34.9178,1.20099,-23.1822
1042,-34.8911,1.2269,-23.6078
1043,-34.7889,1.25063,-23.9954
1044,-34.6902,1.27892,-24.4542
1045,-34.5664,1.2983,-24.7668
1046,-34.3953,1.31787,-25.0807
1047,-34.1848,1.35526,-25.676
1048,-33.8983,1.3929,-26.2692
1049,-33.5865,1.43934,-26.993
1050,-33.2342,1.47312,-27.5137
1051,-32.8436,1.51209,-28.1082
1052,-32.4132,1.54779,-28.6472
1053,-32.0188,1.58241,-29.1646
1054,-31.577,1.62551,-29.8015
1055,-31.1246,1.65911,-30.2926
1056,-30.6243,1.70051,-30.8907
1057,-30.138,1.73976,-31.4511
1058,-29.5943,1.78008,-32.0198
1059,-29.0039,1.82717,-32.6752
1060,-28.3932,1.85525,-33.0614
1061,-27.7554,1.87819,-33.3744
1062,-27.1316,1.89261,-33.5701
1063,-26.5143,1.90895,-33.7907
1064,-25.9343,1.92305,-33.9802
1065,-25.285,1.93704,-34.1673
1066,-24.6706,1.94357,-34.2545
1067,-24.0187,1.93806,-34.181
1068,-23.4035,1.94846,-34.3195
1069,-22.8434,1.9385,-34.1869
1070,-22.2922,1.94307,-34.2478
1071,-21.7946,1.9412,-34.2229
1072,-21.2562,1.93702,-34.1671
1073,-20.8944,1.93203,-34.1004
1074,-20.3926,1.93287,-34.1117
1075,-19.9131,1.88567,-33.4761
1076,-19.4593,1.86281,-33.1648
1077,-18.9641,1.92731,-34.0373
1078,-18.4888,1.92016,-33.9415
1079,-18.0098,1.90574,-33.7475
1080,-17.5902,1.89672,-33.6257
1081,-17.2261,1.88387,-33.4516
1082,-16.9392,1.85882,-33.1103
1083,-16.6022,1.84074,-32.8623
1084,-16.3421,1.81871,-32.5581
1085,-16.0626,1.78481,-32.0861
1086,-15.6882,1.76032,-31.742
1087,-15.5059,1.71987,-31.1679
1088,-14.9732,1.69772,-30.8506
1089,-15.1772,1.64858,-30.1392
1090,-14.8517,1.61733,-29.6813
1091,-13.6806,1.62471,-29.7898
1092,-13.3719,1.59172,-29.3029
1093,-13.2421,1.55013,-28.6824
1094,-12.9698,1.52481,-28.3009
1095,-12.6875,1.48555,-27.7041
1096,-13.3278,1.39966,-26.3751
1097,-13.1861,1.34943,-25.5834
1098,-12.9247,1.30971,-24.95
1099,-12.6542,1.26998,-24.3096
1100,-12.425,1.23501,-23.7406
1101,-12.1408,1.19519,-23.0865
1102,-11.8694,1.16648,-22.611
1103,-11.6984,1.1275,-21.9601
1104,-11.5281,1.09351,-21.3874
1105,-11.3845,1.05261,-20.6924
1106,-11.227,1.02092,-20.1496
1107,-11.2233,0.981598,-19.4706
1108,-11.121,0.943531,-18.8079
1109,-11.1767,0.904578,-18.1243
1110,-11.2002,0.864769,-17.42
1111,-11.2219,0.828321,-16.7705
1112,-11.2403,0.791811,-16.1153
1113,-11.2432,0.765378,-15.6383
1114,-11.275,0.738979,-15.1596
1115,-11.3205,0.717375,-14.7662
1116,-11.4605,0.690935,-14.2829
1117,-11.5486,0.675924,-14.0075
1118,-11.6207,0.665303,-13.8123
1119,-11.7474,0.654219,-13.6082
1120,-11.8867,0.631371,-13.1864
1121,-12.0446,0.615263,-12.8881
1122,-12.1979,0.600257,-12.6097
1123,-12.2969,0.594111,-12.4954
1124,-12.4912,0.57526,-12.1444
1125,-12.6463,0.563532,-11.9255
1126,-12.7939,0.550036,-11.6733
1127,-12.8602,0.542447,-11.5312
1128,-12.9284,0.538113,-11.45
1129,-13.1143,0.526301,-11.2285
1130,-13.2491,0.52348,-11.1755
1131,-13.425,0.510921,-10.9395
1132,-13.7069,0.499577,-10.726
1133,-13.9372,0.494683,-10.6338
1134,-14.1917,0.485461,-10.4599
1135,-14.5847,0.475064,-10.2636
1136,-14.8362,0.466083,-10.0939
1137,-15.1387,0.452131,-9.82986
1138,-15.3972,0.447422,-9.74063
1139,-15.5095,0.445723,-9.70843
1140,-15.6667,0.439469,-9.58986
1141,-15.8141,0.434677,-9.49893
1142,-15.9637,0.426986,-9.35292
1143,-16.1333,0.424245,-9.30084
1144,-16.2737,0.421741,-9.25326
1145,-16.5568,0.414068,-9.10738
1146,-16.9084,0.405951,-8.95293
1147,-17.236,0.395507,-8.754
1148,-17.6744,0.380233,-8.46268
1149,-18.1908,0.370065,-8.26851
1150,-18.7403,0.359192,-8.06065
1151,-19.4137,0.355304,-7.98627
1152,-19.9711,0.356158,-8.00261
1153,-20.4924,0.358899,-8.05505
1154,-21.0485,0.365337,-8.17815
1155,-21.5626,0.37386,-8.341
1156,-22.1497,0.382282,-8.50178
1157,-22.7337,0.391705,-8.68151
1158,-23.1955,0.391783,-8.683
1159,-23.6684,0.398796,-8.81667
1160,-24.1019,0.401563,-8.86937
1161,-24.4691,0.401415,-8.86654
1162,-24.7674,0.405493,-8.94419
1163,-25.0089,0.41134,-9.05547
1164,-25.1985,0.419002,-9.2012
1165,-25.3142,0.425434,-9.32343
1166,-25.4386,0.43466,-9.49861
1167,-25.4913,0.446471,-9.72262
1168,-25.5713,0.453795,-9.86137
1169,-25.5943,0.462885,-10.0334
1170,-25.6544,0.469566,-10.1598
1171,-25.7236,0.474738,-10.2575
1172,-25.8437,0.482071,-10.3959
1173,-26.0005,0.486825,-10.4856
1174,-26.1673,0.499732,-10.7289
1175,-26.3985,0.510366,-10.9291
1176,-26.6441,0.52237,-11.1547
1177,-26.924,0.535934,-11.4092
1178,-27.2136,0.546683,-11.6105
1179,-27.4714,0.562784,-11.9116
1180,-27.7346,0.570184,-12.0497
1181,-27.9983,0.580413,-12.2404
1182,-28.2618,0.594731,-12.5069
1183,-28.5208,0.612708,-12.8408
1184,-28.7521,0.631475,-13.1883
1185,-29.008,0.65308,-13.5872
1186,-29.2815,0.672706,-13.9484
1187,-29.5771,0.703899,-14.5201
1188,-29.91,0.728121,-14.9621
1189,-30.2485,0.761157,-15.5619
1190,-30.5288,0.786521,-16.02
1191,-30.8036,0.809614,-16.4353
1192,-31.0827,0.844691,-17.0628
1193,-31.3979,0.866331,-17.4478
1194,-31.6849,0.893607,-17.9307
1195,-31.9854,0.916893,-18.341
1196,-32.2576,0.939415,-18.7359
1197,-32.5066,0.96394,-19.1639
1198,-32.7504,0.985329,-19.5353
1199,-32.9526,1.00962,-19.9551
1200,-33.1355,1.03338,-20.3634
1201,-33.2925,1.06034,-20.8243
1202,-33.4374,1.08302,-21.2098
1203,-33.5582,1.10902,-21.6493
1204,-33.6496,1.13356,-22.0616
1205,-33.7313,1.15233,-22.3753
1206,-33.7625,1.17774,-22.7979
1207,-33.7736,1.20168,-23.1936
1208,-33.7928,1.22818,-23.6288
1209,-33.7991,1.24811,-23.9543
1210,-33.7362,1.26586,-24.2428
1211,-33.6435,1.28751,-24.593
1212,-33.4698,1.31207,-24.9878
1213,-33.2263,1.34644,-25.5361
1214,-32.9719,1.38153,-26.0906
1215,-32.679,1.41369,-26.5943
1216,-32.3451,1.45145,-27.1802
1217,-31.9897,1.487,-27.7262
1218,-31.6169,1.52299,-28.2734
1219,-31.237,1.55891,-28.8139
1220,-30.8481,1.59001,-29.2775
1221,-30.4468,1.62315,-29.7668
1222,-29.9914,1.65921,-30.2939
1223,-29.4392,1.69866,-30.8641
1224,-28.83,1.73407,-31.3702
1225,-28.177,1.77139,-31.8978
1226,-27.4771,1.80157,-32.32
1227,-26.7851,1.83257,-32.7496
1228,-26.0717,1.85967,-33.1219
1229,-25.3291,1.8823,-33.4303
1230,-24.6563,1.90741,-33.7699
1231,-23.9335,1.91745,-33.9051
1232,-23.2519,1.92059,-33.9472
1233,-22.5889,1.92779,-34.0437
1234,-21.8479,1.93413,-34.1285
1235,-21.1238,1.92604,-34.0202
1236,-20.4271,1.91866,-33.9213
1237,-19.7781,1.91669,-33.8949
1238,-19.1288,1.91498,-33.8719
1239,-18.5191,1.89973,-33.6664
1240,-18.0129,1.87965,-33.3943
1241,-17.5855,1.85169,-33.0126
1242,-17.1595,1.82524,-32.6485
1243,-16.713,1.80006,-32.299
1244,-16.3802,1.75472,-31.6629
1245,-14.8516,1.80102,-32.3124
1246,-14.2789,1.782,-32.0467
1247,-13.8772,1.76162,-31.7603
1248,-13.6155,1.73353,-31.3626
1249,-13.0455,1.70043,-30.8896
1250,-12.4698,1.66535,-30.3832
1251,-11.7085,1.63247,-29.9037
1252,-11.1408,1.58918,-29.2651
1253,-10.7388,1.54586,-28.6182
1254,-10.3458,1.49616,-27.8659
1255,-9.98989,1.44929,-27.1468
1256,-9.7237,1.3981,-26.3508
1257,-9.25061,1.34333,-25.4867
1258,-8.96936,1.29571,-24.725
1259,-8.84305,1.23122,-23.6786
1260,-8.48344,1.19048,-23.0087
1261,-8.26272,1.15261,-22.38
1262,-7.96014,1.11316,-21.719
1263,-7.84235,1.07458,-21.0666
1264,-7.64983,1.04273,-20.5236
1265,-7.56637,1.00812,-19.9293
1266,-7.29451,0.978994,-19.4255
1267,-8.08319,0.872524,-17.5577
1268,-7.73267,0.866777,-17.4557
1269,-7.79819,0.855408,-17.2536
1270,-7.42241,0.840056,-16.9801
1271,-7.22088,0.823896,-16.6913
1272,-7.13465,0.803082,-16.3181
1273,-7.16305,0.780606,-15.9134
1274,-7.31662,0.755014,-15.4506
1275,-7.48229,0.737538,-15.1334
1276,-7.56864,0.709227,-14.6175
1277,-7.68713,0.690081,-14.2672
1278,-7.91484,0.674344,-13.9785
1279,-8.17162,0.660477,-13.7235
1280,-8.41562,0.64656,-13.467
1281,-8.62078,0.632604,-13.2092
1282,-8.769,0.62082,-12.9911
1283,-8.87078,0.603647,-12.6726
1284,-9.05284,0.590983,-12.4372
1285,-9.1803,0.576887,-12.1747
1286,-9.33777,0.567596,-12.0014
1287,-9.58186,0.549458,-11.6624
1288,-9.67412,0.538757,-11.4621
1289,-9.85445,0.525149,-11.2068
1290,-10.0199,0.518592,-11.0837
1291,-10.2758,0.508688,-10.8975
1292,-10.4797,0.497624,-10.6892
1293,-10.6959,0.484864,-10.4487
1294,-10.9105,0.475104,-10.2644
1295,-11.1434,0.466348,-10.0989
1296,-11.3742,0.460769,-9.99339
1297,-11.4989,0.452358,-9.83415
1298,-11.672,0.445082,-9.69629
1299,-11.8532,0.440518,-9.60974
1300,-11.9993,0.43446,-9.49483
1301,-12.2207,0.429396,-9.39868
1302,-12.3769,0.427965,-9.3715
1303,-12.6164,0.422932,-9.27589
1304,-12.8488,0.417877,-9.17982
1305,-12.988,0.420908,-9.23743
1306,-13.0804,0.414186,-9.10961
1307,-13.2308,0.414637,-9.11819
1308,-13.3787,0.414866,-9.12256
1309,-13.4648,0.409456,-9.01962
1310,-13.6125,0.4084,-8.99953
1311,-13.776,0.403734,-8.91072
1312,-13.9836,0.401546,-8.86903
1313,-14.2265,0.394069,-8.72658
1314,-14.4533,0.390411,-8.65685
1315,-14.6357,0.385893,-8.57069
1316,-14.8542,0.386998,-8.59176
1317,-15.1782,0.379532,-8.44929
1318,-15.4721,0.377596,-8.41234
1319,-15.8063,0.37494,-8.36162
1320,-16.1998,0.369977,-8.26682
1321,-16.7089,0.361717,-8.10894
1322,-17.1777,0.355856,-7.99683
1323,-17.8316,0.349897,-7.88279
1324,-18.4799,0.345689,-7.80223
1325,-19.2062,0.343409,-7.75856
1326,-19.8923,0.344929,-7.78767
1327,-20.6273,0.351554,-7.91452
1328,-21.4269,0.358933,-8.0557
1329,-22.107,0.376068,-8.38317
1330,-22.7332,0.392335,-8.69354
1331,-23.4309,0.403493,-8.90612
1332,-24.084,0.421271,-9.24432
1333,-24.7465,0.423228,-9.28152
1334,-25.2856,0.432746,-9.46229
1335,-25.7916,0.442678,-9.65072
1336,-26.3099,0.452988,-9.84609
1337,-26.7592,0.468549,-10.1405
1338,-27.1293,0.482476,-10.4036
1339,-27.4758,0.501952,-10.7707
1340,-27.8675,0.517427,-11.0618
1341,-28.2535,0.52752,-11.2513
1342,-28.5837,0.545246,-11.5836
1343,-28.8937,0.553733,-11.7424
1344,-29.1406,0.569582,-12.0385
1345,-29.3969,0.584888,-12.3238
1346,-29.6953,0.603921,-12.6777
1347,-30.0009,0.620703,-12.989
1348,-30.3148,0.639031,-13.328
1349,-30.5872,0.658494,-13.687
1350,-30.9442,0.680635,-14.094
1351,-31.3056,0.702672,-14.4977
1352,-31.6467,0.727209,-14.9455
1353,-32.0087,0.75524,-15.4547
1354,-32.3788,0.786069,-16.0119
1355,-32.7589,0.815808,-16.5464
1356,-33.1101,0.847813,-17.1184
1357,-33.4788,0.879909,-17.6885
1358,-33.8518,0.912025,-18.2554
1359,-34.205,0.947105,-18.8703
1360,-34.5427,0.980256,-19.4473
1361,-34.8397,1.01782,-20.0962
1362,-35.1103,1.05041,-20.655
1363,-35.3256,1.0872,-21.2806
1364,-35.5588,1.12434,-21.907
1365,-35.7291,1.15897,-22.486
1366,-35.8394,1.19924,-23.1533
1367,-35.9037,1.23985,-23.8196
1368,-35.9255,1.27707,-24.4243
1369,-35.8767,1.31801,-25.0829
1370,-35.7517,1.3633,-25.8032
1371,-35.5993,1.4002,-26.3836
1372,-35.4264,1.4422,-27.0372
1373,-35.1697,1.4817,-27.6452
1374,-34.9425,1.52559,-28.3127
1375,-34.6631,1.56125,-28.849
1376,-34.332,1.60138,-29.4459
1377,-33.9765,1.63386,-29.924
1378,-33.5583,1.67313,-30.496
1379,-33.0154,1.70391,-30.9395
1380,-32.3587,1.73941,-31.4462
1381,-31.6374,1.77035,-31.8832
1382,-30.8572,1.80248,-32.3328
1383,-30.0722,1.82954,-32.7079
1384,-29.2125,1.82321,-32.6205
1385,-28.4154,1.84378,-32.904
1386,-27.6016,1.86277,-33.1642
1387,-26.7925,1.90768,-33.7737
1388,-26.0707,1.92053,-33.9464
1389,-25.3221,1.93742,-34.1725
1390,-24.5537,1.93675,-34.1635
1391,-23.81,1.94742,-34.3057
1392,-23.0927,1.95086,-34.3515
1393,-22.3464,1.94963,-34.335
1394,-21.5307,1.95506,-34.4073
1395,-20.8078,1.94823,-34.3164
1396,-20.024,1.94648,-34.2932
1397,-19.3647,1.94216,-34.2357
1398,-18.6988,1.93525,-34.1435
1399,-18.1674,1.90929,-33.7954
1400,-17.7063,1.88644,-33.4865
1401,-17.2845,1.85895,-33.1121
1402,-16.8326,1.83027,-32.718
1403,-16.4087,1.8009,-32.3107
1404,-16.1717,1.76769,-31.8457
1405,-14.6642,1.80474,-32.3641
1406,-14.2709,1.79124,-32.1759
1407,-13.6044,1.76224,-31.7689
1408,-13.4974,1.73809,-31.4274
1409,-13.1678,1.70826,-31.0019
1410,-12.7624,1.68906,-30.726
1411,-12.3718,1.65918,-30.2935
1412,-12.1028,1.62651,-29.8162
1413,-11.8138,1.58121,-29.1468
1414,-11.7223,1.54475,-28.6015
1415,-11.4507,1.49622,-27.8669
1416,-11.2234,1.4575,-27.2735
1417,-10.983,1.412,-26.568
1418,-10.7911,1.36838,-25.8835
1419,-10.5853,1.32831,-25.2474
1420,-10.4827,1.27623,-24.4108
1421,-10.3425,1.22572,-23.5885
1422,-11.0618,1.1231,-21.8862
1423,-10.9582,1.07549,-21.082
1424,-10.6134,1.03407,-20.3754
1425,-10.3882,0.993916,-19.6839
1426,-10.3379,0.946673,-18.8628
1427,-10.2999,0.894366,-17.9441
1428,-10.3873,0.849253,-17.1441
1429,-10.4803,0.803344,-16.3227
1430,-10.5048,0.754,-15.4322
1431,-10.6184,0.722983,-14.8685
1432,-10.7667,0.694647,-14.3509
1433,-10.8669,0.677633,-14.0389
1434,-11.0171,0.652055,-13.5683
1435,-11.0657,0.635204,-13.2573
1436,-11.1963,0.620298,-12.9815
1437,-11.5097,0.599374,-12.5932
1438,-11.6655,0.586638,-12.3564
1439,-11.9494,0.577859,-12.1929
1440,-12.1529,0.564948,-11.952
1441,-12.3231,0.546873,-11.6141
1442,-12.4579,0.539433,-11.4747
1443,-12.5618,0.530179,-11.3012
1444,-12.7372,0.523629,-11.1783
1445,-12.8263,0.523577,-11.1773
1446,-13.1152,0.513728,-10.9923
1447,-13.2532,0.503666,-10.803
1448,-13.47,0.494212,-10.6249
1449,-13.7466,0.488161,-10.5109
1450,-13.9711,0.477399,-10.3077
1451,-14.2823,0.462661,-10.0292
1452,-14.5425,0.455779,-9.89894
1453,-14.871,0.443782,-9.67164
1454,-15.2044,0.43054,-9.42042
1455,-15.7623,0.41539,-9.13252
1456,-16.2743,0.402744,-8.89185
1457,-16.8079,0.388523,-8.62084
1458,-17.377,0.372402,-8.31315
1459,-18.0432,0.360051,-8.07708
1460,-18.6972,0.354775,-7.97616
1461,-19.3481,0.354475,-7.97041
1462,-19.9746,0.360719,-8.08986
1463,-20.5681,0.360123,-8.07845
1464,-21.0169,0.365642,-8.18397
1465,-21.4902,0.364761,-8.16714
1466,-21.832,0.37339,-8.33203
1467,-22.2576,0.371978,-8.30505
1468,-22.6082,0.388701,-8.62424
1469,-22.9724,0.391486,-8.67735
1470,-23.2966,0.399957,-8.83877
1471,-23.5789,0.403255,-8.90158
1472,-23.8907,0.410167,-9.03316
1473,-24.1361,0.41156,-9.05966
1474,-24.3719,0.412927,-9.08568
1475,-24.6036,0.416519,-9.15399
1476,-24.7543,0.424764,-9.31071
1477,-24.9172,0.43138,-9.43635
1478,-25.0346,0.437831,-9.55878
1479,-25.1082,0.440879,-9.61659
1480,-25.2413,0.440261,-9.60489
1481,-25.386,0.448203,-9.75544
1482,-25.5884,0.453341,-9.85278
1483,-25.829,0.460985,-9.99747
1484,-26.0995,0.468182,-10.1336
1485,-26.4018,0.471391,-10.1942
1486,-26.7168,0.479954,-10.356
1487,-27.0678,0.487553,-10.4994
1488,-27.36,0.497483,-10.6866
1489,-27.6738,0.507701,-10.8789
1490,-27.9527,0.525024,-11.2045
1491,-28.1968,0.537006,-11.4292
1492,-28.4008,0.550882,-11.6891
1493,-28.6413,0.567005,-11.9904
1494,-28.8388,0.586809,-12.3596
1495,-29.0169,0.61029,-12.7959
1496,-29.1892,0.624756,-13.064
1497,-29.3756,0.63539,-13.2607
1498,-29.5836,0.644797,-13.4344
1499,-29.8067,0.656526,-13.6507
1500,-30.1431,0.67079,-13.9132
1501,-30.4723,0.689592,-14.2583
1502,-30.7635,0.707143,-14.5794
1503,-31.1267,0.721898,-14.8487
1504,-31.462,0.742177,-15.2177
1505,-31.7787,0.766397,-15.6567
1506,-32.1432,0.793533,-16.1463
1507,-32.4994,0.82257,-16.6676
1508,-32.8704,0.858078,-17.3011
1509,-33.2369,0.893397,-17.927
1510,-33.6029,0.928392,-18.5428
1511,-33.9339,0.967615,-19.2278
1512,-34.254,1.00061,-19.7996
1513,-34.5181,1.03294,-20.3559
1514,-34.7964,1.0629,-20.8679
1515,-35.0683,1.09551,-21.4213
1516,-35.3082,1.12514,-21.9204
1517,-35.5311,1.15317,-22.3894
1518,-35.6957,1.18897,-22.9839
1519,-35.8523,1.21546,-23.4203
1520,-35.9461,1.24803,-23.953
1521,-36.0751,1.27893,-24.4544
1522,-36.1193,1.31001,-24.9548
1523,-36.112,1.33874,-25.4137
1524,-36.0916,1.36625,-25.8498
1525,-36.0198,1.39636,-26.3235
1526,-35.9184,1.43177,-26.8757
1527,-35.8565,1.46508,-27.3902
1528,-35.7166,1.499,-27.9093
1529,-35.5547,1.53162,-28.4037
1530,-35.3803,1.56186,-28.8582
1531,-35.119,1.5973,-29.3856
1532,-34.8538,1.62849,-29.8452
1533,-34.5551,1.66835,-30.4267
1534,-34.138,1.70184,-30.9099
1535,-33.7036,1.73856,-31.4341
1536,-33.1471,1.77273,-31.9166
1537,-32.4763,1.80458,-32.3619
1538,-31.7177,1.84034,-32.8568
1539,-30.9087,1.87189,-33.2888
1540,-30.021,1.89503,-33.6029
1541,-29.0613,1.91745,-33.9051
1542,-28.1623,1.94176,-34.2304
1543,-27.3155,1.95584,-34.4176
1544,-26.4746,1.97491,-34.6699
1545,-25.6846,1.98422,-34.7925
1546,-24.9361,1.99555,-34.9412
1547,-24.1469,1.99719,-34.9626
1548,-23.4566,2.00133,-35.0168
1549,-22.763,1.99596,-34.9465
1550,-22.0707,1.98933,-34.8595
1551,-21.414,1.97734,-34.7019
1552,-20.8124,1.96705,-34.5661
1553,-20.2736,1.95814,-34.4481
1554,-19.84,1.93998,-34.2066
1555,-19.4109,1.91005,-33.8056
1556,-19.0918,1.87584,-33.3425
1557,-18.8546,1.8316,-32.7363
1558,-17.6857,1.85222,-33.0199
1559,-18.0531,1.77293,-31.9195
1560,-16.863,1.79295,-32.1999
1561,-16.4268,1.75995,-31.7367
1562,-15.9093,1.72812,-31.2856
1563,-15.4344,1.69867,-30.8644
1564,-14.8213,1.65528,-30.2368
1565,-14.5946,1.61462,-29.6414
1566,-14.105,1.57211,-29.0112
1567,-13.7439,1.53047,-28.3864
1568,-13.2059,1.48298,-27.6647
1569,-12.7512,1.43381,-26.9072
1570,-12.493,1.38016,-26.0691
1571,-12.3035,1.32271,-25.158
1572,-12.2934,1.26345,-24.2037
1573,-12.0367,1.20464,-23.2423
1574,-11.8746,1.14452,-22.245
1575,-11.8695,1.08136,-21.1816
1576,-11.78,1.02012,-20.1358
1577,-12.2917,0.921489,-18.4217
1578,-11.9227,0.889521,-17.8586
1579,-11.6686,0.853412,-17.2181
1580,-11.4906,0.814989,-16.5318
1581,-11.4159,0.769941,-15.7208
1582,-11.4014,0.729665,-14.9902
1583,-11.476,0.690597,-14.2767
1584,-11.56,0.655554,-13.6328
1585,-11.6632,0.624132,-13.0524
1586,-11.7813,0.600625,-12.6165
1587,-11.9927,0.580044,-12.2336
1588,-12.2619,0.557239,-11.808
1589,-12.521,0.544245,-11.5649
1590,-12.7263,0.532679,-11.3481
1591,-12.9281,0.516788,-11.0498
1592,-13.0613,0.508536,-10.8946
1593,-13.317,0.495619,-10.6514
1594,-13.4483,0.484341,-10.4388
1595,-13.7383,0.479412,-10.3457
1596,-13.9116,0.467077,-10.1127
1597,-14.114,0.460024,-9.97928
1598,-14.379,0.451224,-9.81267
1599,-14.6813,0.432986,-9.46684
1600,-15.0462,0.422751,-9.27245
1601,-15.61,0.399985,-8.8393
1602,-16.1776,0.381612,-8.489
1603,-16.9176,0.353299,-7.94792
1604,-17.638,0.345503,-7.79866
1605,-18.3336,0.334768,-7.593
1606,-19.0025,0.328973,-7.48188
1607,-19.6296,0.331318,-7.52685
1608,-20.2016,0.330477,-7.51071
1609,-20.7601,0.338417,-7.66292
1610,-21.3841,0.338518,-7.66487
1611,-21.9699,0.340381,-7.70056
1612,-22.5151,0.342636,-7.74375
1613,-23.0797,0.351433,-7.9122
1614,-23.6215,0.357404,-8.02645
1615,-24.084,0.36316,-8.13653
1616,-24.4582,0.36713,-8.21242
1617,-24.7394,0.374364,-8.35063
1618,-25.0248,0.379323,-8.4453
1619,-25.2745,0.380967,-8.47669
1620,-25.566,0.379958,-8.45743
1621,-25.7952,0.382013,-8.49665
1622,-26.0394,0.384883,-8.5514
1623,-26.2951,0.392784,-8.7021
1624,-26.5748,0.401631,-8.87066
1625,-26.9029,0.413552,-9.09756
1626,-27.2884,0.424311,-9.3021
1627,-27.6542,0.442351,-9.64452
1628,-28.0513,0.457872,-9.93856
1629,-28.4738,0.471026,-10.1873
1630,-28.841,0.487133,-10.4915
1631,-29.1576,0.498461,-10.705
1632,-29.3868,0.513816,-10.9939
1633,-29.6358,0.530746,-11.3119
1634,-29.8922,0.547482,-11.6255
1635,-30.087,0.566535,-11.9816
1636,-30.3415,0.582501,-12.2793
1637,-30.6137,0.596702,-12.5436
1638,-30.8489,0.617602,-12.9315
1639,-31.1156,0.630817,-13.1762
1640,-31.3514,0.646601,-13.4677
1641,-31.5794,0.666405,-13.8326
1642,-31.8141,0.687485,-14.2196
1643,-32.0605,0.704229,-14.5262
1644,-32.2624,0.724105,-14.8889
1645,-32.4843,0.744164,-15.2538
1646,-32.6985,0.756985,-15.4863
1647,-32.8894,0.780837,-15.9175
1648,-33.1186,0.793745,-16.1501
1649,-33.2963,0.814192,-16.5175
1650,-33.4561,0.828919,-16.7812
1651,-33.5976,0.853089,-17.2124
1652,-33.7074,0.868899,-17.4934
1653,-33.8069,0.884485,-17.7695
1654,-33.8783,0.896993,-17.9905
1655,-33.87,0.907329,-18.1727
1656,-33.874,0.914774,-18.3037
1657,-33.8653,0.925033,-18.4839
1658,-33.8283,0.937227,-18.6976
1659,-33.7814,0.949511,-18.9123
1660,-33.733,0.954743,-19.0036
1661,-33.6482,0.967596,-19.2275
1662,-33.593,0.973972,-19.3383
1663,-33.4946,0.978521,-19.4172
1664,-33.3588,0.99084,-19.6307
1665,-33.2619,0.996992,-19.7371
1666,-33.1412,1.00586,-19.8902
1667,-33.0121,1.01159,-19.989
1668,-32.893,1.01558,-20.0576
1669,-32.7446,1.01814,-20.1017
1670,-32.6149,1.01058,-19.9716
1671,-32.4621,1.01099,-19.9786
1672,-32.3217,1.01085,-19.9762
1673,-32.183,1.00733,-19.9156
1674,-32.0567,1.005,-19.8754
1675,-31.9462,1.00208,-19.8249
1676,-31.806,0.997708,-19.7495
1677,-31.695,0.994501,-19.694
1678,-31.5796,0.998516,-19.7634
1678,-31.4876,0.994687,-19.6973
1678,-31.3858,1.00049,-19.7976
1678,-31.3265,0.998347,-19.7605
1678,-31.2304,1.00475,-19.8711
1678,-31.186,1.00619,-19.896
1678,-31.1559,1.00854,-19.9363
1678,-31.1462,1.01872,-20.1117
1678,-31.1168,1.02513,-20.2219
1678,-31.0875,1.03204,-20.3406
1678,-31.0735,1.03373,-20.3696
1678,-31.0379,1.04272,-20.5234
1678,-30.9949,1.04546,-20.5703
1678,-30.9816,1.04799,-20.6135
1678,-30.9543,1.04844,-20.6212
1678,-30.928,1.04941,-20.6378
1678,-30.9259,1.05141,-20.672
1678,-30.8891,1.05325,-20.7034
1678,-30.8773,1.05804,-20.7852
1678,-30.8487,1.0554,-20.7401
1678,-30.833,1.05702,-20.7677
1678,-30.8241,1.05051,-20.6566
1678,-30.823,1.05104,-20.6657
1678,-30.7924,1.04798,-20.6133
1678,-30.7592,1.04907,-20.6321
1678,-30.7699,1.04262,-20.5218
1678,-30.7998,1.03947,-20.4678
1678,-30.7779,1.04473,-20.5578
1678,-30.7887,1.0408,-20.4905
1678,-30.7826,1.04399,-20.5452
1678,-30.7831,1.0452,-20.5659
1678,-30.7793,1.0477,-20.6087
1678,-30.7563,1.04906,-20.6319
1678,-30.7976,1.04958,-20.6407
1678,-30.8016,1.04819,-20.6169
1678,-30.8025,1.05061,-20.6584
1678,-30.7715,1.04644,-20.5871
1678,-30.7409,1.04664,-20.5904
1678,-30.748,1.04277,-20.5243
1678,-30.7131,1.04573,-20.575
1678,-30.7157,1.04151,-20.5028
1678,-30.6788,1.04542,-20.5696
1678,-30.6745,1.04179,-20.5074
1678,-30.6331,1.04226,-20.5156
1678,-30.6271,1.0458,-20.576
1678,-30.6406,1.03889,-20.4579
1678,-30.6327,1.04183,-20.5083
1678,-30.6406,1.04255,-20.5205
1678,-30.652,1.03932,-20.4652
1678,-30.6389,1.04129,-20.499
1678,-30.6594,1.03387,-20.3718
1678,-30.6661,1.02959,-20.2985
1678,-30.6458,1.03073,-20.318
1678,-30.6584,1.03573,-20.4037
1678,-30.6692,1.03081,-20.3194
1678,-30.6425,1.03093,-20.3215
1678,-30.6359,1.0243,-20.2077
1678,-30.6593,1.0232,-20.1888
1678,-30.6307,1.01936,-20.1227
1678,-30.6331,1.01538,-20.0543
1678,-30.6521,1.00985,-19.959
1678,-30.6364,1.00929,-19.9494
1678,-30.6502,1.0075,-19.9185
1678,-30.6829,0.996119,-19.722
1678,-30.6924,0.991008,-19.6336
1678,-30.693,0.997178,-19.7403
1678,-30.6701,0.99878,-19.768
1678,-30.6688,0.995484,-19.711
1678,-30.6777,1.00034,-19.795
1678,-30.7005,0.993148,-19.6707
1678,-30.6885,0.984789,-19.5259
1678,-30.6742,0.997377,-19.7438
1678,-30.6853,0.987859,-19.5791
1678,-30.7168,0.985434,-19.5371
1678,-30.7385,0.984263,-19.5168
1678,-30.7227,0.988901,-19.5972
1678,-30.717,0.994549,-19.6949
1678,-30.7084,0.992389,-19.6575
1678,-30.7101,0.993777,-19.6815
1678,-30.7017,0.997985,-19.7543
1678,-30.7022,0.997996,-19.7545
1678,-30.7119,0.997243,-19.7414
1678,-30.6992,0.995119,-19.7047
1678,-30.703,0.993408,-19.6751
1678,-30.6936,0.996305,-19.7252
1678,-30.7149,0.989964,-19.6155
1678,-30.7175,0.991876,-19.6486
1678,-30.7325,0.989202,-19.6024
1678,-30.7216,0.989583,-19.609
1678,-30.7335,0.987131,-19.5665
1678,-30.7258,0.983484,-19.5033
1678,-30.728,0.982057,-19.4786
1678,-30.6947,0.9839,-19.5105
1678,-30.6886,0.986871,-19.562
1678,-30.7116,0.985529,-19.5388
1678,-30.7212,0.984212,-19.5159
1678,-30.7016,0.990666,-19.6277
1678,-30.7243,0.991288,-19.6385
1678,-30.7501,0.984662,-19.5237
1678,-30.7356,0.988123,-19.5837
1678,-30.7232,0.984524,-19.5213
1678,-30.7494,0.990496,-19.6248
1678,-30.7495,0.982343,-19.4835
1678,-30.7585,0.980643,-19.4541
1678,-30.7126,0.989459,-19.6068
1678,-30.7215,0.986463,-19.5549
1678,-30.7283,0.981915,-19.4761
1678,-30.7104,0.981778,-19.4737
1678,-30.7275,0.985879,-19.5448
1678,-30.7172,0.985939,-19.5459
1678,-30.7382,0.988523,-19.5906
1678,-30.7306,0.991994,-19.6507
1678,-30.7109,0.991847,-19.6481
1678,-30.7605,0.992602,-19.6612
1678,-30.7507,0.991283,-19.6384
1678,-30.7675,0.989661,-19.6103
1678,-30.7715,0.988566,-19.5913
1678,-30.7394,0.992312,-19.6562
1678,-30.7378,0.991257,-19.6379
1678,-30.7453,0.993113,-19.67
1678,-30.7667,0.995399,-19.7096
1678,-30.7875,0.992803,-19.6647
1678,-30.8207,0.989728,-19.6115
1678,-30.8418,0.989536,-19.6081
1678,-30.8463,0.996101,-19.7217
1678,-30.8696,0.992819,-19.665
1678,-30.8855,0.994901,-19.701
1678,-30.8724,0.997576,-19.7472
1678,-30.8853,0.999412,-19.7789
1678,-30.9028,1.00173,-19.819
1678,-30.9204,1.00794,-19.9261
1678,-30.8905,1.00802,-19.9275
1678,-30.8992,1.01124,-19.983
1678,-30.9099,1.0132,-20.0167
1678,-30.9136,1.02134,-20.1568
1678,-30.9301,1.01704,-20.0828
1678,-30.9316,1.02412,-20.2045
1678,-30.9465,1.02271,-20.1803
1678,-30.9739,1.02054,-20.1431
1678,-30.9809,1.01809,-20.101
1678,-30.994,1.0209,-20.1492
1678,-30.991,1.01832,-20.1048
1678,-30.9996,1.01904,-20.1173
1678,-31.0081,1.01839,-20.106
1678,-31.0245,1.0154,-20.0547
1678,-31.0204,1.01396,-20.0298
1678,-31.0419,1.00937,-19.9507
1678,-31.0644,1.00263,-19.8345
1678,-31.0908,0.999177,-19.7749
1678,-31.0854,0.997889,-19.7526
1678,-31.1024,0.997873,-19.7523
1678,-31.1434,0.995059,-19.7037
1678,-31.1649,0.987737,-19.577
1678,-31.1884,0.993004,-19.6681
1678,-31.2216,0.994983,-19.7024
1678,-31.2726,0.996439,-19.7275
1678,-31.2414,1.03404,-20.3748
1678,-31.2785,1.03555,-20.4006
1678,-31.3332,1.03257,-20.3496
1678,-31.3906,1.03036,-20.3116
1678,-31.4211,1.02679,-20.2504
1678,-31.4343,1.02509,-20.2212
1678,-31.5044,1.02306,-20.1864
1678,-31.5461,1.02287,-20.1831
1678,-31.5241,1.02218,-20.1713
1678,-31.5374,1.02018,-20.1369
1678,-31.5292,1.02058,-20.1437
1678,-31.5543,1.02047,-20.1418
1678,-31.5499,1.02121,-20.1546
1678,-31.587,1.02167,-20.1625
1678,-31.6343,1.01847,-20.1075
