time,route1,route2,route3,route4,route5,route6,route7,route8
1,1.1108,0.9168,1.3905,1.0109,0.9889,1.2552,1.0487,1.2138
2,1.1108,0.9168,1.3905,1.0109,0.9889,1.2552,1.0487,1.2138
3,1.1108,1.0108,1.3833,1.0293,1.0091,1.2619,1.0684,1.2257
4,1.1108,1.0108,1.3833,1.0293,1.0091,1.2619,1.0684,1.2257
5,1.1108,1.0108,1.3833,1.0293,1.0091,1.2619,1.0684,1.2257
6,1.1306,1.031,1.3833,1.0261,1.0109,1.2756,1.0779,1.2463
7,1.1306,1.031,1.3858,1.0261,1.0109,1.2756,1.0779,1.2463
8,1.1306,1.031,1.3858,1.0261,1.0109,1.2756,1.0779,1.2463
9,1.1485,1.0265,1.3858,1.04,1.0109,1.2942,1.1012,1.2463
10,1.1485,1.0265,1.3874,1.04,1.0222,1.2942,1.1012,1.2571
11,1.1485,1.0265,1.3874,1.04,1.0222,1.2942,1.1012,1.2571
12,1.1485,1.0265,1.3874,1.0501,1.0222,1.3092,1.1126,1.2571
13,1.1609,1.0178,1.3874,1.0501,1.0415,1.3092,1.1126,1.2708
14,1.1609,1.0178,1.3819,1.0501,1.0415,1.3092,1.1126,1.2708
15,1.1609,1.0178,1.3819,1.0498,1.0415,1.3048,1.1126,1.2708
16,1.1582,1.017,1.3819,1.0498,1.0661,1.3048,1.124,1.2777
17,1.1582,1.017,1.3955,1.0498,1.0661,1.3048,1.124,1.2777
18,1.1582,1.017,1.3955,1.0777,1.0661,1.2959,1.124,1.2777
19,1.1615,1.0096,1.3955,1.0777,1.061,1.2959,1.1285,1.283
20,1.1615,1.0096,1.3955,1.0777,1.061,1.2959,1.1285,1.283
21,1.1615,1.0096,1.376,1.0677,1.061,1.3053,1.1285,1.283
22,1.1689,1.0219,1.376,1.0677,1.0753,1.3053,1.1312,1.283
23,1.1689,1.0219,1.376,1.0677,1.0753,1.3053,1.1312,1.2953
24,1.1689,1.0219,1.3804,1.071,1.0753,1.272,1.1312,1.2953
25,1.1771,1.0316,1.3804,1.071,1.0753,1.272,1.1291,1.2953
26,1.1771,1.0316,1.3804,1.071,1.0616,1.272,1.1291,1.3004
27,1.1771,1.0316,1.3804,1.0503,1.0616,1.2585,1.1291,1.3004
28,1.1763,1.0316,1.3904,1.0503,1.0616,1.2585,1.1453,1.3004
29,1.1763,1.0365,1.3904,1.0503,1.0841,1.2585,1.1453,1.3162
30,1.1763,1.0365,1.3904,1.0699,1.0841,1.2585,1.1453,1.3162
31,1.1874,1.0365,1.3894,1.0699,1.0841,1.2318,1.1605,1.3162
32,1.1874,1.0479,1.3894,1.0879,1.0852,1.2318,1.1605,1.3373
33,1.1874,1.0479,1.3894,1.0879,1.0852,1.2318,1.1605,1.3373
34,1.1874,1.0479,1.3894,1.0879,1.0852,1.2545,1.1679,1.3373
35,1.198,1.0478,1.396,1.093,1.0884,1.2545,1.1679,1.3436
36,1.198,1.0478,1.396,1.093,1.0884,1.2545,1.1679,1.3436
37,1.198,1.0478,1.396,1.093,1.0884,1.2623,1.1776,1.3436
38,1.1957,1.0338,1.4188,1.0586,1.0884,1.2623,1.1776,1.3436
39,1.1957,1.0338,1.4188,1.0586,1.0877,1.2623,1.1776,1.3473
40,1.1957,1.0338,1.4188,1.0586,1.0877,1.2729,1.1776,1.3473
41,1.192,1.0527,1.4188,1.0226,1.0877,1.2729,1.2011,1.3473
42,1.192,1.0527,1.4274,1.0226,1.1101,1.2729,1.2011,1.3623
43,1.19E+00,1.0527,1.4274,1.0226,1.1101,1.2836,1.2011,1.3623
44,1.2315,1.0604,1.4274,1.0223,1.1101,1.2836,1.2173,1.3623
45,1.2315,1.0604,1.4274,1.0223,1.1461,1.2836,1.2173,1.372
46,1.2315,1.0604,1.4515,1.0223,1.1461,1.2959,1.2173,1.372
47,1.2514,1.0604,1.4515,1.016,1.1461,1.2959,1.2283,1.372
48,1.2514,1.067,1.4515,1.016,1.157,1.2959,1.2283,1.3869
49,1.2514,1.067,1.4545,1.016,1.157,1.3289,1.2283,1.3869
50,1.2515,1.067,1.4545,1.0166,1.157,1.3289,1.2389,1.3869
51,1.2515,1.0836,1.4545,1.0166,1.1523,1.3289,1.2389,1.3869
52,1.2515,1.0836,1.4545,1.0166,1.1523,1.3492,1.2389,1.3912
53,1.2599,1.0836,1.4561,1.0488,1.1523,1.3492,1.238,1.3912
54,1.2599,1.0868,1.4561,1.0488,1.1523,1.3492,1.238,1.3912
55,1.2599,1.0868,1.4561,1.0488,1.1549,1.3463,1.238,1.3963
56,1.2599,1.0868,1.4663,1.0668,1.1549,1.3463,1.2504,1.3963
57,1.265,1.094,1.4663,1.0668,1.1549,1.3463,1.2504,1.3963
58,1.265,1.094,1.4663,1.0668,1.1819,1.367,1.2504,1.408
59,1.265,1.094,1.4663,1.0949,1.1819,1.367,1.2761,1.408
60,1.2692,1.0979,1.4763,1.0949,1.1819,1.367,1.2761,1.408
61,1.2692,1.0979,1.4763,1.0949,1.1987,1.3731,1.2761,1.4227
62,1.2692,1.0979,1.4763,1.1045,1.1987,1.3731,1.2896,1.4227
63,1.2539,1.0979,1.479,1.1045,1.1987,1.3731,1.2896,1.4227
64,1.2539,1.0973,1.479,1.1045,1.1951,1.371,1.2896,1.4227
65,1.2539,1.0973,1.479,1.0962,1.1951,1.371,1.2896,1.4296
66,1.2313,1.0973,1.479,1.0962,1.1951,1.371,1.2922,1.4296
67,1.2313,1.095,1.489,1.0962,1.1951,1.3833,1.2922,1.4296
68,1.2313,1.095,1.489,1.1016,1.22,1.3833,1.2922,1.4346
69,1.2247,1.095,1.489,1.1016,1.22,1.3833,1.3061,1.4346
70,1.2247,1.1032,1.5057,1.1016,1.22,1.385,1.3061,1.4346
71,1.2247,1.1032,1.5057,1.1261,1.2247,1.385,1.3061,1.4491
72,1.2591,1.1032,1.5057,1.1261,1.2247,1.385,1.3149,1.4491
73,1.2591,1.085,1.5057,1.1261,1.2247,1.4005,1.3149,1.4491
74,1.2591,1.085,1.5081,1.1589,1.2258,1.4005,1.3149,1.4614
75,1.2697,1.085,1.5081,1.1589,1.2258,1.4005,1.317,1.4614
76,1.2697,1.0828,1.5081,1.1589,1.2258,1.3979,1.317,1.4614
77,1.2697,1.0828,1.5155,1.1763,1.2531,1.3979,1.317,1.4614
78,1.2697,1.0828,1.5155,1.1763,1.2531,1.3979,1.3267,1.4606
79,1.2625,1.0828,1.5155,1.1763,1.2531,1.4112,1.3267,1.4606
80,1.2625,1.0677,1.5155,1.1868,1.2531,1.4112,1.3267,1.4606
81,1.2625,1.0677,1.5217,1.1868,1.2651,1.4112,1.3348,1.469
82,1.2256,1.0677,1.5217,1.1868,1.2651,1.4112,1.3348,1.469
83,1.2256,1.0502,1.5217,1.2028,1.2651,1.43,1.3348,1.469
84,1.2256,1.0502,1.5234,1.2028,1.2768,1.43,1.3393,1.4766
85,1.2407,1.0502,1.5234,1.2028,1.2768,1.43,1.3393,1.4766
86,1.2407,1.0667,1.5234,1.1921,1.2768,1.4462,1.3393,1.4766
87,1.2407,1.0667,1.5234,1.1921,1.2848,1.4462,1.3484,1.4941
88,1.241,1.0667,1.5197,1.1921,1.2848,1.4462,1.3484,1.4941
89,1.241,1.0687,1.5197,1.1914,1.2848,1.4542,1.3484,1.4941
90,1.241,1.0687,1.5197,1.1914,1.2914,1.4542,1.3484,1.4968
91,1.2087,1.0687,1.5229,1.2093,1.2914,1.4542,1.3583,1.4968
92,1.2087,1.0597,1.5229,1.2093,1.2914,1.4421,1.3583,1.4968
93,1.2087,1.0597,1.5229,1.2093,1.2944,1.4421,1.3583,1.4968
94,1.1622,1.0597,1.5229,1.2103,1.2944,1.4421,1.3632,1.499
95,1.1622,1.0645,1.5197,1.2103,1.2944,1.454,1.3632,1.499
96,1.1622,1.0645,1.5197,1.2103,1.2944,1.454,1.3632,1.499
97,1.1618,1.0645,1.5197,1.2237,1.299,1.454,1.3773,1.5139
98,1.1618,1.0645,1.508,1.2237,1.299,1.4594,1.3773,1.5139
99,1.16E+00,1.0541,1.508,1.2237,1.299,1.4594,1.3773,1.5139
100,1.1618,1.0541,1.508,1.2407,1.3101,1.4594,1.372,1.5153
101,1.1782,1.0541,1.508,1.2407,1.3101,1.4651,1.372,1.5153
102,1.1782,1.0523,1.5087,1.2407,1.3101,1.4651,1.372,1.5153
103,1.1782,1.0523,1.5087,1.2394,1.3235,1.4651,1.3856,1.5154
104,1.1882,1.0523,1.5087,1.2394,1.3235,1.4737,1.3856,1.5154
105,1.1882,1.0537,1.4996,1.2394,1.3235,1.4737,1.3856,1.5154
106,1.1882,1.0537,1.4996,1.2579,1.318,1.4737,1.3862,1.5154
107,1.1968,1.0537,1.4996,1.2579,1.318,1.4668,1.3862,1.5266
108,1.1968,1.0612,1.4996,1.2579,1.318,1.4668,1.3862,1.5266
109,1.1968,1.0612,1.4914,1.2581,1.318,1.4668,1.3842,1.5266
110,1.1921,1.0612,1.4914,1.2581,1.3258,1.4819,1.3842,1.5289
111,1.1921,1.0588,1.4914,1.2581,1.3258,1.4819,1.3842,1.5289
112,1.1921,1.0588,1.4846,1.2605,1.3258,1.4819,1.3852,1.5289
113,1.1967,1.0588,1.4846,1.2605,1.3371,1.4812,1.3852,1.5226
114,1.1967,1.0588,1.4846,1.2605,1.3371,1.4812,1.3852,1.5226
115,1.1967,1.0571,1.4846,1.278,1.3371,1.4812,1.3852,1.5226
116,1.221,1.0571,1.4829,1.278,1.339,1.4918,1.3918,1.5225
117,1.221,1.0571,1.4829,1.278,1.339,1.4918,1.3918,1.5225
118,1.221,1.0573,1.4829,1.2971,1.339,1.4918,1.3918,1.5225
119,1.2071,1.0573,1.4863,1.2971,1.3346,1.5044,1.3851,1.5225
120,1.2071,1.0573,1.4863,1.2971,1.3346,1.5044,1.3851,1.5205
121,1.2071,1.0449,1.4863,1.3026,1.3346,1.5044,1.3851,1.5205
122,1.2071,1.0449,1.4863,1.3026,1.3279,1.5135,1.3707,1.5205
123,1.1835,1.0449,1.48,1.3026,1.3279,1.5135,1.3707,1.5059
124,1.1835,1.0309,1.48,1.299,1.3279,1.5135,1.3707,1.5059
125,1.1835,1.0309,1.48,1.299,1.3279,1.5207,1.3588,1.5059
126,1.1637,1.0309,1.4828,1.299,1.3279,1.5207,1.3588,1.4963
127,1.1637,1.0217,1.4828,1.3248,1.3279,1.5207,1.3588,1.4963
128,1.1637,1.0217,1.4828,1.3248,1.3279,1.5279,1.3657,1.4963
129,1.1537,1.0217,1.4828,1.3248,1.3267,1.5279,1.3657,1.4991
130,1.1537,0.9886,1.4776,1.3442,1.3267,1.5279,1.3657,1.4991
131,1.1537,0.9886,1.4776,1.3442,1.3267,1.5241,1.3601,1.4991
132,1.167,0.9886,1.4776,1.3442,1.3205,1.5241,1.3601,1.4991
133,1.167,0.9886,1.4776,1.3468,1.3205,1.5241,1.3601,1.5003
134,1.167,0.9904,1.4742,1.3468,1.3205,1.5241,1.3541,1.5003
135,1.1672,0.9904,1.4742,1.3468,1.309,1.529,1.3541,1.5003
136,1.1672,0.9904,1.4742,1.3531,1.309,1.529,1.3541,1.4892
137,1.1672,0.9794,1.4745,1.3531,1.309,1.529,1.3549,1.4892
138,1.1434,0.9794,1.4745,1.3531,1.309,1.5316,1.3549,1.4892
139,1.1434,0.9794,1.4745,1.3554,1.3002,1.5316,1.3549,1.4944
140,1.1434,0.9636,1.4745,1.3554,1.3002,1.5316,1.3549,1.4944
141,1.142,0.9636,1.4762,1.3554,1.3002,1.5398,1.3543,1.4944
142,1.142,0.9636,1.4762,1.3819,1.2966,1.5398,1.3543,1.4914
143,1.142,0.9567,1.4762,1.3819,1.2966,1.5398,1.3543,1.4914
144,1.142,0.9567,1.4859,1.3819,1.2966,1.5488,1.3542,1.4914
145,1.1362,0.9567,1.4859,1.3855,1.3061,1.5488,1.3542,1.4914
146,1.1362,0.9598,1.4859,1.3855,1.3061,1.5488,1.3542,1.4875
147,1.1362,0.9598,1.4859,1.3855,1.3061,1.5358,1.3478,1.4875
148,1.1384,0.9598,1.4766,1.3878,1.319,1.5358,1.3478,1.4875
149,1.1384,0.9598,1.4766,1.3878,1.319,1.5358,1.3478,1.4888
150,1.1384,0.9874,1.4766,1.3973,1.319,1.5237,1.3319,1.4888
151,1.1162,0.9874,1.4745,1.3973,1.3145,1.5237,1.3319,1.4888
152,1.1162,0.9874,1.4745,1.3973,1.3145,1.5237,1.3319,1.4897
153,1.1162,0.9509,1.4745,1.4074,1.3145,1.5074,1.3323,1.4897
154,1.1195,0.9509,1.4745,1.4074,1.3145,1.5074,1.3323,1.4897
155,1.1195,0.9509,1.4797,1.4074,1.312,1.5074,1.3323,1.4823
156,1.1195,0.9531,1.4797,1.4187,1.312,1.507,1.3361,1.4823
157,1.1104,0.9531,1.4797,1.4187,1.312,1.507,1.3361,1.4823
158,1.1104,0.9531,1.4636,1.4187,1.3175,1.507,1.3361,1.4757
159,1.1104,0.9603,1.4636,1.4262,1.3175,1.4994,1.3426,1.4757
160,1.1195,0.9603,1.4636,1.4262,1.3175,1.4994,1.3426,1.4757
161,1.1195,0.9603,1.4636,1.4262,1.3112,1.4994,1.3426,1.48E+00
162,1.1195,0.9641,1.4434,1.4513,1.3112,1.5097,1.344,1.4781
163,1.1213,0.9641,1.4434,1.4513,1.3112,1.5097,1.344,1.4781
164,1.1213,0.9641,1.4434,1.4513,1.3037,1.5097,1.344,1.4781
165,1.1213,0.9641,1.4337,1.4616,1.3037,1.5144,1.344,1.4806
166,1.1213,0.9519,1.4337,1.4616,1.3037,1.5144,1.3339,1.4806
167,1.1125,0.9519,1.4337,1.4616,1.3037,1.5144,1.3339,1.4806
168,1.1125,0.9519,1.4337,1.4671,1.3153,1.5104,1.3339,1.4602
169,1.1125,0.9409,1.431,1.4671,1.3153,1.5104,1.329,1.4602
170,1.1144,0.9409,1.431,1.4671,1.3153,1.5104,1.329,1.4602
171,1.1144,0.9409,1.431,1.4805,1.3071,1.5011,1.329,1.446
172,1.1144,0.9597,1.4322,1.4805,1.3071,1.5011,1.3262,1.446
173,1.0967,0.9597,1.4322,1.4805,1.3071,1.5011,1.3262,1.446
174,1.0967,0.9597,1.4322,1.4982,1.2954,1.5095,1.3262,1.446
175,1.0967,0.9436,1.4322,1.4982,1.2954,1.5095,1.3084,1.449
176,1.0783,0.9436,1.4114,1.4982,1.2954,1.5095,1.3084,1.449
177,1.0783,0.9436,1.4114,1.5057,1.2877,1.5116,1.3084,1.449
178,1.0783,0.9223,1.4114,1.5057,1.2877,1.5116,1.3038,1.4322
179,1.0685,0.9223,1.4072,1.5057,1.2877,1.5116,1.3038,1.4322
180,1.0685,0.9223,1.4072,1.5041,1.2877,1.4999,1.3038,1.4322
181,1.0685,0.9086,1.4072,1.5041,1.2839,1.4999,1.2946,1.4183
182,1.0602,0.9086,1.4072,1.5041,1.2839,1.4999,1.2946,1.4183
183,1.0602,0.9086,1.4017,1.495,1.2839,1.4985,1.2946,1.4183
184,1.0602,0.9086,1.4017,1.495,1.2764,1.4985,1.2871,1.4201
185,1.0338,0.9079,1.4017,1.495,1.2764,1.4985,1.2871,1.4201
186,1.0338,0.9079,1.3924,1.492,1.2764,1.4985,1.2871,1.4201
187,1.0338,0.9079,1.3924,1.492,1.2473,1.5071,1.2807,1.4201
188,1.0338,0.9018,1.3924,1.492,1.2473,1.5071,1.2807,1.4181
189,1.0245,0.9018,1.3924,1.4884,1.2473,1.5071,1.2807,1.4181
190,1.0245,0.9018,1.3961,1.4884,1.2502,1.495,1.2807,1.4181
191,1.0245,0.8751,1.3961,1.4884,1.2502,1.495,1.2721,1.4064
192,1.0127,0.8751,1.3961,1.4753,1.2502,1.495,1.2721,1.4064
193,1.0127,0.8751,1.3978,1.4753,1.2617,1.4876,1.2721,1.4064
194,1.0127,0.8309,1.3978,1.4753,1.2617,1.4876,1.264,1.3983
195,0.995,0.8309,1.3978,1.4598,1.2617,1.4876,1.264,1.3983
196,0.995,0.8309,1.3978,1.4598,1.2617,1.4669,1.264,1.3983
197,0.995,0.7994,1.387,1.4598,1.2412,1.4669,1.2573,1.3872
198,0.9761,0.7994,1.387,1.4708,1.2412,1.4669,1.2573,1.3872
199,0.9761,0.7994,1.387,1.4708,1.2412,1.4528,1.2573,1.3872
200,0.9761,0.7994,1.3588,1.4708,1.2446,1.4528,1.2547,1.3872
201,0.966,0.7767,1.3588,1.4464,1.2446,1.4528,1.2547,1.3711
202,0.966,0.7767,1.3588,1.4464,1.2446,1.4431,1.2547,1.3711
203,0.966,0.7767,1.3588,1.4464,1.2549,1.4431,1.248,1.3711
204,0.9698,0.7659,1.35,1.4237,1.2549,1.4431,1.248,1.3579
205,0.9698,0.7659,1.35,1.4237,1.2549,1.4384,1.248,1.3579
206,0.9698,0.7659,1.35,1.4237,1.2657,1.4384,1.2456,1.3579
207,0.964,0.7652,1.3438,1.4223,1.2657,1.4384,1.2456,1.3572
208,0.964,0.7652,1.3438,1.4223,1.2657,1.4418,1.2456,1.3572
209,0.964,0.7652,1.3438,1.4232,1.2657,1.4418,1.2359,1.3572
210,0.964,0.7436,1.3438,1.4232,1.2907,1.4418,1.2359,1.3423
211,0.9352,0.7436,1.3314,1.4232,1.2907,1.4354,1.2359,1.3423
212,0.9352,0.7436,1.3314,1.4363,1.2907,1.4354,1.2276,1.3423
213,0.9352,0.6963,1.3314,1.4363,1.2768,1.4354,1.2276,1.3278
214,0.9221,0.6963,1.3314,1.4363,1.2768,1.4268,1.2276,1.3278
215,0.9221,0.6963,1.3352,1.4318,1.2768,1.4268,1.2276,1.3278
216,0.9221,0.6926,1.3352,1.4318,1.2629,1.4268,1.1964,1.3278
217,0.9164,0.6926,1.3352,1.4318,1.2629,1.4312,1.1964,1.3229
218,0.9164,0.6926,1.3233,1.4346,1.2629,1.4312,1.1964,1.3229
219,0.9164,0.6926,1.3233,1.4346,1.2455,1.4312,1.1992,1.3229
220,0.9098,0.6856,1.3233,1.4346,1.2455,1.4355,1.1992,1.3102
221,0.9098,0.6856,1.3233,1.4277,1.2455,1.4355,1.1992,1.3102
222,0.9098,0.6856,1.3103,1.4277,1.2235,1.4355,1.1987,1.3102
223,0.8802,0.6819,1.3103,1.4277,1.2235,1.4382,1.1987,1.2976
224,0.8802,0.6819,1.3103,1.4267,1.2235,1.4382,1.1987,1.2976
225,0.8802,0.6819,1.3237,1.4267,1.2235,1.4382,1.1968,1.2976
226,0.8686,0.6902,1.3237,1.4267,1.2058,1.4411,1.1968,1.2787
227,0.8686,0.6902,1.3237,1.4193,1.2058,1.4411,1.1968,1.2787
228,0.8686,0.6902,1.3237,1.4193,1.2058,1.4411,1.2001,1.2787
229,0.8516,0.6782,1.3301,1.4193,1.2152,1.4402,1.2001,1.2787
230,0.8516,0.6782,1.3301,1.4214,1.2152,1.4402,1.2001,1.2715
231,0.8516,0.6782,1.3301,1.4214,1.2152,1.4402,1.1912,1.2715
232,0.8516,0.7022,1.293,1.4214,1.2001,1.4363,1.1912,1.2715
233,0.8117,0.7022,1.293,1.4,1.2001,1.4363,1.1912,1.2563
234,0.8117,0.7022,1.293,1.4,1.2001,1.4363,1.1766,1.2563
235,0.8117,0.7022,1.293,1.4,1.1722,1.4347,1.1766,1.2563
236,0.8147,0.6586,1.2826,1.3797,1.1722,1.4347,1.1766,1.2486
237,0.8147,0.6586,1.2826,1.3797,1.1722,1.4347,1.1762,1.2486
238,0.8147,0.6586,1.2826,1.3797,1.1722,1.4347,1.1762,1.2486
239,0.7931,0.6548,1.2668,1.363,1.1842,1.4189,1.1762,1.2296
240,0.7931,0.6548,1.2668,1.363,1.1842,1.4189,1.1762,1.2296
241,0.7931,0.6548,1.2668,1.363,1.1842,1.4189,1.1701,1.2296
242,0.7946,0.6875,1.2668,1.3643,1.1755,1.3982,1.1701,1.2296
243,0.7946,0.6875,1.271,1.3643,1.1755,1.3982,1.1701,1.2175
244,0.7946,0.6875,1.271,1.3643,1.1755,1.3982,1.166,1.2175
245,0.7749,0.6551,1.271,1.3762,1.1556,1.3826,1.166,1.2175
246,0.7749,0.6551,1.2471,1.3762,1.1556,1.3826,1.166,1.1837
247,0.7749,0.6551,1.2471,1.3762,1.1556,1.3826,1.1564,1.1837
248,0.7908,0.6651,1.2471,1.3776,1.1563,1.3568,1.1564,1.1837
249,0.7908,0.6651,1.2471,1.3776,1.1563,1.3568,1.1564,1.1698
250,0.7908,0.6651,1.2452,1.3776,1.1563,1.3568,1.1327,1.1698
251,0.7622,0.632,1.2452,1.3597,1.2096,1.3584,1.1327,1.1698
252,0.7622,0.632,1.2452,1.3597,1.2096,1.3584,1.1327,1.1668
253,0.7622,0.632,1.2193,1.3597,1.2096,1.3584,1.1189,1.1668
254,0.7622,0.632,1.2193,1.3621,1.2096,1.4248,1.1189,1.1668
255,0.7517,0.656,1.2193,1.3621,1.1808,1.4248,1.1189,1.1668
256,0.7517,0.656,1.2193,1.3621,1.1808,1.4248,1.1148,1.1491
257,0.7517,0.656,1.1961,1.3572,1.1808,1.3735,1.1148,1.1491
258,0.762,0.6576,1.1961,1.3572,1.1943,1.3735,1.1148,1.1491
259,0.762,0.6576,1.1961,1.3572,1.1943,1.3735,1.1087,1.1344
260,0.762,0.6576,1.1718,1.3408,1.1943,1.438,1.1087,1.1344
261,0.7822,0.64,1.1718,1.3408,1.1441,1.438,1.1087,1.1344
262,0.7822,0.64,1.1718,1.3408,1.1441,1.438,1.0938,1.1048
263,0.7822,0.64,1.1718,1.3296,1.1441,1.4289,1.0938,1.1048
264,0.7853,0.6896,1.164,1.3296,1.1322,1.4289,1.0938,1.1048
265,0.7853,0.6896,1.164,1.3296,1.1322,1.4289,1.0938,1.0977
266,0.7853,0.6896,1.164,1.3276,1.1322,1.413,1.1034,1.0977
267,0.7673,0.711,1.1721,1.3276,1.1322,1.413,1.1034,1.0977
268,0.7673,0.711,1.1721,1.3296,1.0954,1.413,1.1034,1.0823
269,0.7673,0.711,1.1721,1.3296,1.0954,1.4092,1.0886,1.0823
270,0.7745,0.711,1.1721,1.3296,1.0954,1.4092,1.0886,1.0823
271,0.7745,0.7344,1.1388,1.3195,1.0803,1.4092,1.0886,1.0823
272,0.7745,0.7344,1.1388,1.3195,1.0803,1.4331,1.0671,1.0614
273,0.7745,0.7344,1.1388,1.3195,1.0803,1.4331,1.0671,1.0614
274,0.7508,0.7251,1.1467,1.313,1.0655,1.4331,1.0671,1.0614
275,0.7508,0.7251,1.1467,1.313,1.0655,1.422,1.0607,1.0504
276,0.7508,0.7251,1.1467,1.313,1.0655,1.422,1.0607,1.0504
277,0.7305,0.744,1.1467,1.3189,1.0484,1.422,1.0607,1.0504
278,0.7305,0.744,1.1469,1.3189,1.0484,1.4157,1.0498,1.0432
279,0.7305,0.744,1.1469,1.3189,1.0484,1.4157,1.0498,1.0432
280,0.7176,0.7139,1.1469,1.2923,1.0484,1.4157,1.0498,1.0432
281,0.7176,0.7139,1.126,1.2923,1.0401,1.378,1.0204,1.0264
282,0.7176,0.7139,1.126,1.2923,1.0401,1.378,1.0204,1.0264
283,0.6955,0.7145,1.126,1.2846,1.0401,1.378,1.0204,1.0264
284,0.6955,0.7145,1.126,1.2846,1.053,1.3544,1.0115,1.0264
285,0.6955,0.7145,1.1532,1.2846,1.053,1.3544,1.0115,1.0119
286,0.6719,0.7145,1.1532,1.2683,1.053,1.3544,1.0115,1.0119
287,0.6719,0.7182,1.1532,1.2683,1.1564,1.3301,0.9957,1.0119
288,0.6719,0.7182,1.1516,1.2683,1.1564,1.3301,0.9957,0.9879
289,0.6592,0.7182,1.1516,1.2591,1.1564,1.3301,0.9957,0.9879
290,0.6592,0.7344,1.1516,1.2591,1.2105,1.3012,0.9957,0.9879
291,0.6592,0.7344,1.1516,1.2591,1.2105,1.3012,0.9709,0.9631
292,0.6501,0.7344,1.1564,1.2507,1.2105,1.3012,0.9709,0.9631
293,0.6501,0.6984,1.1564,1.2507,1.1225,1.3012,0.9709,0.9631
294,0.6501,0.6984,1.1564,1.2507,1.1225,1.2642,0.9415,0.9638
295,0.6501,0.6984,1.1564,1.2579,1.1225,1.2642,0.9415,0.9638
296,0.6304,0.7503,1.1403,1.2579,1.1225,1.2642,0.9415,0.9638
297,0.6304,0.7503,1.1403,1.2579,1.1126,1.2539,0.9118,0.9638
298,0.6304,0.7503,1.1403,1.3041,1.1126,1.2539,0.9118,0.93
299,0.608,0.7231,1.1368,1.3041,1.1126,1.2539,0.9118,0.93
300,0.608,0.7231,1.1368,1.3041,1.0977,1.2416,0.8999,0.93
301,0.608,0.7231,1.1368,1.2671,1.0977,1.2416,0.8999,0.9138
302,0.5819,0.7384,1.1368,1.2671,1.0977,1.2416,0.8999,0.9138
303,0.5819,0.7384,1.1438,1.2671,1.0671,1.22,0.8831,0.9138
304,0.5819,0.7384,1.1438,1.2811,1.0671,1.22,0.8831,0.9036
305,0.563,0.7384,1.1438,1.2811,1.0671,1.22,0.8831,0.9036
306,0.563,0.7695,1.1285,1.2811,1.0462,1.2102,0.8767,0.9036
307,0.563,0.7695,1.1285,1.2503,1.0462,1.2102,0.8767,0.8875
308,0.4976,0.7695,1.1285,1.2503,1.0462,1.2102,0.8767,0.8875
309,0.4976,0.7351,1.1285,1.2503,1.0462,1.1841,0.8537,0.8875
310,0.4976,0.7351,1.0997,1.261,1.0187,1.1841,0.8537,0.8875
311,0.4689,0.7351,1.0997,1.261,1.0187,1.1841,0.8537,0.8652
312,0.4689,0.7436,1.0997,1.261,1.0187,1.1597,0.8293,0.8652
313,0.4689,0.7436,1.1009,1.2595,0.9905,1.1597,0.8293,0.8652
314,0.4544,0.7436,1.1009,1.2595,0.9905,1.1597,0.8293,0.8373
315,0.4544,0.7114,1.1009,1.2595,0.9905,1.1448,0.8293,0.8373
316,0.4544,0.7114,1.1009,1.2575,0.9694,1.1448,0.8029,0.8373
317,0.4544,0.7114,1.0694,1.2575,0.9694,1.1448,0.8029,0.8199
318,0.4328,0.7096,1.0694,1.2575,0.9694,1.1332,0.8029,0.8199
319,0.4328,0.7096,1.0694,1.2536,0.9468,1.1332,0.7949,0.8199
320,0.4328,0.7096,1.0575,1.2536,0.9468,1.1332,0.7949,0.8073
321,0.3955,0.7096,1.0575,1.2536,0.9468,1.1184,0.7949,0.8073
322,0.3955,0.6627,1.0575,1.227,0.949,1.1184,0.8235,0.8073
323,0.3955,0.6627,1.0575,1.227,0.949,1.1184,0.8235,0.8073
324,0.3751,0.6627,1.073,1.227,0.949,1.0952,0.8235,0.788
325,0.3751,0.6949,1.073,1.2205,0.949,1.0952,0.7791,0.788
326,0.3751,0.6949,1.073,1.2205,0.8817,1.0952,0.7791,0.788
327,0.3646,0.6949,1.0997,1.1953,0.8817,1.085,0.7791,0.7617
328,0.3646,0.6955,1.0997,1.1953,0.8817,1.085,0.9008,0.7617
329,0.3646,0.6955,1.0997,1.1953,0.8821,1.085,0.9008,0.7617
330,0.3348,0.6955,1.0997,1.1812,0.8821,1.0698,0.9008,0.7526
331,0.3348,0.6649,1.0942,1.1812,0.8821,1.0698,0.9034,0.7526
332,0.3348,0.6649,1.0942,1.1812,0.8665,1.0698,0.9034,0.7526
333,0.3168,0.6649,1.0942,1.1556,0.8665,1.0509,0.9034,0.6996
334,0.3168,0.6501,1.0951,1.1556,0.8665,1.0509,0.9065,0.6996
335,0.3168,0.6501,1.0951,1.1556,0.8403,1.0509,0.9065,0.6996
336,0.2954,0.6501,1.0951,1.1183,0.8403,1.0271,0.9065,0.6585
337,0.2954,0.6317,1.0951,1.1183,0.8403,1.0271,0.8772,0.6585
338,0.2954,0.6317,1.0658,1.1183,0.8403,1.0271,0.8772,0.6585
339,0.2954,0.6317,1.0658,1.0922,0.8123,1.0036,0.8772,0.6585
340,0.2865,0.6317,1.0658,1.0922,0.8123,1.0036,0.8772,0.6494
341,0.2865,0.6267,1.0441,1.0922,0.8123,1.0036,0.8731,0.6494
342,0.2865,0.6267,1.0441,1.0568,0.7982,0.9904,0.8731,0.6494
343,0.2608,0.6267,1.0441,1.0568,0.7982,0.9904,0.8731,0.6337
344,0.2608,0.6344,1.0441,1.0568,0.7982,0.9904,0.8335,0.6337
345,0.2608,0.6344,1.035,1.0445,0.7583,0.9904,0.8335,0.6337
346,0.2519,0.6344,1.035,1.0445,0.7583,0.963,0.8335,0.6123
347,0.2519,0.5977,1.035,1.0445,0.7583,0.963,0.8445,0.6123
348,0.2519,0.5977,1.0118,1.0254,0.7646,0.963,0.8445,0.6123
349,0.2218,0.5977,1.0118,1.0254,0.7646,0.9444,0.8445,0.5999
350,0.2218,0.5919,1.0118,1.0254,0.7646,0.9444,0.8272,0.5999
351,0.2218,0.5919,1.0118,1.0132,0.7412,0.9444,0.8272,0.5999
352,0.2074,0.5919,0.9845,1.0132,0.7412,0.9196,0.8272,0.5999
353,0.2074,0.5825,0.9845,1.0132,0.7412,0.9196,0.8151,0.5824
354,0.2074,0.5825,0.9845,1.00E+00,0.7412,0.9196,0.8151,0.5824
355,0.182,0.5825,0.9685,0.9996,0.7292,0.8951,0.8151,0.5824
356,0.182,0.5825,0.9685,0.9996,0.7292,0.8951,0.7852,0.5511
357,0.182,0.5686,0.9685,0.9887,0.7292,0.8951,0.7852,0.5511
358,0.1672,0.5686,0.9685,0.9887,0.6944,0.87,0.7852,0.5511
359,0.1672,0.5686,0.9503,0.9887,0.6944,0.87,0.7759,0.5376
360,0.1672,0.5502,0.9503,0.9458,0.6944,0.87,0.7759,0.5376
361,0.1672,0.5502,0.9503,0.9458,0.7004,0.8576,0.7759,0.5376
362,0.1406,0.5502,0.9264,0.9458,0.7004,0.8576,0.7417,0.517
363,0.1406,0.5435,0.9264,0.9151,0.7004,0.8576,0.7417,0.517
364,0.1406,0.5435,0.9264,0.9151,0.6827,0.8399,0.7417,0.517
365,0.1158,0.5435,0.9264,0.9151,0.6827,0.8399,0.7417,0.517
366,0.1158,0.5242,0.8991,0.9,0.6827,0.8399,0.7236,0.4896
367,0.1158,0.5242,0.8991,0.9,0.6827,0.8146,0.7236,0.4896
368,0.0976,0.5242,0.8991,0.9,0.6612,0.8146,0.7236,0.4896
369,0.0976,0.4973,0.8806,0.8641,0.6612,0.8146,0.7067,0.4658
370,0.0976,0.4973,0.8806,0.8641,0.6612,0.7936,0.7067,0.4658
371,0.0696,0.4973,0.8806,0.8641,0.6542,0.7936,0.7067,0.4658
372,0.0696,0.4973,0.8806,0.8546,0.6542,0.7936,0.689,0.4423
373,0.0696,0.4944,0.8714,0.8546,0.6542,0.7721,0.689,0.4423
374,0.0456,0.4944,0.8714,0.8546,0.6248,0.7721,0.689,0.4423
375,0.0456,0.4944,0.8714,0.8194,0.6248,0.7721,0.6703,0.4368
376,0.0456,0.4794,0.8436,0.8194,0.6248,0.746,0.6703,0.4368
377,0.0326,0.4794,0.8436,0.8194,0.6192,0.746,0.6703,0.4368
378,0.0326,0.4794,0.8436,0.7913,0.6192,0.746,0.6406,0.4368
379,0.0326,0.4368,0.8436,0.7913,0.6192,0.7272,0.6406,0.4086
380,0.0072,0.4368,0.824,0.7913,0.6192,0.7272,0.6406,0.4086
381,0.0072,0.4368,0.824,0.7564,0.6162,0.7272,0.6331,0.4086
382,0.0072,0.422,0.824,0.7564,0.6162,0.6842,0.6331,0.4033
383,0.0072,0.422,0.824,0.7564,0.6162,0.6842,0.6331,0.4033
384,-0.0096,0.422,0.8004,0.7438,0.5762,0.6842,0.6113,0.4033
385,-0.0096,0.4047,0.8004,0.7438,0.5762,0.6883,0.6113,0.3666
386,-0.0096,0.4047,0.8004,0.7189,0.5762,0.6883,0.6113,0.3666
387,-0.0298,0.4047,0.7728,0.7189,0.5756,0.6883,0.584,0.3666
388,-0.0298,0.3939,0.7728,0.7189,0.5756,0.6516,0.584,0.3491
389,-0.0298,0.3939,0.7728,0.7071,0.5756,0.6516,0.584,0.3491
390,-0.0587,0.3939,0.7728,0.7071,0.5692,0.6516,0.584,0.3491
391,-0.0587,0.3939,0.7601,0.7071,0.5692,0.6349,0.5706,0.3263
392,-0.0587,0.3858,0.7601,0.6816,0.5692,0.6349,0.5706,0.3263
393,-0.0689,0.3858,0.7601,0.6816,0.5443,0.6349,0.5706,0.3263
394,-0.0689,0.3858,0.7303,0.6816,0.5443,0.6087,0.5529,0.3263
395,-0.0689,0.3645,0.7303,0.6748,0.5443,0.6087,0.5529,0.3365
396,-0.0962,0.3645,0.7303,0.6748,0.5443,0.6087,0.5529,0.3365
397,-0.0962,0.3645,0.7303,0.6748,0.5839,0.6087,0.534,0.3365
398,-0.0962,0.3308,0.7145,0.6302,0.5839,0.5971,0.534,0.298
399,-0.1168,0.3308,0.7145,0.6302,0.5839,0.5971,0.534,0.298
400,-0.1168,0.3308,0.7145,0.6302,0.6342,0.5971,0.5097,0.298
401,-0.1168,0.3162,0.6922,0.6087,0.6342,0.5681,0.5097,0.2775
402,-0.1389,0.3162,0.6922,0.6087,0.6342,0.5681,0.5097,0.2775
403,-0.1389,0.3162,0.6922,0.6087,0.5654,0.5681,0.4886,0.2775
404,-0.1389,0.3161,0.6922,0.6044,0.5654,0.5559,0.4886,0.2558
405,-0.1389,0.3161,0.6692,0.6044,0.5654,0.5559,0.4886,0.2558
406,-0.1479,0.3161,0.6692,0.6044,0.6014,0.5559,0.4783,0.2558
407,-0.1479,0.3161,0.6692,0.6083,0.6014,0.529,0.4783,0.2558
408,-0.1479,0.2813,0.644,0.6083,0.6014,0.529,0.4783,0.22
409,-0.1673,0.2813,0.644,0.6083,0.6014,0.529,0.4502,0.22
410,-0.1673,0.2813,0.644,0.5764,0.5858,0.506,0.4502,0.22
411,-0.1673,0.2732,0.644,0.5764,0.5858,0.506,0.4502,0.2227
412,-0.1799,0.2732,0.6282,0.5764,0.5858,0.506,0.433,0.2227
413,-0.1799,0.2732,0.6282,0.5698,0.5883,0.4965,0.433,0.2227
414,-0.1799,0.2752,0.6282,0.5698,0.5883,0.4965,0.433,0.1976
415,-0.193,0.2752,0.6012,0.5698,0.5883,0.4965,0.433,0.1976
416,-0.193,0.2752,0.6012,0.5586,0.5758,0.4841,0.4243,0.1976
417,-0.193,0.2538,0.6012,0.5586,0.5758,0.4841,0.4243,0.2035
418,-0.2036,0.2538,0.6012,0.5586,0.5758,0.4841,0.4243,0.2035
419,-0.2036,0.2538,0.5743,0.5474,0.5734,0.4638,0.4048,0.2035
420,-0.2036,0.2351,0.5743,0.5474,0.5734,0.4638,0.4048,0.2035
421,-0.2155,0.2351,0.5743,0.5474,0.5734,0.4638,0.4048,0.1772
422,-0.2155,0.2351,0.5445,0.5798,0.5659,0.4378,0.3875,0.1772
423,-0.2155,0.2202,0.5445,0.5798,0.5659,0.4378,0.3875,0.1772
424,-0.2258,0.2202,0.5445,0.5798,0.5659,0.4378,0.3875,0.1897
425,-0.2258,0.2202,0.5445,0.5118,0.5659,0.4242,0.3688,0.1897
426,-0.2258,0.2202,0.5343,0.5118,0.5553,0.4242,0.3688,0.1897
427,-0.2258,0.2081,0.5343,0.5118,0.5553,0.4242,0.3688,0.1747
428,-0.2386,0.2081,0.5343,0.5446,0.5553,0.4088,0.3484,0.1747
429,-0.2386,0.2081,0.509,0.5446,0.5275,0.4088,0.3484,0.1747
430,-0.2386,0.1964,0.509,0.5446,0.5275,0.4088,0.3484,0.1533
431,-0.2432,0.1964,0.509,0.5118,0.5275,0.3928,0.3316,0.1533
432,-0.2432,0.1964,0.509,0.5118,0.5268,0.3928,0.3316,0.1533
433,-0.2432,0.1928,0.4852,0.5118,0.5268,0.3928,0.3316,0.1533
434,-0.2344,0.1928,0.4852,0.4853,0.5268,0.3748,0.3206,0.1386
435,-0.2344,0.1928,0.4852,0.4853,0.5086,0.3748,0.3206,0.1386
436,-0.2344,0.1797,0.466,0.4853,0.5086,0.3748,0.3206,0.1386
437,-0.2519,0.1797,0.466,0.4577,0.5086,0.3432,0.2975,0.1239
438,-0.2519,0.1797,0.466,0.4577,0.5086,0.3432,0.2975,0.1239
439,-0.2519,0.1593,0.466,0.4577,0.4939,0.3432,0.2975,0.1239
440,-0.2433,0.1593,0.4471,0.4374,0.4939,0.3257,0.2975,0.098
441,-0.2433,0.1593,0.4471,0.4374,0.4939,0.3257,0.2757,0.098
442,-0.2433,0.1593,0.4471,0.4374,0.4826,0.3257,0.2757,0.098
443,-0.2561,0.1566,0.4266,0.4112,0.4826,0.3076,0.2757,0.0771
444,-0.2561,0.1566,0.4266,0.4112,0.4826,0.3076,0.2582,0.0771
445,-0.2561,0.1566,0.4266,0.3913,0.4645,0.3076,0.2582,0.0771
446,-0.2651,0.1315,0.4266,0.3913,0.4645,0.3031,0.2582,0.0689
447,-0.2651,0.1315,0.4082,0.3913,0.4645,0.3031,0.2464,0.0689
448,-0.2651,0.1315,0.4082,0.3789,0.4374,0.3031,0.2464,0.0689
449,-0.2651,0.119,0.4082,0.3789,0.4374,0.3031,0.2464,0.0689
450,-0.2796,0.119,0.3869,0.3789,0.4374,0.2788,0.2202,0.0635
451,-0.2796,0.119,0.3869,0.3656,0.4231,0.2788,0.2202,0.0635
452,-0.2796,0.1042,0.3869,0.3656,0.4231,0.2788,0.2202,0.0635
453,-0.2979,0.1042,0.3869,0.3656,0.4231,0.261,0.2093,0.0355
454,-0.2979,0.1042,0.3714,0.3485,0.4231,0.261,0.2093,0.0355
455,-0.2979,0.0911,0.3714,0.3485,0.4052,0.261,0.2093,0.0355
456,-0.2971,0.0911,0.3714,0.3485,0.4052,0.2502,0.1958,0.0375
457,-0.2971,0.0911,0.368,0.3474,0.4052,0.2502,0.1958,0.0375
458,-0.2971,0.0911,0.368,0.3474,0.3839,0.2502,0.1958,0.0375
459,-0.2982,0.0734,0.368,0.3474,0.3839,0.2304,0.1782,0.0114
460,-0.2982,0.0734,0.368,0.3402,0.3839,0.2304,0.1782,0.0114
461,-0.2982,0.0734,0.3481,0.3402,0.3643,0.2304,0.1782,0.0114
462,-0.3254,0.0522,0.3481,0.3402,0.3643,0.2187,0.1592,0.0114
463,-0.3254,0.0522,0.3481,0.3192,0.3643,0.2187,0.1592,-0.0032
464,-0.3254,0.0522,0.3481,0.3192,0.3475,0.2187,0.1592,-0.0032
465,-0.3383,0.037,0.3211,0.3192,0.3475,0.1981,0.1592,-0.0032
466,-0.3383,0.037,0.3211,0.306,0.3475,0.1981,0.1579,-0.0157
467,-0.3383,0.037,0.3211,0.306,0.3475,0.1981,0.1579,-0.0157
468,-0.3482,0.0324,0.3057,0.306,0.324,0.1819,0.1579,-0.0157
469,-0.3482,0.0324,0.3057,0.2968,0.324,0.1819,0.1312,-0.0402
470,-0.3482,0.0324,0.3057,0.2968,0.324,0.1819,0.1312,-0.0402
471,-0.3482,0.0204,0.3057,0.2968,0.3068,0.1745,0.1312,-0.0402
472,-0.3439,0.0204,0.2971,0.2707,0.3068,0.1745,0.1378,-0.0528
473,-0.3439,0.0204,0.2971,0.2707,0.3068,0.1745,0.1378,-0.0528
474,-0.3439,0.0146,0.2971,0.2707,0.2884,0.1587,0.1378,-0.0528
475,-0.3537,0.0146,0.2734,0.2508,0.2884,0.1587,0.1145,-0.0528
476,-0.3537,0.0146,0.2734,0.2508,0.2884,0.1587,0.1145,-0.0609
477,-0.3537,0.0146,0.2734,0.2508,0.2745,0.1461,0.1145,-0.0609
478,-0.353,0.0024,0.2734,0.2311,0.2745,0.1461,0.12,-0.0609
479,-0.353,0.0024,0.2543,0.2311,0.2745,0.1461,0.12,-0.0743
480,-0.353,0.0024,0.2543,0.2311,0.2745,0.1355,0.12,-0.0743
481,-0.359,-0.0076,0.2543,0.2081,0.2568,0.1355,0.1064,-0.0743
482,-0.359,-0.0076,0.2559,0.2081,0.2568,0.1355,0.1064,-0.0888
483,-0.359,-0.0076,0.2559,0.2081,0.2568,0.1131,0.1064,-0.0888
484,-0.37,-0.0126,0.2559,0.1939,0.238,0.1131,0.0974,-0.0888
485,-0.37,-0.0126,0.2559,0.1939,0.238,0.1131,0.0974,-0.0942
486,-0.37,-0.0126,0.223,0.1939,0.238,0.1103,0.0974,-0.0942
487,-0.3818,-0.0213,0.223,0.166,0.2316,0.1103,0.083,-0.0942
488,-0.3818,-0.0213,0.223,0.166,0.2316,0.1103,0.083,-0.0942
489,-0.3818,-0.0213,0.2161,0.166,0.2316,0.0944,0.083,-0.1066
490,-0.3863,-0.0364,0.2161,0.1465,0.2149,0.0944,0.083,-0.1066
491,-0.3863,-0.0364,0.2161,0.1465,0.2149,0.0944,0.0755,-0.1066
492,-0.3863,-0.0364,0.2161,0.1465,0.2149,0.0888,0.0755,-0.1009
493,-0.3863,-0.0364,0.2527,0.1248,0.1885,0.0888,0.0755,-0.1009
494,-0.4047,-0.041,0.2527,0.1248,0.1885,0.0888,0.0579,-0.1009
495,-0.4047,-0.041,0.2527,0.1248,0.1885,0.0765,0.0579,-0.1409
496,-0.4047,-0.041,0.2015,0.1114,0.1885,0.0765,0.0579,-0.1409
497,-0.3974,-0.053,0.2015,0.1114,0.184,0.0765,0.0481,-0.1409
498,-0.3974,-0.053,0.2015,0.1114,0.184,0.0718,0.0481,-0.1373
499,-0.3974,-0.053,0.2015,0.1107,0.184,0.0718,0.0481,-0.1373
500,-0.3892,-0.069,0.1739,0.1107,0.1776,0.0718,0.0372,-0.1373
501,-0.3892,-0.069,0.1739,0.0904,0.1776,0.0532,0.0372,-0.1522
502,-0.3892,-0.069,0.1739,0.0904,0.1776,0.0532,0.0372,-0.1522
503,-0.4008,-0.0619,0.1669,0.0904,0.1663,0.0532,0.0298,-0.1522
504,-0.4008,-0.0619,0.1669,0.0759,0.1663,0.0532,0.0298,-0.1522
505,-0.4008,-0.0619,0.1669,0.0759,0.1663,0.0432,0.0298,-0.1773
506,-0.4005,-0.0484,0.1669,0.0759,0.1534,0.0432,0.0161,-0.1773
507,-0.4005,-0.0484,0.1431,0.0653,0.1534,0.0432,0.0161,-0.1773
508,-0.4005,-0.0484,0.1431,0.0653,0.1534,0.0337,0.0161,-0.1703
509,-0.4036,-0.063,0.1431,0.0653,0.1534,0.0337,0.0061,-0.1703
510,-0.4036,-0.063,0.1311,0.0493,0.1424,0.0337,0.0061,-0.1703
511,-0.4036,-0.063,0.1311,0.0493,0.1424,0.0198,0.0061,-0.17
512,-0.4036,-0.063,0.1311,0.0493,0.1424,0.0198,-0.0041,-0.17
513,-0.3978,-0.0796,0.1311,0.0226,0.119,0.0198,-0.0041,-0.17
514,-0.3978,-0.0796,0.133,0.0226,0.119,0.0086,-0.0041,-0.1753
515,-0.3978,-0.0796,0.133,0.0226,0.119,0.0086,-0.0041,-0.1753
516,-0.4159,-0.0824,0.133,0.0237,0.1172,0.0086,-0.0125,-0.1753
517,-0.4159,-0.0824,0.1148,0.0237,0.1172,-0.0027,-0.0125,-0.1753
518,-0.4159,-0.0824,0.1148,0.0237,0.1172,-0.0027,-0.0125,-0.1774
519,-0.427,-0.0576,0.1148,0.0284,0.1224,-0.0027,-0.0152,-0.1774
520,-0.427,-0.0576,0.1148,0.0284,0.1224,-0.0122,-0.0152,-0.1774
521,-0.427,-0.0576,0.1017,0.0284,0.1224,-0.0122,-0.0152,-0.1748
522,-0.4261,-0.0734,0.1017,-0.0025,0.1113,-0.0122,-0.0343,-0.1748
523,-0.4261,-0.0734,0.1017,-0.0025,0.1113,-0.0184,-0.0343,-0.1748
524,-0.4261,-0.0734,0.097,-0.0025,0.1113,-0.0184,-0.0343,-0.1899
525,-0.4088,-0.0886,0.097,-0.0224,0.1113,-0.0184,-0.0348,-0.1899
526,-0.4088,-0.0886,0.097,-0.0224,0.099,-0.0197,-0.0348,-0.1899
527,-0.4088,-0.0886,0.097,-0.0224,0.099,-0.0197,-0.0348,-0.1891
528,-0.3864,-0.0886,0.0807,-0.027,0.099,-0.0197,-0.0437,-0.1891
529,-0.3864,-0.1044,0.0807,-0.027,0.0952,-0.0327,-0.0437,-0.1891
530,-0.3864,-0.1044,0.0807,-0.027,0.0952,-0.0327,-0.0437,-0.1891
531,-0.3813,-0.1044,0.0688,-0.0304,0.0952,-0.0327,-0.0532,-0.201
532,-0.3813,-0.0968,0.0688,-0.0304,0.0839,-0.0459,-0.0532,-0.201
533,-0.3813,-0.0968,0.0688,-0.0304,0.0839,-0.0459,-0.0532,-0.201
534,-0.3813,-0.0968,0.0688,-0.0296,0.0839,-0.0459,-0.0639,-0.2194
535,-0.3793,-0.0879,0.0605,-0.0296,0.0694,-0.0372,-0.0639,-0.2194
536,-0.3793,-0.0879,0.0605,-0.0296,0.0694,-0.0372,-0.0639,-0.2194
537,-0.3793,-0.0879,0.0605,-0.0377,0.0694,-0.0372,-0.0661,-0.2231
538,-0.3814,-0.0824,0.0465,-0.0377,0.0694,-0.0539,-0.0661,-0.2231
539,-0.3814,-0.0824,0.0465,-0.0377,0.0667,-0.0539,-0.0661,-0.2231
540,-0.3814,-0.0824,0.0465,-0.0382,0.0667,-0.0539,-0.0661,-0.228
541,-0.3707,-0.0945,0.0465,-0.0382,0.0667,-0.0602,-0.0784,-0.228
542,-0.3707,-0.0945,0.037,-0.0382,0.059,-0.0602,-0.0784,-0.228
543,-0.3707,-0.0945,0.037,-0.0426,0.059,-0.0602,-0.0784,-0.228
544,-0.3591,-0.0779,0.037,-0.0426,0.059,-0.0749,-0.0753,-0.242
545,-0.3591,-0.0779,0.037,-0.0426,0.0525,-0.0749,-0.0753,-0.242
546,-0.3591,-0.0779,0.0245,-0.0441,0.0525,-0.0749,-0.0753,-0.242
547,-0.3604,-0.0779,0.0245,-0.0441,0.0525,-0.0803,-0.0892,-0.2491
548,-0.3604,-0.0791,0.0245,-0.0441,0.0416,-0.0803,-0.0892,-0.2491
549,-0.3604,-0.0791,0.0142,-0.0563,0.0416,-0.0803,-0.0892,-0.2491
550,-0.3692,-0.0791,0.0142,-0.0563,0.0416,-0.0925,-0.1012,-0.2449
551,-0.3692,-0.0745,0.0142,-0.0563,0.0354,-0.0925,-0.1012,-0.2449
552,-0.3692,-0.0745,0.0142,-0.0523,0.0354,-0.0925,-0.1012,-0.2449
553,-0.3664,-0.0745,0.007,-0.0523,0.0354,-0.1032,-0.1058,-0.2616
554,-0.3664,-0.0591,0.007,-0.0523,0.0354,-0.1032,-0.1058,-0.2616
555,-0.3664,-0.0591,0.007,-0.0744,0.0298,-0.1032,-0.1058,-0.2616
556,-0.3664,-0.0591,-0.0028,-0.0744,0.0298,-0.1032,-0.1079,-0.2616
557,-0.3657,-0.0589,-0.0028,-0.0744,0.0298,-0.1047,-0.1079,-0.2686
558,-0.3657,-0.0589,-0.0028,-0.0645,0.017,-0.1047,-0.1079,-0.2686
559,-0.3657,-0.0589,-0.0028,-0.0645,0.017,-0.1047,-0.1033,-0.2686
560,-0.3669,-0.0736,-0.0106,-0.0896,0.017,-0.1118,-0.1033,-0.2766
561,-0.3669,-0.0736,-0.0106,-0.0896,0.016,-0.1118,-0.1033,-0.2766
562,-0.3669,-0.0736,-0.0106,-0.0896,0.016,-0.1118,-0.1207,-0.2766
563,-0.3413,-0.0736,-0.0095,-0.0944,0.016,-0.1193,-0.1207,-0.2824
564,-0.3413,-0.066,-0.0095,-0.0944,0.004,-0.1193,-0.1207,-0.2824
565,-0.3413,-0.066,-0.0095,-0.0944,0.004,-0.1193,-0.1207,-0.2824
566,-0.3481,-0.066,-0.0095,-0.1066,0.004,-0.1312,-0.1264,-0.2998
567,-0.3481,-0.0577,-0.03,-0.1066,0.004,-0.1312,-0.1264,-0.2998
568,-0.3481,-0.0577,-0.03,-0.1066,0.0018,-0.1312,-0.1264,-0.2998
569,-0.3422,-0.0577,-0.03,-0.126,0.0018,-0.1339,-0.1221,-0.2952
570,-0.3422,-0.0544,-0.0355,-0.126,0.0018,-0.1339,-0.1221,-0.2952
571,-0.3422,-0.0544,-0.0355,-0.126,-0.0071,-0.1339,-0.1221,-0.2952
572,-0.3365,-0.0544,-0.0355,-0.1326,-0.0071,-0.1355,-0.1165,-0.2952
573,-0.3365,-0.0496,-0.0355,-0.1326,-0.0071,-0.1355,-0.1165,-0.2894
574,-0.3365,-0.0496,-0.0367,-0.1326,-0.0118,-0.1355,-0.1165,-0.2894
575,-0.3311,-0.0496,-0.0367,-0.1344,-0.0118,-0.1436,-0.1086,-0.2894
576,-0.3311,-0.0466,-0.0367,-0.1344,-0.0118,-0.1436,-0.1086,-0.296
577,-0.3311,-0.0466,-0.0356,-0.1344,-0.0212,-0.1436,-0.1086,-0.296
578,-0.3311,-0.0466,-0.0356,-0.1409,-0.0212,-0.1498,-0.1097,-0.296
579,-0.3328,-0.0466,-0.0356,-0.1409,-0.0212,-0.1498,-0.1097,-0.2997
580,-0.3328,-0.0424,-0.0356,-0.1409,-0.0212,-0.1498,-0.1097,-0.2997
581,-0.3328,-0.0424,-0.0521,-0.152,-0.0115,-0.1519,-0.1037,-0.2997
582,-0.3267,-0.0424,-0.0521,-0.152,-0.0115,-0.1519,-0.1037,-0.2907
583,-0.3267,-0.0408,-0.0521,-0.152,-0.0115,-0.1519,-0.1037,-0.2907
584,-0.3267,-0.0408,-0.0737,-0.1505,-0.0161,-0.1555,-0.0993,-0.2907
585,-0.3075,-0.0408,-0.0737,-0.1505,-0.0161,-0.1555,-0.0993,-0.2907
586,-0.3075,-0.0393,-0.0737,-0.1505,-0.0161,-0.1555,-0.0993,-0.2832
587,-0.3075,-0.0393,-0.0737,-0.1516,-0.0212,-0.1601,-0.0971,-0.2832
588,-0.3036,-0.0393,-0.0839,-0.1516,-0.0212,-0.1601,-0.0971,-0.2832
589,-0.3036,-0.0282,-0.0839,-0.1516,-0.0212,-0.1601,-0.0971,-0.2897
590,-0.3036,-0.0282,-0.0839,-0.1601,-0.0226,-0.1592,-0.0971,-0.2897
591,-0.314,-0.0282,-0.0723,-0.1601,-0.0226,-0.1592,-0.0915,-0.2897
592,-0.314,-0.0206,-0.0723,-0.1601,-0.0226,-0.1592,-0.0915,-0.2759
593,-0.314,-0.0206,-0.0723,-0.1551,-0.0215,-0.1429,-0.0915,-0.2759
594,-0.2989,-0.0206,-0.0723,-0.1551,-0.0215,-0.1429,-0.094,-0.2759
595,-0.2989,-0.0236,-0.0607,-0.1551,-0.0215,-0.1429,-0.094,-0.2669
596,-0.2989,-0.0236,-0.0607,-0.1555,-0.0215,-0.1381,-0.094,-0.2669
597,-0.2943,-0.0236,-0.0607,-0.1555,-0.0146,-0.1381,-0.0945,-0.2669
598,-0.2943,-0.0236,-0.0929,-0.1555,-0.0146,-0.1381,-0.0945,-0.2669
599,-0.2943,-0.0159,-0.0929,-0.1573,-0.0146,-0.1385,-0.0945,-0.276
600,-0.2943,-0.0159,-0.0929,-0.1573,-0.0089,-0.1385,-0.0831,-0.276
601,-0.2918,-0.0159,-0.0929,-0.1573,-0.0089,-0.1385,-0.0831,-0.276
602,-0.2918,-0.0144,-0.098,-0.1805,-0.0089,-0.128,-0.0831,-0.2676
603,-0.2918,-0.0144,-0.098,-0.1805,-0.0092,-0.128,-0.0898,-0.2676
604,-0.2802,-0.0144,-0.098,-0.1805,-0.0092,-0.128,-0.0898,-0.2676
605,-0.2802,-0.0138,-0.0901,-0.2107,-0.0092,-0.1289,-0.0898,-0.2633
606,-0.2802,-0.0138,-0.0901,-0.2107,-0.0069,-0.1289,-0.0888,-0.2633
607,-0.2692,-0.0138,-0.0901,-0.2107,-0.0069,-0.1289,-0.0888,-0.2633
608,-0.2692,-0.0034,-0.0901,-0.2204,-0.0069,-0.1289,-0.0888,-0.2682
609,-0.2692,-0.0034,-0.0994,-0.2204,-0.0069,-0.1219,-0.0852,-0.2682
610,-0.2714,-0.0034,-0.0994,-0.2204,0.0049,-0.1219,-0.0852,-0.2682
611,-0.2714,0.0348,-0.0994,-0.2245,0.0049,-0.1219,-0.0852,-0.2682
612,-0.2714,0.0348,-0.096,-0.2245,0.0049,-0.1231,-0.0812,-0.2602
613,-0.2643,0.0348,-0.096,-0.2245,0.0051,-0.1231,-0.0812,-0.2602
614,-0.2643,0.0348,-0.096,-0.2181,0.0051,-0.1231,-0.0812,-0.2602
615,-0.2643,0.0436,-0.096,-0.2181,0.0051,-0.1167,-0.0812,-0.2573
616,-0.268,0.0436,-0.0882,-0.2181,0.0097,-0.1167,-0.0702,-0.2573
617,-0.268,0.0436,-0.0882,-0.1999,0.0097,-0.1167,-0.0702,-0.2573
618,-0.268,0.0267,-0.0882,-0.1999,0.0097,-0.1122,-0.0702,-0.2497
619,-0.2778,0.0267,-0.0873,-0.1951,0.0186,-0.1122,-0.0715,-0.2497
620,-0.2778,0.0267,-0.0873,-0.1951,0.0186,-0.1122,-0.0715,-0.2497
621,-0.2778,0.0315,-0.0873,-0.1951,0.0186,-0.117,-0.0715,-0.2445
622,-0.2778,0.0315,-0.0873,-0.1873,0.0173,-0.117,-0.0544,-0.2445
623,-0.2677,0.0315,-0.0844,-0.1873,0.0173,-0.117,-0.0544,-0.2445
624,-0.2677,0.0258,-0.0844,-0.1873,0.0173,-0.1011,-0.0544,-0.2451
625,-0.2677,0.0258,-0.0844,-0.1831,0.0173,-0.1011,-0.046,-0.2451
626,-0.2627,0.0258,-0.0898,-0.1831,0.0297,-0.1011,-0.046,-0.2451
627,-0.2627,0.0332,-0.0898,-0.1831,0.0297,-0.0978,-0.046,-0.2451
628,-0.2627,0.0332,-0.0898,-0.1755,0.0297,-0.0978,-0.0283,-0.2382
629,-0.2631,0.0332,-0.0898,-0.1755,0.0199,-0.0978,-0.0283,-0.2382
630,-0.2631,0.049,-0.0845,-0.1755,0.0199,-0.0992,-0.0283,-0.2382
631,-0.2631,0.049,-0.0845,-0.1523,0.0199,-0.0992,-0.0385,-0.2338
632,-0.2485,0.049,-0.0845,-0.1523,0.0293,-0.0992,-0.0385,-0.2338
633,-0.2485,0.049,-0.0845,-0.1523,0.0293,-0.0986,-0.0385,-0.2338
634,-0.2485,0.0391,-0.0907,-0.1599,0.0293,-0.0986,-0.0239,-0.2342
635,-0.2473,0.0391,-0.0907,-0.1599,0.0332,-0.0986,-0.0239,-0.2342
636,-0.2473,0.0391,-0.0907,-0.1599,0.0332,-0.0936,-0.0239,-0.2342
637,-0.2473,0.042,-0.1084,-0.1609,0.0332,-0.0936,-0.0308,-0.2301
638,-0.2484,0.042,-0.1084,-0.1609,0.0332,-0.0936,-0.0308,-0.2301
639,-0.2484,0.042,-0.1084,-0.1609,0.0394,-0.087,-0.0308,-0.2301
640,-0.2484,0.0517,-0.1084,-0.1551,0.0394,-0.087,-0.0308,-0.2301
641,-0.2342,0.0517,-0.1077,-0.1551,0.0394,-0.087,-0.0323,-0.2233
642,-0.2342,0.0517,-0.1077,-0.1551,0.0383,-0.091,-0.0323,-0.2233
643,-0.2342,0.0632,-0.1077,-0.1535,0.0383,-0.091,-0.0323,-0.2233
644,-0.2342,0.0632,-0.1089,-0.1535,0.0383,-0.091,-0.0313,-0.2297
645,-0.2237,0.0632,-0.1089,-0.1535,0.0452,-0.0851,-0.0313,-0.2297
646,-0.2237,0.0628,-0.1089,-0.141,0.0452,-0.0851,-0.0313,-0.2297
647,-0.2237,0.0628,-0.1089,-0.141,0.0452,-0.0851,-0.0299,-0.2125
648,-0.2102,0.0628,-0.1078,-0.141,0.0502,-0.0792,-0.0299,-0.2125
649,-0.2102,0.0628,-0.1078,-0.142,0.0502,-0.0792,-0.0299,-0.2125
650,-0.2102,0.0663,-0.1078,-0.142,0.0502,-0.0792,-0.0207,-0.2083
651,-0.2153,0.0663,-0.1033,-0.142,0.056,-0.0795,-0.0207,-0.2083
652,-0.2153,0.0663,-0.1033,-0.1256,0.056,-0.0795,-0.0207,-0.2083
653,-0.2153,0.0739,-0.1033,-0.1256,0.056,-0.0795,-0.0393,-0.2083
654,-0.2159,0.0739,-0.1033,-0.1256,0.056,-0.076,-0.0393,-0.2062
655,-0.2159,0.0739,-0.1024,-0.1328,0.0521,-0.076,-0.0393,-0.2062
656,-0.2159,0.0682,-0.1024,-0.1328,0.0521,-0.076,-0.0488,-0.2062
657,-0.221,0.0682,-0.1024,-0.1328,0.0521,-0.0724,-0.0488,-0.2069
658,-0.221,0.0682,-0.1038,-0.1322,0.0614,-0.0724,-0.0488,-0.2069
659,-0.221,0.067,-0.1038,-0.1322,0.0614,-0.0724,-0.0511,-0.2069
660,-0.1939,0.067,-0.1038,-0.1322,0.0614,-0.0724,-0.0511,-0.1973
661,-0.1939,0.067,-0.1038,-0.1193,0.0551,-0.0684,-0.0511,-0.1973
662,-0.1939,0.0806,-0.0812,-0.1193,0.0551,-0.0684,-0.0491,-0.1973
663,-0.1804,0.0806,-0.0812,-0.1193,0.0551,-0.0684,-0.0491,-0.1908
664,-0.1804,0.0806,-0.0812,-0.1093,0.0528,-0.0674,-0.0491,-0.1908
665,-0.1804,0.0806,-0.0193,-0.1093,0.0528,-0.0674,-0.0491,-0.1908
666,-0.1804,0.076,-0.0193,-0.1093,0.0528,-0.0674,-0.0512,-0.1908
667,-0.1945,0.076,-0.0193,-0.1188,0.0528,-0.066,-0.0512,-0.1944
668,-0.1945,0.076,-0.0193,-0.1188,0.0641,-0.066,-0.0512,-0.1944
669,-0.1945,0.0797,-0.0305,-0.1188,0.0641,-0.066,-0.0486,-0.1944
670,-0.1874,0.0797,-0.0305,-0.1158,0.0641,-0.0555,-0.0486,-0.1944
671,-0.1874,0.0797,-0.0305,-0.1158,0.063,-0.0555,-0.0486,-0.1944
672,-0.1874,0.0847,-0.016,-0.1158,0.063,-0.0555,-0.0498,-0.1944
673,-0.1779,0.0847,-0.016,-0.1093,0.063,-0.055,-0.0498,-0.1851
674,-0.1779,0.0847,-0.016,-0.1093,0.0701,-0.055,-0.0498,-0.1851
675,-0.1779,0.0923,-0.016,-0.1093,0.0701,-0.055,-0.045,-0.1851
676,-0.1685,0.0923,-0.0167,-0.1143,0.0701,-0.0488,-0.045,-0.1889
677,-0.1685,0.0923,-0.0167,-0.1143,0.0746,-0.0488,-0.045,-0.1889
678,-0.1685,0.1043,-0.0167,-0.1148,0.0746,-0.0488,-0.0743,-0.1889
679,-0.1524,0.1043,-0.01,-0.1148,0.0746,-0.0504,-0.0743,-0.1847
680,-0.1524,0.1043,-0.01,-0.1148,0.0746,-0.0504,-0.0743,-0.1847
681,-0.1524,0.1059,-0.01,-0.1106,0.0776,-0.0504,-0.0558,-0.1847
682,-0.1466,0.1059,-0.01,-0.1106,0.0776,-0.0433,-0.0558,-0.1847
683,-0.1466,0.1059,-0.0064,-0.1106,0.0776,-0.0433,-0.0558,-0.1828
684,-0.1466,0.1059,-0.0064,-0.0984,0.0788,-0.0433,-0.079,-1.83E-01
685,-0.1353,0.1135,-0.0064,-0.0984,0.0788,-0.0523,-0.079,-0.1828
686,-0.1353,0.1135,-0.0022,-0.0984,0.0788,-0.0523,-0.079,-0.1744
687,-0.1353,0.1135,-0.0022,-0.0989,0.0779,-0.0523,-0.0528,-0.1744
688,-0.1353,0.1221,-0.0022,-0.0989,0.0779,-0.0481,-0.0528,-0.1744
689,-0.1294,0.1221,-0.0022,-0.0989,0.0779,-0.0481,-0.0528,-0.1754
690,-0.1294,0.1221,0.0055,-0.0953,0.0876,-0.0481,-0.0528,-0.1754
691,-0.1294,0.1264,0.0055,-0.0953,0.0876,-0.0366,-0.0672,-0.1754
692,-0.1067,0.1264,0.0055,-0.0953,0.0876,-0.0366,-0.0672,-0.1785
693,-0.1067,0.1264,0.0023,-0.0984,0.0936,-0.0366,-0.0672,-0.1785
694,-0.1067,0.1423,0.0023,-0.0984,0.0936,-0.0338,-0.0596,-0.1785
695,-0.0802,0.1423,0.0023,-0.0984,0.0936,-0.0338,-0.0596,-0.1785
696,-0.0802,0.1423,0.0023,-0.1078,0.0936,-0.0338,-0.0596,-0.1596
697,-0.0802,0.1411,0.0149,-0.1078,0.0985,-0.0273,-0.0306,-0.1596
698,-0.0892,0.1411,0.0149,-0.1078,0.0985,-0.0273,-0.0306,-0.1596
699,-0.0892,0.1411,0.0149,-0.1044,0.0985,-0.0273,-0.0306,-0.1605
700,-0.0892,0.1411,0.0077,-0.1044,0.0954,-0.0277,-0.0464,-0.1605
701,-0.0734,0.1535,0.0077,-0.1044,0.0954,-0.0277,-0.0464,-0.1605
702,-0.0734,0.1535,0.0077,-0.1034,0.0954,-0.0277,-0.0464,-0.1604
703,-0.0734,0.1535,0.0077,-0.1034,0.102,-0.0169,-0.0549,-0.1604
704,-0.0648,0.1672,0.0231,-0.1034,0.102,-0.0169,-0.0549,-0.1604
705,-0.0648,0.1672,0.0231,-0.1004,0.102,-0.0169,-0.0549,-0.1587
706,-0.0648,0.1672,0.0231,-0.1004,0.1064,-0.0147,-0.047,-0.1587
707,-0.056,0.1723,0.0192,-0.1004,0.1064,-0.0147,-0.047,-0.1587
708,-0.056,0.1723,0.0192,-0.0949,0.1064,-0.0147,-0.047,-0.1587
709,-0.056,0.1723,0.0192,-0.0949,0.1064,-0.0193,-0.0365,-0.152
710,-0.056,0.1827,0.0192,-0.0949,0.1146,-0.0193,-0.0365,-0.152
711,-0.0419,0.1827,0.0196,-0.0874,0.1146,-0.0193,-0.0365,-0.152
712,-0.0419,0.1827,0.0196,-0.0874,0.1146,-0.0193,-0.0132,-0.1594
713,-0.0419,0.1935,0.0196,-0.0874,0.1185,-0.0194,-0.0132,-0.1594
714,-0.0208,0.1935,0.0196,-0.0782,0.1185,-0.0194,-0.0132,-0.1594
715,-0.0208,0.1935,0.0272,-0.0782,0.1185,-0.0194,-0.0132,-0.1631
716,-0.0208,0.1997,0.0272,-0.0782,0.1213,-0.0104,-0.0247,-0.1631
717,-0.0221,0.1997,0.0272,-0.0815,0.1213,-0.0104,-0.0247,-0.1631
718,-0.0221,0.1997,0.0288,-0.0815,0.1213,-0.0104,-0.0247,-0.1547
719,-0.0221,0.1997,0.0288,-0.0815,0.1178,-0.0057,-0.0487,-0.1547
720,-0.0107,0.2142,0.0288,-0.083,0.1178,-0.0057,-0.0487,-0.1547
721,-0.0107,0.2142,0.0288,-0.083,0.1178,-0.0057,-0.0487,-0.1547
722,-0.0107,0.2142,0.034,-0.083,0.1301,0.0003,-0.0167,-0.1556
723,0.007,0.2171,0.034,-0.0814,0.1301,0.0003,-0.0167,-0.1556
724,0.007,0.2171,0.034,-0.0814,0.1301,0.0003,-0.0167,-0.1556
725,0.007,0.2171,0.0333,-0.0814,0.1301,0.0047,-0.004,-0.1393
726,0.0174,0.235,0.0333,-0.0801,0.1293,0.0047,-0.004,-0.1393
727,0.0174,0.235,0.0333,-0.0801,0.1293,0.0047,-0.004,-0.1393
728,0.0174,0.235,0.0333,-0.0801,0.1293,0.0122,0.0294,-0.1297
729,0.0206,0.2437,0.0346,-0.0754,0.1326,0.0122,0.0294,-0.1297
730,0.0206,0.2437,0.0346,-0.0754,0.1326,0.0122,0.0294,-0.1297
731,0.0206,0.2437,0.0346,-0.0754,0.1326,0.0137,0.032,-0.1309
732,0.0206,0.2551,0.0373,-0.0684,0.1438,0.0137,0.032,-0.1309
733,0.0363,0.2551,0.0373,-0.0684,0.1438,0.0137,0.032,-0.1309
734,0.0363,0.2551,0.0373,-0.0684,0.1438,0.0188,0.0425,-0.1309
735,0.0363,0.2551,0.0373,-0.0746,0.1426,0.0188,0.0425,-0.1237
736,0.0436,0.2658,0.0431,-0.0746,0.1426,0.0188,0.0425,-0.1237
737,0.0436,0.2658,0.0431,-0.0658,0.1426,0.0339,0.0764,-0.1237
738,0.0436,0.2658,0.0431,-0.0658,0.1426,0.0339,0.0764,-0.0973
739,0.037,0.2854,0.0488,-0.0658,0.1498,0.0339,0.0764,-0.0973
740,0.037,0.2854,0.0488,-0.0658,0.1498,0.0403,0.0764,-0.0973
741,0.037,0.2854,0.0488,-0.0658,0.1498,0.0403,0.0576,-0.0813
742,0.0572,0.2951,0.0488,-0.0658,0.1598,0.0403,0.0576,-0.0813
743,0.0572,0.2951,0.0449,-0.0528,0.1598,0.0422,0.0576,-0.0813
744,0.0572,0.2951,0.0449,-0.0528,0.1598,0.0422,0.0769,-0.0803
745,0.0769,0.3083,0.0449,-0.0528,0.1569,0.0422,0.0769,-0.0803
746,0.0769,0.3083,0.0543,-0.053,0.1569,0.0575,0.0769,-0.0803
747,0.0769,0.3083,0.0543,-0.053,0.1569,0.0575,0.094,-0.0724
748,0.0913,0.3154,0.0543,-0.053,0.1669,0.0575,0.094,-0.0724
749,0.0913,0.3154,0.0543,-0.0436,0.1669,0.0694,0.094,-0.0724
750,0.0913,0.3154,0.0622,-0.0436,0.1669,0.0694,0.1186,-0.0724
751,0.1087,0.3335,0.0622,-0.0436,0.1752,0.0694,0.1186,-0.0615
752,0.1087,0.3335,0.0622,-0.0328,0.1752,0.0711,0.1186,-0.0615
753,0.1087,0.3335,0.0728,-0.0328,0.1752,0.0711,0.1048,-0.0615
754,0.1087,0.3335,0.0728,-0.0328,0.1752,0.0711,0.1048,-0.0553
755,0.1263,0.3439,0.0728,-0.0397,0.1835,0.0878,0.1048,-0.0553
756,0.1263,0.3439,0.0728,-0.0397,0.1835,0.0878,0.094,-0.0553
757,0.1263,0.3439,0.0796,-0.0397,0.1835,0.0878,0.094,-0.0544
758,0.1397,0.3574,0.0796,-0.0223,0.1901,0.0865,0.094,-0.0544
759,0.1397,0.3574,0.0796,-0.0223,0.1901,0.0865,0.0906,-0.0544
760,0.1397,0.3574,0.0832,-0.0223,0.1901,0.0865,0.0906,-0.0324
761,0.1596,0.3795,0.0832,-0.0174,0.1963,0.0963,0.0906,-0.0324
762,0.1596,0.3795,0.0832,-0.0174,0.1963,0.0963,0.1049,-0.0324
763,0.1596,0.3795,0.0832,-0.0174,0.1963,0.0963,0.1049,-0.0324
764,0.1776,0.3902,0.0967,0.0029,0.2064,0.1061,0.1049,-0.0165
765,0.1776,0.3902,0.0967,0.0029,0.2064,0.1061,0.1049,-0.0165
766,0.1776,0.3902,0.0967,0.0029,0.2064,0.1061,0.1492,-0.0165
767,0.1926,0.3985,0.0968,0.0069,0.2064,0.1061,0.1492,-0.0021
768,0.1926,0.3985,0.0968,0.0069,0.214,0.1162,0.1492,-0.0021
769,0.1926,0.3985,0.0968,0.0069,0.214,0.1162,0.1756,-0.0021
770,0.2183,0.3985,0.0968,0.0241,0.214,0.1162,0.1756,-0.0006
771,0.2183,0.4198,0.0985,0.0241,0.2207,0.1081,0.1756,-0.0006
772,0.2183,0.4198,0.0985,0.0241,0.2207,0.1081,0.1758,-0.0006
773,0.2183,0.4198,0.0985,0.0234,0.2207,0.1081,0.1758,0.0163
774,0.2258,0.4338,0.1129,0.0234,0.2342,0.1211,0.1758,0.0163
775,0.2258,0.4338,0.1129,0.0234,0.2342,0.1211,0.1751,0.0163
776,0.2258,0.4338,0.1129,0.0287,0.2342,0.1211,0.1751,0.0163
777,0.2631,0.4581,0.1129,0.0287,0.2539,0.1267,0.1751,0.0276
778,0.2631,0.4581,0.1117,0.0287,0.2539,0.1267,0.1579,0.0276
779,0.2631,0.4581,0.1117,0.0475,0.2539,0.1267,0.1579,0.0276
780,0.2822,0.4711,0.1117,0.0475,0.2539,0.1316,0.1579,0.033
781,0.2822,0.4711,0.117,0.0475,0.2505,0.1316,0.1881,0.033
782,0.2822,0.4711,0.117,0.0575,0.2505,0.1316,0.1881,0.033
783,0.2876,0.5064,0.117,0.0575,0.2505,0.1483,0.1881,0.054
784,0.2876,0.5064,0.117,0.0575,0.2638,0.1483,0.2179,0.054
785,0.2876,0.5064,0.1268,0.0646,0.2638,0.1483,0.2179,0.054
786,0.3288,0.5064,0.1268,0.0646,0.2638,0.157,0.2179,0.0547
787,0.3288,0.5167,0.1268,0.0646,0.2784,0.157,0.2281,0.0547
788,0.3288,0.5167,0.133,0.0874,0.2784,0.157,0.2281,0.0547
789,0.3438,0.5167,0.133,0.0874,0.2784,0.1807,0.2281,0.0547
790,0.3438,0.529,0.133,0.0874,0.2948,0.1807,0.2281,0.0821
791,0.3438,0.529,0.133,0.0875,0.2948,0.1807,0.2504,0.0821
792,0.3537,0.529,0.1465,0.0875,0.2948,0.1968,0.2504,0.0821
793,0.3537,0.5538,0.1465,0.0875,0.3039,0.1968,0.2504,0.0951
794,0.3537,0.5538,0.1465,0.0911,0.3039,0.1968,0.2858,0.0951
795,0.3537,0.5538,0.1465,0.0911,0.3039,0.2013,0.2858,0.0951
796,0.3723,0.5703,0.1504,0.1058,0.3039,0.2013,0.2858,0.0935
797,0.3723,0.5703,0.1504,0.1058,0.3195,0.2013,0.3057,0.0935
798,0.3723,0.5703,0.1504,0.1058,0.3195,0.2374,0.3057,0.0935
799,0.3871,0.5961,0.1655,0.1184,0.3195,0.2374,0.3057,0.1217
800,0.3871,0.5961,0.1655,0.1184,0.3354,0.2374,0.3246,0.1217
801,0.3871,0.5961,0.1655,0.1184,0.3354,0.2312,0.3246,0.1217
802,0.4029,0.5885,0.1655,0.1311,0.3354,0.2312,0.3246,0.1331
803,0.4029,0.5885,0.1762,0.1311,0.346,0.2312,0.3286,0.1331
804,0.4029,0.5885,0.1762,0.1311,0.346,0.2308,0.3286,0.1331
805,0.405,0.5885,0.1762,0.1459,0.346,0.2308,0.3286,0.1331
806,0.405,0.6177,0.1947,0.1459,0.3612,0.2308,0.3475,0.1497
807,0.405,0.6177,0.1947,0.1459,0.3612,0.192,0.3475,0.1497
808,0.4364,0.6177,0.1947,0.1602,0.3612,0.192,0.3475,0.1497
809,0.4364,0.6111,0.1947,0.1602,0.3612,0.192,0.3703,0.1873
810,0.4364,0.6111,0.1959,0.1602,0.3757,0.2055,0.3703,0.1873
811,0.4543,0.6111,0.1959,0.1711,0.3757,0.2055,0.3703,0.1873
812,0.4543,0.6512,0.1959,0.1711,0.3757,0.2055,0.3891,0.1767
813,0.4543,0.6512,0.2072,0.1711,0.3944,0.2107,0.3891,0.1767
814,0.4694,0.6512,0.2072,0.1897,0.3944,0.2107,0.3891,0.1767
815,0.4694,0.6643,0.2072,0.1897,0.3944,0.2107,0.3891,0.2089
816,0.4694,0.6643,0.2072,0.1897,0.3907,0.2155,0.421,0.2089
817,0.4694,0.6643,0.2177,0.2094,0.3907,0.2155,0.421,0.2089
818,0.4876,0.6788,0.2177,0.2094,0.3907,0.2155,0.421,0.2089
819,0.4876,0.6788,0.2177,0.2094,0.4197,0.2155,0.4242,0.219
820,0.4876,0.6788,0.2201,0.2265,0.4197,0.2196,0.4242,0.219
821,0.5007,0.6788,0.2201,0.2265,0.4197,0.2196,0.4242,0.219
822,0.5007,0.6987,0.2201,0.2265,0.43,0.2196,0.4443,0.2429
823,0.5007,0.6987,0.2201,0.2281,0.43,0.2264,0.4443,0.2429
824,0.5086,0.6987,0.232,0.2281,0.43,0.2264,0.4443,0.2429
825,0.5086,0.7313,0.232,0.2281,0.43,0.2264,0.4311,0.2467
826,0.5086,0.7313,0.232,0.2662,0.4425,0.2282,0.4311,0.2467
827,0.5278,0.7313,0.2466,0.2662,0.4425,0.2282,0.4311,0.2467
828,0.5278,0.7391,0.2466,0.2662,0.4425,0.2282,0.4376,0.2796
829,0.5278,0.7391,0.2466,0.2824,0.4687,0.2393,0.4376,0.2796
830,0.492,0.7391,0.2466,0.2824,0.4687,0.2393,0.4376,0.2796
831,0.492,0.7505,0.2609,0.2824,0.4687,0.2393,0.4561,0.2796
832,0.492,0.7505,0.2609,0.296,0.4767,0.2273,0.4561,0.3192
833,0.5068,0.7505,0.2609,0.296,0.4767,0.2273,0.4561,0.3192
834,0.5068,0.7765,0.2795,0.296,0.4767,0.2273,0.4851,0.3192
835,0.5068,0.7765,0.2795,0.3178,0.4855,0.2592,0.4851,0.3125
836,0.5151,0.7765,0.2795,0.3178,0.4855,0.2592,0.4851,0.3125
837,0.5151,0.7926,0.2795,0.3178,0.4855,0.2592,0.4885,0.3125
838,0.5151,0.7926,0.291,0.3421,0.4855,0.2798,0.4885,0.3176
839,0.5151,0.7926,0.291,0.3421,0.505,0.2798,0.4885,0.3176
840,0.5317,0.7926,0.291,0.3421,0.505,0.2798,0.4885,0.3176
841,0.5317,0.8163,0.3048,0.3604,0.505,0.2917,0.4987,0.3657
842,0.5317,0.8163,0.3048,0.3604,0.5158,0.2917,0.4987,0.3657
843,0.5387,0.8163,0.3048,0.3604,0.5158,0.2917,0.4987,0.3657
844,0.5387,0.8406,0.3048,0.3668,0.5158,0.3129,0.5211,0.3657
845,0.5387,0.8406,0.3301,0.3668,0.5292,0.3129,0.5211,0.3852
846,0.554,0.8406,0.3301,0.3668,0.5292,0.3129,0.5211,0.3852
847,0.554,0.8663,0.3301,0.384,0.5292,0.3256,0.526,0.3852
848,0.554,0.8663,0.3399,0.384,0.5548,0.3256,0.526,0.4001
849,0.5661,0.8663,0.3399,0.384,0.5548,0.3256,0.526,0.4001
850,0.5661,0.8736,0.3399,0.3933,0.5548,0.3437,0.5423,0.4001
851,0.5661,0.8736,0.3399,0.3933,0.5604,0.3437,0.5423,0.3983
852,0.571,0.8736,0.3487,0.3933,0.5604,0.3437,0.5423,0.3983
853,0.571,0.8902,0.3487,0.4172,0.5604,0.36,0.5587,0.3983
854,0.571,0.8902,0.3487,0.4172,0.5604,0.36,0.5587,0.4313
855,0.5891,0.8902,0.3623,0.4383,0.5858,0.36,0.5587,0.4313
856,0.5891,0.8902,0.3623,0.4383,0.5858,0.3509,0.5837,0.4313
857,0.5891,0.9164,0.3623,0.4383,0.5858,0.3509,0.5837,0.4408
858,0.6033,0.9164,0.3623,0.4623,0.6027,0.3509,0.5837,0.4408
859,0.6033,0.9164,0.3825,0.4623,0.6027,0.3802,0.5856,0.4408
860,0.6033,0.9253,0.3825,0.4623,0.6027,0.3802,0.5856,0.4408
861,0.6033,0.9253,0.3825,0.4716,0.6149,0.3802,0.5856,0.4583
862,0.5971,0.9253,0.395,0.4716,0.6149,0.3987,0.5843,0.4583
863,0.5971,0.9333,0.395,0.4716,0.6149,0.3987,0.5843,0.4583
864,0.5971,0.9333,0.395,0.4734,0.6422,0.3987,0.5843,0.4686
865,0.5884,0.9333,0.395,0.4734,0.6422,0.4197,0.5843,0.4686
866,0.5884,0.9487,0.4042,0.4734,0.6422,0.4197,0.6226,0.4686
867,0.5884,0.9487,0.4042,0.4988,0.6422,0.4197,0.6226,0.4823
868,0.5987,0.9487,0.4042,0.4988,0.6539,0.4318,0.6226,0.4823
869,0.5987,0.9619,0.4257,0.4988,0.6539,0.4318,0.6309,0.4823
870,0.5987,0.9619,0.4257,0.4859,0.6539,0.4318,0.6309,0.4731
871,0.6078,0.9619,0.4257,0.4859,0.6689,0.4318,0.6309,0.4731
872,0.6078,0.9619,0.4257,0.4859,0.6689,0.4733,0.655,0.4731
873,0.6078,0.9649,0.4444,0.4955,0.6689,0.4733,0.655,0.4731
874,0.6095,0.9649,0.4444,0.4955,0.6953,0.4733,0.655,0.5022
875,0.6095,0.9649,0.4444,0.4955,0.6953,0.4759,0.6718,0.5022
876,0.6095,0.9735,0.4557,0.5188,0.6953,0.4759,0.6718,0.5022
877,0.6186,0.9735,0.4557,0.5188,0.71,0.4759,0.6718,0.5155
878,0.6186,0.9735,0.4557,0.5188,0.71,0.506,0.6853,0.5155
879,0.6186,0.9761,0.4557,0.5353,0.71,0.506,0.6853,0.5155
880,0.6276,0.9761,0.4766,0.5353,0.71,0.506,0.6853,0.5691
881,0.6276,0.9761,0.4766,0.5353,0.7204,0.5322,0.6926,0.5691
882,0.6276,0.9842,0.4766,0.5524,0.7204,0.5322,0.6926,0.5691
883,0.6276,0.9842,0.4766,0.5524,0.7204,0.5322,0.6926,0.5804
884,0.6488,0.9842,0.5001,0.5524,0.7403,0.5554,0.7156,0.5804
885,0.6488,0.9837,0.5001,0.5627,0.7403,0.5554,0.7156,0.5804
886,0.6488,0.9837,0.5001,0.5627,0.7403,0.5554,0.7156,0.5804
887,0.6482,0.9837,0.5095,0.5627,0.7757,0.5663,0.7361,0.5832
888,0.6482,1.0026,0.5095,0.5547,0.7757,0.5663,0.7361,0.5832
889,0.6482,1.0026,0.5095,0.5547,0.7757,0.5663,0.7361,0.5832
890,0.6798,1.0026,0.5095,0.5547,0.8022,0.5882,0.7361,0.6059
891,0.6798,1.0026,0.5256,0.5649,0.8022,0.5882,0.7531,0.6059
892,0.6798,1.0175,0.5256,0.5649,0.8022,0.5882,0.7531,0.6059
893,0.6762,1.0175,0.5256,0.5649,0.8322,0.6024,0.7531,0.607
894,0.6762,1.0175,0.5608,0.5614,0.8322,0.6024,0.8009,0.607
895,0.6762,1.0218,0.5608,0.5614,0.8322,0.6024,0.8009,0.607
896,0.6915,1.0218,0.5608,0.5614,0.8322,0.6068,0.8009,0.6283
897,0.6915,1.0218,0.5608,0.5668,0.8318,0.6068,0.8014,0.6283
898,0.6915,1.0105,0.5767,0.5668,0.8318,0.6068,0.8014,0.6283
899,0.6962,1.0105,0.5767,0.5668,0.8318,0.617,0.8014,0.6283
900,0.6962,1.0105,0.5767,0.5842,0.8646,0.617,0.8232,0.6508
901,0.6962,1.0445,0.599,0.5842,0.8646,0.617,0.8232,0.6508
902,0.7218,1.0445,0.599,0.5842,0.8646,0.6269,0.8232,0.6508
903,0.7218,1.0445,0.599,0.6116,0.867,0.6269,0.8315,0.6588
904,0.7218,1.0568,0.599,0.6116,0.867,0.6269,0.8315,0.6588
905,0.7218,1.0568,0.5782,0.6116,0.867,0.6406,0.8315,0.6588
906,0.7233,1.0568,0.5782,0.6086,0.892,0.6406,0.8559,0.6667
907,0.7233,1.0568,0.5782,0.6086,0.892,0.6406,0.8559,0.6667
908,0.7233,1.0701,0.6229,0.6086,0.892,0.6618,0.8559,0.6667
909,0.7272,1.0701,0.6229,0.6203,0.892,0.6618,0.8731,0.6973
910,0.7272,1.0701,0.6229,0.6203,0.9085,0.6618,0.8731,0.6973
911,0.7272,1.0894,0.6229,0.6203,0.9085,0.6789,0.8731,0.6973
912,0.7268,1.0894,0.6006,0.6315,0.9085,0.6789,0.8815,0.6973
913,0.7268,1.0894,0.6006,0.6315,0.9291,0.6789,0.8815,0.7316
914,0.7268,1.1042,0.6006,0.6571,0.9291,0.6936,0.8815,0.7316
915,0.7317,1.1042,0.6058,0.6571,0.9291,0.6936,0.8815,0.7316
916,0.7317,1.1042,0.6058,0.6571,0.9254,0.6936,0.9067,0.7356
917,0.7317,1.1106,0.6058,0.6628,0.9254,0.695,0.9067,0.7356
918,0.7383,1.1106,0.6058,0.6628,0.9254,0.695,0.9067,0.7356
919,0.7383,1.1106,0.6289,0.6628,0.9328,0.695,0.8967,0.7447
920,0.7383,1.133,0.6289,0.673,0.9328,0.7194,0.8967,0.7447
921,0.7595,1.133,0.6289,0.673,0.9328,0.7194,0.8967,0.7447
922,0.7595,1.133,0.6417,0.673,0.9443,0.7194,0.9054,0.7801
923,0.7595,1.1451,0.6417,0.6898,0.9443,0.7194,0.9054,0.7801
924,0.7659,1.1451,0.6417,0.6898,0.9443,0.7343,0.9054,0.7801
925,0.7659,1.1451,0.6417,0.6898,0.9443,0.7343,0.8963,0.7845
926,0.7659,1.1451,0.6569,0.6973,0.9265,0.7343,0.8963,0.7845
927,0.7659,1.151,0.6569,0.6973,0.9265,0.7499,0.8963,0.7845
928,0.7704,1.151,0.6569,0.6973,0.9265,0.7499,0.886,0.7845
929,0.7704,1.151,0.6958,0.6984,0.9344,0.7499,0.886,0.7845
930,0.7704,1.1414,0.6958,0.6984,0.9344,0.7609,0.886,0.7845
931,0.7868,1.1414,0.6958,0.6984,0.9344,0.7609,0.8854,0.7845
932,0.7868,1.1414,0.6958,0.7163,0.9505,0.7609,0.8854,0.8118
933,0.7868,1.1777,0.6959,0.7163,0.9505,0.782,0.8854,0.8118
934,0.7756,1.1777,0.6959,0.7163,0.9505,0.782,0.8917,0.8118
935,0.7756,1.1777,0.6959,0.7399,0.9662,0.782,0.8917,0.821
936,0.7756,1.182,0.714,0.7399,0.9662,0.801,0.8917,0.821
937,0.7987,1.182,0.714,0.7399,0.9662,0.801,0.9242,0.821
938,0.7987,1.182,0.714,0.7548,0.9662,0.801,0.9242,0.8322
939,0.7987,1.1931,0.714,0.7548,0.9797,0.8189,0.9242,0.8322
940,0.826,1.1931,0.7398,0.7548,0.9797,0.8189,0.9242,0.8322
941,0.826,1.1931,0.7398,0.7702,0.9797,0.8189,0.898,0.8322
942,0.826,1.1931,0.7398,0.7702,1.0082,0.8348,0.898,0.8123
943,0.8456,1.2192,0.7419,0.7702,1.0082,0.8348,0.898,0.8123
944,0.8456,1.2192,0.7419,0.7872,1.0082,0.8348,0.9242,0.8123
945,0.8456,1.2192,0.7419,0.7872,1.0179,0.8529,0.9242,0.8535
946,0.8604,1.2359,0.7419,0.7872,1.0179,0.8529,0.9242,0.8535
947,0.8604,1.2359,0.7657,0.8172,1.0179,0.8529,0.9054,0.8535
948,0.8604,1.2359,0.7657,0.8172,1.0306,0.8636,0.9054,0.8614
949,0.8604,1.2556,0.7657,0.8172,1.0306,0.8636,0.9054,0.8614
950,0.8907,1.2556,0.7834,0.8283,1.0306,0.8636,0.9305,0.8614
951,0.8907,1.2556,0.7834,0.8283,1.0512,0.8858,0.9305,0.8778
952,0.8907,1.2689,0.7834,0.8283,1.0512,0.8858,0.9305,0.8778
953,0.8805,1.2689,0.7834,0.8337,1.0512,0.8858,0.9501,0.8778
954,0.8805,1.2689,0.8042,0.8337,1.0512,0.859,0.9501,0.8778
955,0.8805,1.2868,0.8042,0.8337,1.064,0.859,0.9501,0.877
956,0.8834,1.2868,0.8042,0.8466,1.064,0.859,0.9633,0.877
957,0.8834,1.2868,0.8169,0.8466,1.064,0.9285,0.9633,0.877
958,0.8834,1.2868,0.8169,0.8466,1.0531,0.9285,0.9633,0.9095
959,0.9031,1.2964,0.8169,0.8617,1.0531,0.9285,0.9875,0.9095
960,0.9031,1.2964,0.8169,0.8617,1.0531,0.922,0.9875,0.9095
961,0.9031,1.2964,0.8337,0.8617,1.0967,0.922,0.9875,0.9364
962,0.9316,1.3143,0.8337,0.8687,1.0967,0.922,0.9904,0.9364
963,0.9316,1.3143,0.8337,0.8687,1.0967,0.9401,0.9904,0.9364
964,0.9316,1.3143,0.8337,0.8687,1.0964,0.9401,0.9904,0.9338
965,0.9312,1.3207,0.8439,0.892,1.0964,0.9401,0.9904,0.9338
966,0.9312,1.3207,0.8439,0.892,1.0964,0.9223,1.0181,0.9338
967,0.9312,1.3207,0.8439,0.892,1.0964,0.9223,1.0181,0.9338
968,0.9213,1.342,0.8506,0.8798,1.1075,0.9223,1.0181,0.944
969,0.9213,1.342,0.8506,0.8798,1.1075,0.9371,1.0401,0.944
970,0.9213,1.342,0.8506,0.8798,1.1075,0.9371,1.0401,0.944
971,0.9213,1.3532,0.8506,0.8913,1.1188,0.9371,1.0401,0.9686
972,0.9395,1.3532,0.8686,0.8913,1.1188,0.9396,1.0477,0.9686
973,0.9395,1.3532,0.8686,0.8987,1.1188,0.9396,1.0477,0.9686
974,0.9395,1.3579,0.8686,0.8987,1.1402,0.9396,1.0477,0.9915
975,0.9511,1.3579,0.893,0.8987,1.1402,0.9396,1.0718,0.9915
976,0.9511,1.3579,0.893,0.9173,1.1402,0.9555,1.0718,0.9915
977,0.9511,1.3579,0.893,0.9173,1.1574,0.9555,1.0718,1.0112
978,0.9445,1.3581,0.893,0.9173,1.1574,0.9555,1.0903,1.0112
979,0.9445,1.3581,0.916,0.9284,1.1574,0.9684,1.0903,1.0112
980,0.9445,1.3581,0.916,0.9284,1.1574,0.9684,1.0903,1.0191
981,0.9532,1.3686,0.916,0.9284,1.168,0.9684,1.1076,1.0191
982,0.9532,1.3686,0.9318,0.925,1.168,0.9735,1.1076,1.0191
983,0.9532,1.3686,0.9318,0.925,1.168,0.9735,1.1076,1.0191
984,0.9692,1.3667,0.9318,0.925,1.178,0.9735,1.1178,1.0187
985,0.9692,1.3667,0.9318,0.9386,1.178,0.9885,1.1178,1.0187
986,0.9692,1.3667,0.9611,0.9386,1.178,0.9885,1.1178,1.0187
987,0.9825,1.368,0.9611,0.9386,1.1904,0.9885,1.1439,1.0318
988,0.9825,1.368,0.9611,0.942,1.1904,0.995,1.1439,1.0318
989,0.9825,1.368,0.9852,0.942,1.1904,0.995,1.1439,1.0318
990,0.9766,1.364,0.9852,0.942,1.2085,0.995,1.1439,1.0497
991,0.9766,1.364,0.9852,0.9534,1.2085,1.0027,1.1617,1.0497
992,0.9766,1.364,0.9852,0.9534,1.2085,1.0027,1.1617,1.0497
993,0.9766,1.364,0.9964,0.9534,1.1976,1.0027,1.1617,1.0631
994,0.9981,1.3899,0.9964,0.9608,1.1976,1.032,1.1833,1.0631
995,0.9981,1.3899,0.9964,0.9608,1.1976,1.032,1.1833,1.0631
996,0.9981,1.3899,1.0214,0.9608,1.1976,1.032,1.1833,1.0631
997,0.9742,1.3972,1.0214,0.9755,1.2202,1.0442,1.1982,1.0897
998,0.9742,1.3972,1.0214,0.9755,1.2202,1.0442,1.1982,1.0897
999,0.9742,1.3972,1.0214,0.9755,1.2202,1.0442,1.1982,1.0897
1000,0.9168,1.3905,1.0109,0.9889,1.2552,1.0487,1.2138,1.1046
