time,degreeX,degreeY,degreeZ,,,,
0.1,-22.99308977,-20.7286746,21.85340403,,-18.78599861,,2.565094263
0.2,-23.02044158,-20.73292072,21.8850126,,-18.78023477,,2.578643555
0.3,-23.04681349,-20.73687176,21.91593854,,-18.75342871,,2.589601794
0.4,-23.07220825,-20.74053609,21.94618972,,-18.73096994,,2.601174187
0.5,-23.0966285,-20.74392189,21.97577403,,-18.72607579,,2.615030882
0.6,-23.1200768,-20.7470371,22.00469936,,-18.74095843,,2.631459064
0.7,-23.14255559,-20.74988942,22.03297358,,-18.76998082,,2.649766813
0.8,-23.16406718,-20.75248635,22.06060455,,-18.80379905,,2.668809455
0.9,-23.18461379,-20.75483512,22.08760008,,-18.83336034,,2.687493582
1,-23.20419747,-20.75694274,22.11396797,,-18.85280295,,2.705137721
1.1,-23.22282015,-20.75881601,22.13971597,,-18.86071808,,2.721622649
1.2,-23.24048361,-20.76046143,22.16485179,,-18.85975144,,2.737331104
1.3,-23.25718948,-20.76188532,22.18938306,,-18.8549858,,2.752935809
1.4,-23.27293923,-20.76309371,22.21331739,,-18.85182609,,2.769129558
1.5,-23.28773415,-20.76409242,22.23666228,,-18.85414111,,2.786393712
1.6,-23.30157537,-20.76488701,22.2594252,,-18.86321714,,2.804874371
1.7,-23.31446386,-20.76548279,22.28161349,,-18.87773647,,2.824390491
1.8,-23.32640037,-20.76588484,22.30323445,,-18.89463171,,2.844551598
1.9,-23.3373855,-20.76609798,22.32429527,,-18.91040165,,2.864929576
2,-23.34741964,-20.7661268,22.34480302,,-18.92238056,,2.885218601
2.1,-23.35650298,-20.76597563,22.36476472,,-18.92953862,,2.905330193
2.2,-23.36463552,-20.76564858,22.38418723,,-18.93260659,,2.925399519
2.3,-23.37181706,-20.76514949,22.40307732,,-18.93357493,,2.945712656
2.4,-23.37804717,-20.76448199,22.42144164,,-18.93482401,,2.966590497
2.5,-23.38332524,-20.76364943,22.43928672,,-18.93823511,,2.988275481
2.6,-23.38765043,-20.76265497,22.45661896,,-18.94459339,,3.010860444
2.7,-23.39102169,-20.76150149,22.47344461,,-18.9534532,,3.034279259
2.8,-23.39343776,-20.76019167,22.48976982,,-18.96345414,,3.058354775
2.9,-23.39489715,-20.75872794,22.50560056,,-18.97292073,,3.082879993
3,-23.39539816,-20.75711251,22.52094268,,-18.98049998,,3.107699653
3.1,-23.39493888,-20.75534736,22.53580188,,-18.98560734,,3.132763287
3.2,-23.39351716,-20.75343425,22.55018369,,-18.9885463,,3.158134394
3.3,-23.39113064,-20.75137473,22.56409351,,-18.99029695,,3.183957801
3.4,-23.38777676,-20.74917011,22.57753657,,-18.99208622,,3.210401815
3.5,-23.3834527,-20.74682152,22.59051794,,-18.99491654,,3.237598687
3.6,-23.37815546,-20.74432984,22.60304251,,-18.99922559,,3.265604643
3.7,-23.37188182,-20.7416958,22.61511503,,-19.0047848,,3.294391201
3.8,-23.36462833,-20.73891988,22.62674007,,-19.01084918,,3.323866966
3.9,-23.35639135,-20.73600238,22.63792203,,-19.0164806,,3.353918346
4,-23.34716702,-20.73294343,22.64866513,,-19.02091253,,3.384452333
4.1,-23.33695127,-20.72974295,22.65897343,,-19.02382134,,3.415425768
4.2,-23.32573986,-20.72640068,22.6688508,,-19.02541356,,3.446852244
4.3,-23.31352833,-20.72291618,22.67830094,,-19.02631149,,3.478786778
4.4,-23.30031202,-20.71928886,22.68732737,,-19.02729229,,3.511296276
4.5,-23.28608611,-20.71551794,22.69593343,,-19.02898499,,3.54442787
4.6,-23.27084557,-20.71160249,22.70412229,,-19.03163862,,3.578186488
4.7,-23.25458522,-20.70754141,22.71189692,,-19.03504364,,3.612528378
4.8,-23.2372997,-20.70333346,22.71926013,,-19.03862992,,3.64737085
4.9,-23.21898348,-20.69897726,22.72621453,,-19.04169974,,3.682612798
5,-23.19963089,-20.69447127,22.73276256,,-19.04370569,,3.718157486
5.1,-23.17923609,-20.68981385,22.73890649,,-19.04446822,,3.753929414
5.2,-23.15779312,-20.68500319,22.74464839,,-19.04425003,,3.78988031
5.3,-23.13529586,-20.6800374,22.74999015,,-19.04365755,,3.825983771
5.4,-23.11173809,-20.67491443,22.7549335,,-19.043404,,3.862222239
5.5,-23.08711347,-20.66963215,22.75947997,,-19.04402236,,3.898572221
5.6,-23.06141553,-20.66418832,22.76363094,,-19.0456388,,3.93499352
5.7,-23.03463773,-20.65858059,22.76738758,,-19.04789936,,3.971426071
5.8,-23.00677342,-20.65280654,22.77075092,,-19.05008781,,4.007794782
5.9,-22.97781588,-20.64686364,22.77372179,,-19.05140034,,4.044019849
6,-22.94775833,-20.6407493,22.77630087,,-19.05127743,,4.080028396
6.1,-22.9165939,-20.63446083,22.77848866,,-19.04966197,,4.115763301
6.2,-22.8843157,-20.62799549,22.7802855,,-19.04707024,,4.151186592
6.3,-22.85091681,-20.62135049,22.78169154,,-19.04442694,,4.186277009
6.4,-22.81639025,-20.61452296,22.78270681,,-19.04270691,,4.221023409
6.5,-22.78072907,-20.60751,22.78333115,,-19.04251075,,4.255416889
6.6,-22.74392627,-20.60030865,22.78356425,,-19.04374426,,4.289444517
6.7,-22.70597491,-20.59291593,22.78340564,,-19.0455499,,4.323086581
6.8,-22.66686802,-20.58532881,22.78285472,,-19.04655272,,4.356317703
6.9,-22.62659872,-20.57754425,22.78191071,,-19.04535944,,4.389110754
7,-22.58516013,-20.56955919,22.7805727,,-19.04113465,,4.421441625
7.1,-22.54254546,-20.56137055,22.77883963,,-19.03401999,,4.453292898
7.2,-22.49874798,-20.55297523,22.77671032,,-19.02519428,,4.484655111
7.3,-22.45376105,-20.54437017,22.77418343,,-19.01649378,,4.515525388
7.4,-22.40757813,-20.53555227,22.7712575,,-19.00968502,,4.545904166
7.5,-22.36019279,-20.52651846,22.76793093,,-19.00564345,,4.575791386
7.6,-22.31159873,-20.51726569,22.76420201,,-19.00376972,,4.60518349
7.7,-22.26178979,-20.50779092,22.76006889,,-19.00192846,,4.634072153
7.8,-22.21075997,-20.49809114,22.7555296,,-18.99702113,,4.662444916
7.9,-22.15850343,-20.48816338,22.75058208,,-18.98605991,,4.690287193
8,-22.10501451,-20.47800469,22.74522413,,-18.96738295,,4.717584747
8.1,-22.05028776,-20.46761217,22.73945346,,-18.9415377,,4.744325643
8.2,-21.99431793,-20.45698298,22.73326767,,-18.91142029,,4.770501067
8.3,-21.93709998,-20.44611431,22.72666426,,-18.88149236,,4.796104865
8.4,-21.87862913,-20.43500342,22.71964063,,-18.8562319,,4.821132142
8.5,-21.81890086,-20.42364764,22.7121941,,-18.83829077,,4.845577572
8.6,-21.75791088,-20.41204435,22.70432189,,-18.82700478,,4.869434058
8.7,-21.69565521,-20.40019101,22.69602113,,-18.81784992,,4.892692203
8.8,-21.63213015,-20.38808515,22.68728889,,-18.80316069,,4.915340682
8.9,-21.56733232,-20.37572438,22.67812215,,-18.77400687,,4.937367257
9,-21.50125864,-20.36310641,22.66851783,,-18.72270944,,4.958760034
9.1,-21.43390638,-20.350229,22.65847276,,-18.64521592,,4.97950846
9.2,-21.36527317,-20.33709005,22.64798371,,-18.54255282,,4.999603785
9.3,-21.29535697,-20.32368752,22.63704742,,-18.42084083,,5.019038893
9.4,-21.22415613,-20.31001948,22.62566054,,-18.2898108,,5.037807683
9.5,-21.15166941,-20.2960841,22.61381967,,-18.16024369,,5.055904278
9.6,-21.07789593,-20.28187967,22.60152138,,-18.04110774,,5.073322399
9.7,-21.00283525,-20.26740457,22.58876218,,-17.93726382,,5.09005511
9.8,-20.92648735,-20.2526573,22.57553854,,-17.84842298,,5.106094985
9.9,-20.84885264,-20.23763647,22.5618469,,-17.769636,,5.121434602
10,-20.769932,-20.22234082,22.54768365,,-17.69311247,,5.136067136
10.1,-20.68972674,-20.2067692,22.53304518,,-17.6107641,,5.149986865
10.2,-20.60823867,-20.19092059,22.51792782,,-17.5166718,,5.1631894
10.3,-20.52547008,-20.17479409,22.50232789,,-17.40873854,,5.175671633
10.4,-20.44142374,-20.15838892,22.4862417,,-17.28907749,,5.18743145
10.5,-20.35610294,-20.14170445,22.46966553,,-17.16309435,,5.198467364
10.6,-20.26951149,-20.12474017,22.45259565,,-17.03761985,,5.208778201
10.7,-20.1816537,-20.10749569,22.43502832,,-16.91871325,,5.218362966
10.8,-20.09253444,-20.08997078,22.41695981,,-16.80982007,,5.227220888
10.9,-20.00215911,-20.07216534,22.39838636,,-16.71082114,,5.235351635
11,-19.91053369,-20.05407939,22.37930422,,-16.61821404,,5.242755567
11.1,-19.81766468,-20.03571311,22.35970965,,-16.52631795,,5.249433954
11.2,-19.72355918,-20.0170668,22.33959891,,-16.42909418,,5.255389075
11.3,-19.62822487,-19.99814093,22.31896827,,-16.32201139,,5.260624168
11.4,-19.53166999,-19.97893608,22.29781401,,-16.20339614,,5.26514328
11.5,-19.4339034,-19.959453,22.27613242,,-16.07488466,,5.268951053
11.6,-19.33493453,-19.93969256,22.25391981,,-15.94087277,,5.272052548
11.7,-19.23477343,-19.91965578,22.2311725,,-15.80716168,,5.274453122
11.8,-19.13343077,-19.89934384,22.20788685,,-15.67922979,,5.276158406
11.9,-19.03091782,-19.87875804,22.18405923,,-15.56065692,,5.277174341
12,-18.92724647,-19.85789983,22.15968604,,-15.45216308,,5.277507251
12.1,-18.82242922,-19.83677082,22.1347637,,-15.35152202,,5.277163896
12.2,-18.71647924,-19.81537274,22.10928866,,-15.25433548,,5.276151466
12.3,-18.60941028,-19.79370749,22.08325742,,-15.15539359,,5.274477524
12.4,-18.50123676,-19.77177707,22.0566665,,-15.05018125,,5.272149892
12.5,-18.39197371,-19.74958367,22.02951244,,-14.93606883,,5.269176514
12.6,-18.28163681,-19.72712959,22.00179184,,-14.81284988,,5.265565335
12.7,-18.17024237,-19.70441727,21.97350133,,-14.68251283,,5.261324203
12.8,-18.05780735,-19.68144931,21.94463759,,-14.54838131,,5.256460826
12.9,-17.94434933,-19.65822843,21.91519732,,-14.41394631,,5.250982754
13,-17.82988655,-19.63475749,21.88517727,,-14.28178478,,5.244897394
13.1,-17.71443786,-19.61103949,21.85457425,,-14.15289639,,5.238212015
13.2,-17.59802276,-19.58707755,21.8233851,,-14.02662455,,5.230933744
13.3,-17.4806614,-19.56287495,21.79160671,,-13.90112067,,5.223069541
13.4,-17.36237453,-19.53843507,21.75923601,,-13.7741367,,5.214626157
13.5,-17.24318353,-19.51376144,21.72627,,-13.64384544,,5.205610086
13.6,-17.12311043,-19.4888577,21.69270569,,-13.50941212,,5.196027531
13.7,-17.00217785,-19.46372763,21.65854019,,-13.371156,,5.185884382
13.8,-16.88040905,-19.43837513,21.62377061,,-13.2302984,,5.175186217
13.9,-16.75782788,-19.41280421,21.58839415,,-13.08843492,,5.163938332
14,-16.63445879,-19.38701901,21.55240805,,-12.94694742,,5.152145767
14.1,-16.51032684,-19.36102379,21.51580959,,-12.80656586,,5.139813346
14.2,-16.38545769,-19.33482291,21.47859611,,-12.66721244,,5.12694571
14.3,-16.25987755,-19.30842084,21.44076501,,-12.52814609,,5.113547332
14.4,-16.13361323,-19.28182218,21.40231374,,-12.38831894,,5.099622533
14.5,-16.0066921,-19.25503162,21.36323981,,-12.2467936,,5.085175488
14.6,-15.87914208,-19.22805395,21.32354076,,-12.10306837,,5.070210227
14.7,-15.75099165,-19.20089408,21.28321422,,-11.95720901,,5.054730648
14.8,-15.62226981,-19.17355699,21.24225785,,-11.80976633,,5.038740529
14.9,-15.4930061,-19.14604779,21.20066937,,-11.6615362,,5.022243539
15,-15.36323057,-19.11837165,21.15844656,,-11.51326602,,5.005243259
15.1,-15.23297377,-19.09053385,21.11558725,,-11.36541664,,4.987743192
15.2,-15.10226676,-19.06253974,21.07208932,,-11.2180548,,4.969746768
15.3,-14.97114106,-19.03439477,21.02795073,,-11.07089562,,4.951257341
15.4,-14.83962866,-19.00610445,20.98316947,,-10.92346005,,4.932278181
15.5,-14.707762,-18.97767439,20.9377436,,-10.77527688,,4.912812454
15.6,-14.57557398,-18.94911026,20.89167122,,-10.62605349,,4.892863209
15.7,-14.44309788,-18.9204178,20.8449505,,-10.47576057,,4.872433353
15.8,-14.31036744,-18.89160281,20.79757967,,-10.3246138,,4.851525638
15.9,-14.17741676,-18.86267118,20.74955699,,-10.17297336,,4.830142636
16,-14.04428034,-18.83362882,20.70088081,,-10.02120756,,4.808286728
16.1,-13.91099301,-18.80448173,20.65154952,,-9.869572621,,4.785960079
16.2,-13.77758999,-18.77523595,20.60156155,,-9.718147525,,4.763164619
16.3,-13.6441068,-18.74589757,20.55091542,,-9.566838313,,4.73990202
16.4,-13.51057928,-18.71647272,20.49960967,,-9.415440233,,4.716173671
16.5,-13.37704355,-18.68696759,20.44764293,,-9.263728049,,4.691980652
16.6,-13.24353604,-18.65738839,20.39501386,,-9.111539637,,4.667323707
16.7,-13.1100934,-18.62774137,20.3417212,,-8.958825532,,4.642203226
16.8,-12.97675254,-18.59803282,20.28776373,,-8.805652831,,4.616619215
16.9,-12.84355059,-18.56826905,20.23314029,,-8.652169159,,4.59057128
17,-12.71052488,-18.5384564,20.17784978,,-8.498545084,,4.56405861
17.1,-12.57771292,-18.50860121,20.12189116,,-8.344917817,,4.537079956
17.2,-12.44515237,-18.47870987,20.06526345,,-8.191354999,,4.509633617
17.3,-12.31288107,-18.44878876,20.00796572,,-8.037847648,,4.481717423
17.4,-12.18093693,-18.41884427,19.94999711,,-7.884330068,,4.453328721
17.5,-12.04935801,-18.38888281,19.89135681,,-7.7307158,,4.424464358
17.6,-11.91818242,-18.35891078,19.83204408,,-7.576935104,,4.39512067
17.7,-11.78744833,-18.32893459,19.77205823,,-7.422961323,,4.365293469
17.8,-11.65719398,-18.29896062,19.71139865,,-7.268819243,,4.334978031
17.9,-11.52745759,-18.26899526,19.65006478,,-7.114575734,,4.304169092
18,-11.3982774,-18.2390449,19.58805611,,-6.96031875,,4.272860833
18.1,-11.26969162,-18.20911588,19.52537223,,-6.806133607,,4.241046878
18.2,-11.14173841,-18.17921455,19.46201277,,-6.652084798,,4.208720289
18.3,-11.01445586,-18.14934721,19.39797743,,-6.498208386,,4.175873556
18.4,-10.88788199,-18.11952016,19.33326598,,-6.344515625,,4.1424986
18.5,-10.76205469,-18.08973965,19.26787826,,-6.191004711,,4.108586761
18.6,-10.63701172,-18.0600119,19.20181418,,-6.037675446,,4.074128803
18.7,-10.51279069,-18.03034309,19.13507371,,-5.884541587,,4.039114907
18.8,-10.38942903,-18.00073937,19.06765693,,-5.731637375,,4.003534672
18.9,-10.26696397,-17.97120682,18.99956395,,-5.579017219,,3.967377114
19,-10.14543253,-17.9417515,18.93079497,,-5.426749922,,3.930630667
19.1,-10.02487148,-17.91237939,18.8613503,,-5.274910302,,3.893283185
19.2,-9.905317334,-17.88309643,18.79123027,,-5.123571346,,3.855321943
19.3,-9.786806311,-17.85390851,18.72043535,,-4.972799247,,3.816733646
19.4,-9.66937433,-17.82482143,18.64896605,,-4.82265233,,3.777504427
19.5,-9.553056985,-17.79584095,18.57682299,,-4.673183419,,3.737619861
19.6,-9.437889517,-17.76697274,18.50400687,,-4.524444212,,3.697064966
19.7,-9.3239068,-17.73822241,18.43051848,,-4.376489912,,3.655824213
19.8,-9.211143317,-17.7095955,18.3563587,,-4.229382591,,3.613881538
19.9,-9.099633138,-17.68109744,18.28152851,,-4.083192501,,3.571220349
20,-8.989409905,-17.65273361,18.20602897,,-3.937997305,,3.52782354
20.1,-8.880506805,-17.62450928,18.12986125,,-3.793879838,,3.483673503
20.2,-8.772956553,-17.59642966,18.05302664,,-3.650925329,,3.438752149
20.3,-8.666791375,-17.56849985,17.97552649,,-3.509218951,,3.393040923
20.4,-8.562042983,-17.54072484,17.89736229,,-3.368844286,,3.346520831
20.5,-8.458742558,-17.51310955,17.81853563,,-3.22988288,,3.299172461
20.6,-8.356920735,-17.48565879,17.7390482,,-3.092414694,,3.250976012
20.7,-8.256607576,-17.45837725,17.65890183,,-2.956519033,,3.201911323
20.8,-8.15783256,-17.43126953,17.57809844,,-2.822275484,,3.151957905
20.9,-8.06062456,-17.40434012,17.49664008,,-2.689764489,,3.101094971
21,-7.965011826,-17.37759339,17.41452894,,-2.559067363,,3.049301474
21.1,-7.871021971,-17.35103361,17.33176729,,-2.430265772,,2.99655615
21.2,-7.778681948,-17.32466491,17.24835758,,-2.30344082,,2.942837562
21.3,-7.688018041,-17.29849132,17.16430237,,-2.178671967,,2.88812415
21.4,-7.599055841,-17.27251674,17.07960433,,-2.056036006,,2.832394292
21.5,-7.511820237,-17.24674494,16.99426632,,-1.935606237,,2.775626362
21.6,-7.426335398,-17.22117957,16.90829129,,-1.817451899,,2.717798794
21.7,-7.342624756,-17.19582415,16.82168236,,-1.701637852,,2.658890149
21.8,-7.260710996,-17.17068206,16.7344428,,-1.588224406,,2.598879185
21.9,-7.180616039,-17.14575655,16.64657602,,-1.477267223,,2.537744919
22,-7.102361029,-17.12105075,16.55808558,,-1.368817188,,2.475466706
22.1,-7.025966323,-17.09656763,16.4689752,,-1.262920224,,2.412024311
22.2,-6.951451474,-17.07231003,16.37924877,,-1.159617005,,2.347397997
22.3,-6.878835222,-17.04828065,16.28891033,,-1.058942637,,2.281568611
22.4,-6.808135481,-17.02448203,16.19796409,,-0.960926313,,2.214517687
22.5,-6.739369331,-17.00091659,16.10641442,,-0.865591023,,2.146227542
22.6,-6.672553005,-16.97758659,16.01426587,,-0.772953354,,2.076681379
22.7,-6.607701879,-16.95449414,15.92152317,,-0.683023404,,2.005863385
22.8,-6.544830465,-16.93164121,15.82819123,,-0.595804826,,1.933758822
22.9,-6.483952401,-16.9090296,15.73427511,,-0.511295001,,1.860354115
23,-6.425080442,-16.88666097,15.63978009,,-0.429485296,,1.785636935
23.1,-6.368226454,-16.86453683,15.54471163,,-0.350361421,,1.709596286
23.2,-6.313401408,-16.84265853,15.44907535,,-0.27390383,,1.632222594
23.3,-6.260615371,-16.82102727,15.35287711,,-0.20008818,,1.553507805
23.4,-6.209877501,-16.79964407,15.25612291,,-0.128885809,,1.473445489
23.5,-6.161196042,-16.77850983,15.158819,,-0.060264261,,1.392030945
23.6,-6.114578322,-16.75762526,15.0609718,,0.005812173,,1.309261297
23.7,-6.070030745,-16.73699093,14.96258793,,0.069381873,,1.225135581
23.8,-6.027558789,-16.71660723,14.86367422,,0.1304853,,1.139654812
23.9,-5.987167005,-16.69647442,14.76423773,,0.189164376,,1.052822034
24,-5.948859014,-16.67659257,14.66428568,,0.245461873,,0.964642356
24.1,-5.912637502,-16.6569616,14.56382556,,0.299420806,,0.875122988
24.2,-5.878504225,-16.63758127,14.46286502,,0.351083861,,0.784273272
24.3,-5.846460006,-16.61845119,14.36141196,,0.40049286,,0.692104739
24.4,-5.816504733,-16.59957079,14.25947449,,0.447688282,,0.598631172
24.5,-5.788637364,-16.58093935,14.15706092,,0.492708851,,0.503868668
24.6,-5.762855925,-16.56255599,14.0541798,,0.535591189,,0.407835706
24.7,-5.739157516,-16.54441965,13.9508399,,0.576369543,,0.310553189
24.8,-5.717538308,-16.52652915,13.84705019,,0.615075585,,0.212044455
24.9,-5.697993555,-16.50888311,13.74281991,,0.651738273,,0.112335258
25,-5.680517589,-16.49148001,13.63815847,,0.68638378,,0.011453726
25.1,-5.665103829,-16.47431818,13.53307554,,0.719035484,,-0.090569692
25.2,-5.651744788,-16.45739577,13.427581,,0.749714,,-0.193702262
25.3,-5.640432075,-16.4407108,13.32168498,,0.77843727,,-0.29790898
25.4,-5.631156402,-16.42426111,13.21539781,,0.805220686,,-0.403152551
25.5,-5.623907594,-16.4080444,13.10873005,,0.830077248,,-0.509393345
25.6,-5.618674592,-16.39205822,13.0016925,,0.853017747,,-0.61658935
25.7,-5.615445466,-16.37629997,12.89429618,,0.874050974,,-0.724696137
25.8,-5.61420742,-16.36076687,12.78655234,,0.893183933,,-0.833666881
25.9,-5.614946803,-16.34545604,12.67847245,,0.910422069,,-0.94345242
26,-5.617649117,-16.33036442,12.5700682,,0.925769498,,-1.054001365
26.1,-5.622299029,-16.31548881,12.46135152,,0.939229226,,-1.165260229
26.2,-5.628880384,-16.30082588,12.35233455,,0.950803374,,-1.277173549
26.3,-5.63737621,-16.28637214,12.24302966,,0.960493383,,-1.389683958
26.4,-5.647768737,-16.27212398,12.13344942,,0.968300212,,-1.502732206
26.5,-5.660039404,-16.25807764,12.02360665,,0.974224518,,-1.61625713
26.6,-5.674168875,-16.24422923,11.91351437,,0.97826683,,-1.730195593
26.7,-5.690137052,-16.23057474,11.8031858,,0.980427701,,-1.844482442
26.8,-5.707923089,-16.21711001,11.69263441,,0.980707846,,-1.95905053
26.9,-5.727505404,-16.20383077,11.58187383,,0.979108271,,-2.073830808
27,-5.748861697,-16.19073262,11.47091793,,0.975630383,,-2.188752525
27.1,-5.771968964,-16.17781103,11.35978079,,0.970276091,,-2.303743475
27.2,-5.796803511,-16.16506137,11.24847666,,0.96304789,,-2.418730276
27.3,-5.823340974,-16.15247888,11.13702002,,0.95394894,,-2.533638607
27.4,-5.851556332,-16.14005869,11.02542551,,0.942983131,,-2.648393376
27.5,-5.881423926,-16.12779584,10.91370799,,0.930155137,,-2.762918806
27.6,-5.912917474,-16.11568523,10.8018825,,0.915470467,,-2.877138452
27.7,-5.946010091,-16.1037217,10.68996424,,0.898935505,,-2.990975212
27.8,-5.980674306,-16.09189995,10.57796861,,0.880557541,,-3.104351389
27.9,-6.016882081,-16.08021461,10.46591119,,0.860344802,,-3.217188863
28,-6.054604828,-16.06866021,10.35380769,,0.838306473,,-3.329409415
28.1,-6.093813429,-16.0572312,10.24167403,,0.814452716,,-3.440935189
28.2,-6.134478258,-16.04592194,10.12952626,,0.788794687,,-3.551689246
28.3,-6.176569194,-16.03472671,10.01738058,,0.76134454,,-3.661596146
28.4,-6.220055647,-16.02363971,9.905253354,,0.732115442,,-3.770582468
28.5,-6.264906575,-16.01265509,9.79316108,,0.701121573,,-3.8785772
28.6,-6.311090507,-16.0017669,9.681120389,,0.668378132,,-3.985511965
28.7,-6.358575558,-15.99096914,9.569148044,,0.633901335,,-4.091321093
28.8,-6.407329455,-15.98025576,9.457260929,,0.59770841,,-4.195941569
28.9,-6.457319557,-15.96962065,9.345476046,,0.559817598,,-4.299312938
29,-6.508512874,-15.95905765,9.233810506,,0.520248142,,-4.401377212
29.1,-6.560876089,-15.94856053,9.122281525,,0.479020282,,-4.502078835
29.2,-6.614375581,-15.93812306,9.010906412,,0.43615524,,-4.601364703
29.3,-6.668977443,-15.92773893,8.899702567,,0.39167521,,-4.699184211
29.4,-6.724647508,-15.91740184,8.78868747,,0.345603345,,-4.795489264
29.5,-6.781351367,-15.90710543,8.677878676,,0.297963736,,-4.890234159
29.6,-6.839054392,-15.89684332,8.567293805,,0.248781396,,-4.983375297
29.7,-6.897721757,-15.88660913,8.456950539,,0.198082241,,-5.074870653
29.8,-6.957318461,-15.87639644,8.346866606,,0.145893063,,-5.164679055
29.9,-7.017809351,-15.86619885,8.237059779,,0.092241506,,-5.252759295
30,-7.079159139,-15.85600992,8.127547867,,0.037156043,,-5.339069205
30.1,-7.141332429,-15.84582324,8.018348701,,-0.019334057,,-5.423564813
30.2,-7.204293735,-15.83563239,7.909480133,,-0.07719876,,-5.506199705
30.3,-7.268007506,-15.82543096,7.800960024,,-0.136407297,,-5.586924717
30.4,-7.332438143,-15.81521257,7.692806234,,-0.196928199,,-5.66568801
30.5,-7.397550027,-15.80497083,7.585036617,,-0.258729336,,-5.742435554
30.6,-7.463307534,-15.7946994,7.477669007,,-0.321777951,,-5.817112014
30.7,-7.52967506,-15.78439196,7.370721215,,-0.386040701,,-5.889661973
30.8,-7.596617042,-15.77404222,7.264211016,,-0.451483695,,-5.960031444
30.9,-7.664097977,-15.76364393,7.158156141,,-0.518072538,,-6.028169609
31,-7.732082445,-15.75319089,7.052574269,,-0.585772367,,-6.094030728
31.1,-7.800535128,-15.74267693,6.947483017,,-0.654547898,,-6.157576201
31.2,-7.869420834,-15.73209595,6.84289993,,-0.724363464,,-6.218776723
31.3,-7.938704512,-15.72144191,6.738842473,,-0.795183057,,-6.277614493
31.4,-8.008351276,-15.71070882,6.635328021,,-0.866970369,,-6.334085389
31.5,-8.078326424,-15.69989075,6.532373851,,-0.939688829,,-6.388200984
31.6,-8.148595454,-15.68898186,6.429997131,,-1.013301645,,-6.439990259
31.7,-8.219124092,-15.67797637,6.328214912,,-1.087771834,,-6.489500852
31.8,-8.289878301,-15.66686859,6.227044119,,-1.16306226,,-6.536799685
31.9,-8.360824306,-15.65565291,6.126501539,,-1.239135661,,-6.581972875
32,-8.431928611,-15.64432381,6.026603817,,-1.31595468,,-6.625124879
32.1,-8.503158016,-15.63287586,5.927367441,,-1.393481882,,-6.666376937
32.2,-8.574479636,-15.62130373,5.828808735,,-1.471679781,,-6.705864889
32.3,-8.645860918,-15.60960219,5.730943854,,-1.550510848,,-6.743736556
32.4,-8.717269658,-15.59776612,5.633788768,,-1.629937521,,-6.780148848
32.5,-8.788674018,-15.58579049,5.537359256,,-1.709922209,,-6.815264755
32.6,-8.860042542,-15.5736704,5.441670901,,-1.79042729,,-6.84925037
32.7,-8.931344172,-15.56140108,5.346739074,,-1.871415097,,-6.882272008
32.8,-9.002548264,-15.54897785,5.252578931,,-1.952847901,,-6.914493464
32.9,-9.073624603,-15.53639618,5.159205399,,-2.03468789,,-6.946073444
33,-9.144543415,-15.52365164,5.066633175,,-2.116897124,,-6.977163156
33.1,-9.215275387,-15.51073996,4.97487671,,-2.199437503,,-7.007904116
33.2,-9.285791676,-15.49765698,4.883950205,,-2.282270703,,-7.038426181
33.3,-9.356063923,-15.4843987,4.7938676,,-2.365358118,,-7.068845904
33.4,-9.42606427,-15.47096123,4.704642571,,-2.44866078,,-7.099265247
33.5,-9.495765365,-15.45734087,4.616288515,,-2.532139272,,-7.129770713
33.6,-9.565140382,-15.44353401,4.528818547,,-2.615753629,,-7.16043292
33.7,-9.634163027,-15.42953723,4.442245494,,-2.699463218,,-7.191306581
33.8,-9.702807551,-15.41534724,4.35658188,,-2.783226612,,-7.222430848
33.9,-9.771048762,-15.40096092,4.271839928,,-2.867001446,,-7.253829931
34,-9.838862031,-15.38637528,4.188031546,,-2.950744249,,-7.285513916
34.1,-9.906223307,-15.37158752,4.105168324,,-3.034410272,,-7.317479687
34.2,-9.973109121,-15.35659497,4.023261526,,-3.117953287,,-7.34971191
34.3,-10.0394966,-15.34139514,3.942322081,,-3.201325371,,-7.382184041
34.4,-10.10536346,-15.3259857,3.862360583,,-3.284476669,,-7.414859358
34.5,-10.17068805,-15.31036448,3.783387279,,-3.367355137,,-7.447692
34.6,-10.2354493,-15.29452948,3.705412065,,-3.449906263,,-7.480628037
34.7,-10.2996268,-15.27847886,3.628444482,,-3.532072765,,-7.513606562
34.8,-10.36320074,-15.26221096,3.55249371,,-3.613794268,,-7.54656078
34.9,-10.42615195,-15.24572428,3.477568559,,-3.695006964,,-7.579419083
35,-10.4884619,-15.22901749,3.403677471,,-3.775643244,,-7.612106071
35.1,-10.5501127,-15.21208943,3.33082851,,-3.855631317,,-7.644543501
35.2,-10.61108712,-15.19493913,3.259029358,,-3.934894813,,-7.676651134
35.3,-10.67136857,-15.17756576,3.188287315,,-4.013352374,,-7.708347494
35.4,-10.7309411,-15.15996868,3.118609291,,-4.09091723,,-7.739550529
35.5,-10.78978943,-15.14214742,3.050001803,,-4.167496783,,-7.770178198
35.6,-10.84789894,-15.12410168,2.982470973,,-4.242992185,,-7.800149005
35.7,-10.90525567,-15.10583132,2.916022525,,-4.317297932,,-7.829382488
35.8,-10.96184629,-15.08733639,2.85066178,,-4.390301485,,-7.857799687
35.9,-11.01765818,-15.06861709,2.786393657,,-4.46188292,,-7.885323604
36,-11.07267933,-15.0496738,2.723222668,,-4.531914634,,-7.911879638
36.1,-11.12689842,-15.03050706,2.661152916,,-4.600261121,,-7.937396031
36.2,-11.18030478,-15.01111759,2.600188096,,-4.666778836,,-7.961804304
36.3,-11.23288839,-14.99150625,2.54033149,,-4.731316177,,-7.9850397
36.4,-11.28463988,-14.97167409,2.48158597,,-4.793713601,,-8.007041647
36.5,-11.33555055,-14.95162231,2.423953993,,-4.853803913,,-8.027754249
36.6,-11.38561234,-14.93135227,2.367437606,,-4.911412752,,-8.047126806
36.7,-11.43481782,-14.91086547,2.312038438,,-4.966359304,,-8.065114402
36.8,-11.48316022,-14.89016361,2.257757709,,-5.018457285,,-8.081678544
36.9,-11.53063339,-14.8692485,2.204596222,,-5.06751621,,-8.096787883
37,-11.57723184,-14.84812212,2.152554372,,-5.113343,,-8.110419015
37.1,-11.62295067,-14.8267866,2.101632139,,-5.155743937,,-8.122557355
37.2,-11.66778561,-14.80524421,2.051829095,,-5.194526991,,-8.133198091
37.3,-11.71173304,-14.78349737,2.003144404,,-5.229504521,,-8.142347173
37.4,-11.75478989,-14.76154864,1.955576823,,-5.260496339,,-8.150022299
37.5,-11.79695374,-14.7394007,1.909124705,,-5.287333097,,-8.156253845
37.6,-11.83822274,-14.71705639,1.863786,,-5.309859928,,-8.161085638
37.7,-11.87859563,-14.69451866,1.81955826,,-5.32794025,,-8.164575502
37.8,-11.91807172,-14.67179059,1.776438642,,-5.341459602,,-8.166795471
37.9,-11.95665091,-14.64887541,1.734423908,,-5.350329364,,-8.167831591
38,-11.99433365,-14.62577642,1.693510434,,-5.354490181,,-8.167783248
38.1,-12.03112094,-14.60249709,1.653694207,,-5.353914911,,-8.166762
38.2,-12.06701432,-14.57904096,1.614970837,,-5.348610926,,-8.164889903
38.3,-12.10201588,-14.55541171,1.577335555,,-5.338621594,,-8.162297391
38.4,-12.1361282,-14.53161309,1.54078322,,-5.324026835,,-8.159120771
38.5,-12.16935442,-14.50764899,1.505308324,,-5.304942654,,-8.155499441
38.6,-12.20169814,-14.48352337,1.470904998,,-5.281519653,,-8.151572949
38.7,-12.23316348,-14.45924028,1.437567016,,-5.253940545,,-8.147478007
38.8,-12.26375503,-14.43480388,1.405287802,,-5.222416783,,-8.143345582
38.9,-12.29347784,-14.41021839,1.374060434,,-5.187184458,,-8.139298175
39,-12.32233743,-14.38548812,1.343877652,,-5.148499649,,-8.135447376
39.1,-12.35033978,-14.36061744,1.314731864,,-5.106633468,,-8.131891778
39.2,-12.37749129,-14.33561082,1.286615151,,-5.061867003,,-8.128715311
39.3,-12.40379877,-14.31047277,1.259519277,,-5.014486401,,-8.125986031
39.4,-12.42926946,-14.28520786,1.233435693,,-4.964778268,,-8.123755405
39.5,-12.453911,-14.25982072,1.208355544,,-4.913025548,,-8.12205808
39.6,-12.47773141,-14.23431604,1.184269681,,-4.859503994,,-8.120912144
39.7,-12.50073908,-14.20869855,1.161168662,,-4.804479288,,-8.120319814
39.8,-12.52294278,-14.18297301,1.139042765,,-4.748204844,,-8.120268531
39.9,-12.54435159,-14.15714424,1.117881995,,-4.690920244,,-8.120732365
40,-12.56497497,-14.13121707,1.097676088,,-4.632850291,,-8.121673645
40.1,-12.58482268,-14.10519637,1.078414525,,-4.574204569,,-8.123044744
40.2,-12.60390479,-14.07908703,1.060086538,,-4.515177453,,-8.124789895
40.3,-12.62223167,-14.05289395,1.042681116,,-4.455948455,,-8.126846988
40.4,-12.63981397,-14.02662205,1.026187019,,-4.396682834,,-8.129149246
40.5,-12.65666263,-14.00027627,1.010592782,,-4.337532383,,-8.131626765
40.6,-12.67278882,-13.97386154,0.995886728,,-4.278636334,,-8.13420786
40.7,-12.68820398,-13.94738278,0.982056971,,-4.220122308,,-8.136820228
40.8,-12.70291975,-13.92084493,0.969091434,,-4.162107281,,-8.139391926
40.9,-12.71694803,-13.8942529,0.956977849,,-4.104698534,,-8.141852183
41,-12.7303009,-13.86761161,0.945703774,,-4.04799454,,-8.144132072
41.1,-12.74299063,-13.84092592,0.935256596,,-3.992085804,,-8.146165073
41.2,-12.75502968,-13.81420072,0.925623547,,-3.937055615,,-8.147887533
41.3,-12.76643068,-13.78744082,0.916791707,,-3.882980728,,-8.149239068
41.4,-12.77720642,-13.76065105,0.908748017,,-3.829931952,,-8.150162898
41.5,-12.7873698,-13.73383617,0.901479289,,-3.77797467,,-8.15060616
41.6,-12.79693389,-13.70700092,0.894972215,,-3.727169264,,-8.150520186
41.7,-12.80591186,-13.68014999,0.889213375,,-3.677571481,,-8.149860777
41.8,-12.81431699,-13.65328801,0.88418925,,-3.629232721,,-8.148588483
41.9,-12.82216264,-13.6264196,0.879886228,,-3.582200265,,-8.14666889
42,-12.82946226,-13.59954928,0.876290616,,-3.536517448,,-8.144072927
42.1,-12.83622938,-13.57268155,0.873388649,,-3.492223786,,-8.140777192
42.2,-12.84247757,-13.54582083,0.8711665,,-3.449355056,,-8.136764275
42.3,-12.84822047,-13.51897148,0.869610289,,-3.40794335,,-8.132023081
42.4,-12.85347174,-13.49213781,0.868706092,,-3.368017088,,-8.126549113
42.5,-12.85824506,-13.46532403,0.868439954,,-3.329601022,,-8.120344698
42.6,-12.86255413,-13.43853431,0.868797892,,-3.292716214,,-8.113419117
42.7,-12.86641265,-13.41177274,0.86976591,,-3.257380006,,-8.105788612
42.8,-12.86983434,-13.38504331,0.871330008,,-3.223605984,,-8.097476235
42.9,-12.87283286,-13.35834996,0.873476186,,-3.191403939,,-8.088511512
43,-12.87542187,-13.33169653,0.876190459,,-3.160779838,,-8.078929909
43.1,-12.87761498,-13.30508678,0.879458865,,-3.131735799,,-8.068772088
43.2,-12.87942578,-13.27852441,0.88326747,,-3.104270077,,-8.058082963
43.3,-12.88086776,-13.252013,0.887602381,,-3.078377074,,-8.046910588
43.4,-12.88195439,-13.22555605,0.892449753,,-3.054047362,,-8.035304914
43.5,-12.88269905,-13.19915698,0.897795799,,-3.031267733,,-8.023316497
43.6,-12.88311503,-13.17281912,0.903626796,,-3.010021272,,-8.0109952
43.7,-12.88321553,-13.1465457,0.909929095,,-2.990287452,,-7.998389007
43.8,-12.88301368,-13.12033987,0.916689127,,-2.972042262,,-7.985542984
43.9,-12.88252248,-13.09420466,0.923893417,,-2.955258356,,-7.972498466
44,-12.88175483,-13.06814304,0.931528583,,-2.939905224,,-7.959292504
44.1,-12.88072349,-13.04215787,0.939581351,,-2.925949398,,-7.945957564
44.2,-12.87944112,-13.01625191,0.948038561,,-2.913354659,,-7.932521473
44.3,-12.87792024,-12.99042782,0.956887169,,-2.902082284,,-7.919007578
44.4,-12.87617323,-12.9646882,0.966114261,,-2.892091286,,-7.905435047
44.5,-12.87421232,-12.93903551,0.975707058,,-2.883338681,,-7.891819271
44.6,-12.87204961,-12.91347215,0.985652921,,-2.875779754,,-7.878172322
44.7,-12.86969701,-12.88800041,0.995939358,,-2.869368326,,-7.864503398
44.8,-12.86716631,-12.8626225,1.006554033,,-2.864057025,,-7.850819266
44.9,-12.86446911,-12.83734052,1.017484767,,-2.859797548,,-7.837124652
45,-12.86161684,-12.8121565,1.028719551,,-2.856540919,,-7.823422599
45.1,-12.85862077,-12.78707235,1.040246546,,-2.854237737,,-7.809714783
45.2,-12.85549198,-12.76208993,1.052054089,,-2.852838407,,-7.79600179
45.3,-12.85224139,-12.73721099,1.064130704,,-2.852293364,,-7.782283362
45.4,-12.84887971,-12.71243719,1.076465099,,-2.85255328,,-7.768558614
45.5,-12.84541748,-12.68777012,1.089046177,,-2.853569262,,-7.754826216
45.6,-12.84186503,-12.66321129,1.101863037,,-2.855293027,,-7.741084549
45.7,-12.83823253,-12.6387621,1.114904982,,-2.857677076,,-7.727331823
45.8,-12.83452993,-12.61442392,1.128161519,,-2.860674846,,-7.713566181
45.9,-12.83076699,-12.59019801,1.141622366,,-2.864240856,,-7.699785767
46,-12.82695327,-12.56608556,1.155277456,,-2.868330845,,-7.685988783
46.1,-12.82309814,-12.54208769,1.169116937,,-2.872901892,,-7.672173524
46.2,-12.81921076,-12.51820547,1.183131181,,-2.877912531,,-7.658338414
46.3,-12.81530009,-12.49443988,1.19731078,,-2.883322858,,-7.644482023
46.4,-12.81137488,-12.47079186,1.211646554,,-2.889094621,,-7.63060308
46.5,-12.80744369,-12.44726226,1.226129554,,-2.895191306,,-7.616700486
46.6,-12.80351487,-12.42385189,1.240751059,,-2.901578203,,-7.602773308
46.7,-12.79959657,-12.40056152,1.255502585,,-2.908222465,,-7.588820783
46.8,-12.79569674,-12.37739184,1.270375881,,-2.915093151,,-7.574842302
46.9,-12.79182311,-12.35434352,1.285362933,,-2.922161252,,-7.5608374
47,-12.78798324,-12.33141715,1.300455967,,-2.929399704,,-7.546805744
47.1,-12.78418446,-12.30861332,1.315647449,,-2.936783388,,-7.532747118
47.2,-12.7804339,-12.28593254,1.330930083,,-2.94428911,,-7.518661416
47.3,-12.77673852,-12.26337533,1.346296817,,-2.951895571,,-7.504548628
47.4,-12.77310506,-12.24094213,1.361740839,,-2.959583326,,-7.490408834
47.5,-12.76954007,-12.21863339,1.37725558,,-2.967334722,,-7.476242201
47.6,-12.76604989,-12.19644951,1.392834715,,-2.975133839,,-7.46204897
47.7,-12.7626407,-12.17439089,1.408472157,,-2.982966415,,-7.447829454
47.8,-12.75931847,-12.1524579,1.424162065,,-2.990819761,,-7.433584029
47.9,-12.75608899,-12.13065089,1.439898836,,-2.998682685,,-7.419313127
48,-12.75295785,-12.10897022,1.45567711,,-3.006545398,,-7.405017231
48.1,-12.74993048,-12.08741622,1.471491764,,-3.014399428,,-7.390696867
48.2,-12.74701211,-12.06598922,1.487337916,,-3.022237531,,-7.376352602
48.3,-12.7442078,-12.04468957,1.503210918,,-3.030053606,,-7.361985043
48.4,-12.74152245,-12.0235176,1.51910636,,-3.037842612,,-7.347594833
48.5,-12.73896077,-12.00247365,1.535020064,,-3.045600483,,-7.333182654
48.6,-12.7365273,-11.98155808,1.550948085,,-3.053324055,,-7.318749222
48.7,-12.73422643,-11.96077127,1.566886707,,-3.061010997,,-7.304295288
48.8,-12.73206238,-11.94011358,1.582832441,,-3.068659738,,-7.289821638
48.9,-12.73003921,-11.91958544,1.598782025,,-3.076269415,,-7.275329088
49,-12.72816082,-11.89918725,1.614732416,,-3.083839808,,-7.260818485
49.1,-12.72643098,-11.87891949,1.630680794,,-3.091371295,,-7.246290707
49.2,-12.72485329,-11.85878263,1.646624555,,-3.098864809,,-7.231746661
49.3,-12.72343121,-11.83877719,1.662561308,,-3.106321789,,-7.217187284
49.4,-12.72216807,-11.81890372,1.678488872,,-3.113744153,,-7.202613544
49.5,-12.72106704,-11.79916279,1.694405276,,-3.121134262,,-7.18802644
49.6,-12.72013118,-11.77955505,1.71030875,,-3.128494896,,-7.173427005
49.7,-12.71936341,-11.76008117,1.726197727,,-3.135829224,,-7.158816304
49.8,-12.71876652,-11.74074186,1.742070835,,-3.143140792,,-7.144195436
49.9,-12.71834318,-11.72153788,1.757926894,,-3.1504335,,-7.129565534
50,-12.71809595,-11.70247005,1.773764916,,-3.157711588,,-7.114927761
50.1,-12.71802725,-11.68353925,1.789584096,,-3.164979627,,-7.100283317
50.2,-12.71813942,-11.66474639,1.805383809,,-3.172242504,,-7.085633435
50.3,-12.71843466,-11.64609245,1.82116361,,-3.179505417,,-7.070979382
50.4,-12.7189151,-11.62757847,1.836923225,,-3.186773864,,-7.05632246
50.5,-12.71958273,-11.60920555,1.852662546,,-3.194053641,,-7.041664009
50.6,-12.72043947,-11.59097485,1.868381633,,-3.201350833,,-7.027005403
50.7,-12.72148714,-11.5728876,1.884080702,,-3.208671813,,-7.012348053
50.8,-12.72272746,-11.55494507,1.899760127,,-3.216023234,,-6.99769341
50.9,-12.72416208,-11.53714863,1.91542043,,-3.223412027,,-6.983042957
51,-12.72579255,-11.51949969,1.931062279,,-3.230845398,,-6.968398216
51.1,-12.72762034,-11.50199975,1.946686485,,-3.238330823,,-6.953760742
51.2,-12.72964685,-11.48465035,1.962293995,,-3.245876045,,-6.939132126
51.3,-12.73187341,-11.46745312,1.977885886,,-3.253489068,,-6.924513994
51.4,-12.73430126,-11.45040976,1.993463364,,-3.261178156,,-6.909908002
51.5,-12.73693158,-11.43352203,2.009027756,,-3.268951823,,-6.895315842
51.6,-12.7397655,-11.41679177,2.024580509,,-3.276818832,,-6.880739235
51.7,-12.74280406,-11.40022088,2.040123181,,-3.284788186,,-6.866179932
51.8,-12.74604826,-11.38381133,2.055657438,,-3.292869121,,-6.851639708
51.9,-12.74949903,-11.36756517,2.071185051,,-3.301071101,,-6.837120367
52,-12.75315725,-11.3514845,2.086707889,,-3.309403804,,-6.822623731
52.1,-12.75702376,-11.33557151,2.102227915,,-3.317877119,,-6.808151642
52.2,-12.76109932,-11.31982846,2.117747181,,-3.326501132,,-6.793705955
52.3,-12.76538467,-11.30425764,2.133267825,,-3.335286114,,-6.779288539
52.4,-12.76988048,-11.28886145,2.148792064,,-3.344242511,,-6.764901265
52.5,-12.77458741,-11.27364233,2.164322191,,-3.353380929,,-6.750546009
52.6,-12.77950603,-11.25860279,2.17986057,,-3.362712119,,-6.736224643
52.7,-12.78463692,-11.24374541,2.195409632,,-3.372246964,,-6.721939029
52.8,-12.78998058,-11.22907281,2.210971869,,-3.381996458,,-6.707691015
52.9,-12.79553749,-11.21458768,2.226549833,,-3.391971691,,-6.693482424
53,-12.80130811,-11.20029278,2.242146127,,-3.402183829,,-6.679315053
53.1,-12.80729284,-11.18619091,2.257763404,,-3.412644091,,-6.665190659
53.2,-12.81349206,-11.17228493,2.273404363,,-3.423363731,,-6.651110956
53.3,-12.81990611,-11.15857774,2.289071743,,-3.434354008,,-6.637077602
53.4,-12.82653531,-11.14507229,2.30476832,,-3.445626169,,-6.623092195
53.5,-12.83337994,-11.1317716,2.320496902,,-3.457191417,,-6.60915626
53.6,-12.84044026,-11.11867871,2.336260328,,-3.469060883,,-6.595271239
53.7,-12.84771651,-11.10579671,2.352061461,,-3.481245599,,-6.581438487
53.8,-12.85520887,-11.09312872,2.367903186,,-3.493756466,,-6.567659254
53.9,-12.86291752,-11.0806779,2.383788405,,-3.506604223,,-6.55393468
54,-12.87084261,-11.06844745,2.399720034,,-3.51979941,,-6.540265784
54.1,-12.87898427,-11.0564406,2.415701003,,-3.533352335,,-6.526653453
54.2,-12.88734258,-11.0446606,2.431734247,,-3.547273039,,-6.513098432
54.3,-12.89591763,-11.03311072,2.447822705,,-3.561571257,,-6.499601317
54.4,-12.90470944,-11.02179425,2.463969319,,-3.576256379,,-6.486162544
54.5,-12.91371805,-11.01071452,2.480177029,,-3.591337411,,-6.472782381
54.6,-12.92294344,-10.99987485,2.496448768,,-3.606822936,,-6.459460924
54.7,-12.9323856,-10.98927858,2.512787465,,-3.622721075,,-6.446198085
54.8,-12.94204444,-10.97892906,2.529196036,,-3.639039442,,-6.432993596
54.9,-12.95191991,-10.96882963,2.545677385,,-3.65578511,,-6.419846998
55,-12.96201188,-10.95898365,2.562234402,,-3.672964567,,-6.406757643
55.1,-12.97232022,-10.94939447,2.578869957,,-3.690583678,,-6.393724695
55.2,-12.98284476,-10.94006542,2.595586901,,-3.708647651,,-6.380747132
55.3,-12.99358532,-10.93099984,2.612388064,,-3.727160997,,-6.367823748
55.4,-13.00454168,-10.92220104,2.629276249,,-3.746127499,,-6.354953165
55.5,-13.01571358,-10.91367234,2.646254237,,-3.765550183,,-6.342133839
55.6,-13.02710076,-10.905417,2.663324776,,-3.785431286,,-6.329364072
55.7,-13.03870289,-10.89743829,2.680490589,,-3.805772235,,-6.316642027
55.8,-13.05051965,-10.88973944,2.697754364,,-3.826573629,,-6.303965744
55.9,-13.06255065,-10.88232365,2.715118759,,-3.847835217,,-6.291333159
56,-13.0747955,-10.87519408,2.732586395,,-3.869555894,,-6.278742122
56.1,-13.08725376,-10.86835385,2.750159859,,-3.891733691,,-6.266190418
56.2,-13.09992496,-10.86180606,2.767841702,,-3.914365775,,-6.253675796
56.3,-13.11280858,-10.85555375,2.785634435,,-3.937448455,,-6.241195981
56.4,-13.12590409,-10.8495999,2.803540534,,-3.960977192,,-6.228748707
56.5,-13.13921091,-10.84394747,2.82156243,,-3.984946616,,-6.216331735
56.6,-13.15272841,-10.83859934,2.839702519,,-4.009350545,,-6.203942875
56.7,-13.16645595,-10.83355835,2.857963151,,-4.034182016,,-6.191580005
56.8,-13.18039282,-10.82882726,2.87634664,,-4.059433313,,-6.179241091
56.9,-13.19453828,-10.82440878,2.894855251,,-4.085096007,,-6.166924201
57,-13.20889156,-10.82030556,2.913491213,,-4.111160994,,-6.154627516
57.1,-13.22345183,-10.81652016,2.932256709,,-4.137618543,,-6.142349342
57.2,-13.23821824,-10.8130551,2.951153878,,-4.164458343,,-6.130088112
57.3,-13.25318986,-10.8099128,2.970184818,,-4.191669552,,-6.117842389
57.4,-13.26836576,-10.80709561,2.989351584,,-4.219240851,,-6.105610866
57.5,-13.28374492,-10.8046058,3.008656186,,-4.247160497,,-6.093392358
57.6,-13.2993263,-10.80244556,3.028100593,,-4.275416378,,-6.081185792
57.7,-13.31510881,-10.800617,3.04768673,,-4.303996071,,-6.068990199
57.8,-13.3310913,-10.79912214,3.06741648,,-4.332886887,,-6.056804696
57.9,-13.3472726,-10.79796291,3.087291684,,-4.362075933,,-6.044628473
58,-13.36365145,-10.79714116,3.107314142,,-4.391550161,,-6.032460768
58.1,-13.38022658,-10.79665864,3.127485612,,-4.421296414,,-6.020300855
58.2,-13.39699664,-10.796517,3.147807812,,-4.451301479,,-6.008148017
58.3,-13.41396024,-10.79671782,3.16828242,,-4.481552127,,-5.996001529
58.4,-13.43111595,-10.79726255,3.188911073,,-4.512035159,,-5.983860635
58.5,-13.44846228,-10.79815258,3.209695373,,-4.542737446,,-5.97172453
58.6,-13.46599769,-10.79938917,3.230636882,,-4.573645965,,-5.959592339
58.7,-13.48372058,-10.80097349,3.251737126,,-4.604747833,,-5.947463101
58.8,-13.50162931,-10.80290663,3.272997593,,-4.636030346,,-5.935335747
58.9,-13.51972218,-10.80518954,3.294419739,,-4.667481,,-5.923209095
59,-13.53799745,-10.80782311,3.316004984,,-4.699087528,,-5.911081827
59.1,-13.55645332,-10.8108081,3.337754715,,-4.730837924,,-5.898952482
59.2,-13.57508794,-10.81414517,3.359670288,,-4.762720465,,-5.886819447
59.3,-13.59389941,-10.81783489,3.381753028,,-4.794723741,,-5.874680948
59.4,-13.61288578,-10.82187771,3.404004229,,-4.826836675,,-5.862535044
59.5,-13.63204505,-10.826274,3.426425156,,-4.859048542,,-5.850379625
59.6,-13.65137517,-10.831024,3.449017049,,-4.891348994,,-5.838212407
59.7,-13.67087404,-10.83612787,3.471781119,,-4.923728081,,-5.82603093
59.8,-13.69053951,-10.84158565,3.494718553,,-4.956176266,,-5.813832563
59.9,-13.71036939,-10.8473973,3.517830512,,-4.988684449,,-5.801614501
60,-13.73036144,-10.85356266,3.541118138,,-5.021243981,,-5.789373768
60.1,-13.75051337,-10.86008147,3.564582547,,-5.053846686,,-5.777107222
60.2,-13.77082285,-10.86695339,3.588224838,,-5.086484878,,-5.764811561
60.3,-13.79128751,-10.87417795,3.612046088,,-5.119151374,,-5.752483322
60.4,-13.81190492,-10.88175462,3.636047358,,-5.151839516,,-5.740118894
60.5,-13.83267262,-10.88968274,3.660229691,,-5.184543182,,-5.727714519
60.6,-13.85358813,-10.89796157,3.684594115,,-5.217256803,,-5.7152663
60.7,-13.8746489,-10.90659029,3.709141642,,-5.249975373,,-5.702770209
60.8,-13.89585236,-10.91556796,3.733873272,,-5.282694468,,-5.690222091
60.9,-13.9171959,-10.92489356,3.758789993,,-5.315410251,,-5.677617676
61,-13.93867688,-10.93456601,3.783892782,,-5.348119487,,-5.664952581
61.1,-13.96029262,-10.94458409,3.809182603,,-5.380819548,,-5.65222232
61.2,-13.98204042,-10.95494654,3.834660416,,-5.413508422,,-5.639422311
61.3,-14.00391754,-10.96565199,3.860327169,,-5.446184718,,-5.626547883
61.4,-14.02592123,-10.97669901,3.886183804,,-5.478847673,,-5.61359428
61.5,-14.04804869,-10.98808606,3.91223126,,-5.511497149,,-5.600556675
61.6,-14.07029713,-10.99981157,3.938470468,,-5.544133635,,-5.58743017
61.7,-14.09266373,-11.01187384,3.964902355,,-5.576758248,,-5.574209805
61.8,-14.11514562,-11.02427115,3.991527847,,-5.609372726,,-5.560890567
61.9,-14.13773996,-11.03700166,4.018347865,,-5.641979424,,-5.547467392
62,-14.16044386,-11.05006351,4.045363332,,-5.674581302,,-5.533935174
62.1,-14.18325445,-11.06345474,4.072575167,,-5.707181923,,-5.520288768
62.2,-14.20616883,-11.07717334,4.099984291,,-5.739785429,,-5.506522997
62.3,-14.22918411,-11.09121724,4.127591624,,-5.772396534,,-5.492632661
62.4,-14.25229736,-11.10558431,4.15539809,,-5.805020505,,-5.478612534
62.5,-14.2755057,-11.12027235,4.183404612,,-5.837663137,,-5.464457379
62.6,-14.29880622,-11.13527914,4.211612117,,-5.870330736,,-5.450161944
62.7,-14.32219602,-11.15060239,4.240021534,,-5.903030089,,-5.435720974
62.8,-14.3456722,-11.16623975,4.268633797,,-5.935768438,,-5.42112921
62.9,-14.36923187,-11.18218884,4.297449842,,-5.968553449,,-5.406381397
63,-14.39287217,-11.19844723,4.326470609,,-6.001393176,,-5.391472286
63.1,-14.41659024,-11.21501247,4.355697043,,-6.034296026,,-5.376396637
63.2,-14.44038324,-11.23188203,4.385130094,,-6.067270716,,-5.361149226
63.3,-14.46424834,-11.24905339,4.414770714,,-6.100326236,,-5.345724846
63.4,-14.48818274,-11.26652397,4.444619863,,-6.133471796,,-5.330118311
63.5,-14.51218367,-11.28429117,4.474678504,,-6.166716786,,-5.31432446
63.6,-14.53624839,-11.30235234,4.504947604,,-6.200070714,,-5.298338161
63.7,-14.56037417,-11.32070485,4.535428137,,-6.233543161,,-5.282154314
63.8,-14.58455834,-11.33934599,4.566121078,,-6.26714372,,-5.265767855
63.9,-14.60879824,-11.35827308,4.59702741,,-6.300881936,,-5.249173756
64,-14.63309128,-11.37748338,4.628148118,,-6.334767243,,-5.232367032
64.1,-14.65743487,-11.39697416,4.65948419,,-6.368808904,,-5.215342739
64.2,-14.68182651,-11.41674268,4.691036619,,-6.403015941,,-5.198095979
64.3,-14.70626371,-11.43678615,4.722806401,,-6.437397071,,-5.180621902
64.4,-14.73074404,-11.45710181,4.754794532,,-6.471960631,,-5.162915711
64.5,-14.75526513,-11.47768686,4.787002012,,-6.506714517,,-5.144972662
64.6,-14.77982465,-11.49853853,4.819429843,,-6.541666107,,-5.126788071
64.7,-14.80442033,-11.51965401,4.852079025,,-6.576822198,,-5.108357314
64.8,-14.82904998,-11.5410305,4.884950559,,-6.612188931,,-5.089675829
64.9,-14.85371144,-11.56266521,4.918045447,,-6.647771731,,-5.070739123
65,-14.87840262,-11.58455533,4.951364686,,-6.68357524,,-5.051542768
65.1,-14.90312151,-11.60669806,4.984909274,,-6.719603258,,-5.032082408
65.2,-14.92786615,-11.6290906,5.018680201,,-6.755858685,,-5.012353757
65.3,-14.95263467,-11.65173017,5.052678457,,-6.792343473,,-4.992352607
65.4,-14.97742525,-11.67461399,5.086905024,,-6.829058576,,-4.972074827
65.5,-15.00223616,-11.69773926,5.121360877,,-6.866003919,,-4.951516372
65.6,-15.02706573,-11.72110322,5.156046986,,-6.903178363,,-4.930673283
65.7,-15.05191237,-11.74470311,5.190964309,,-6.940579682,,-4.909541693
65.8,-15.07677459,-11.76853618,5.226113795,,-6.978204556,,-4.888117831
65.9,-15.10165095,-11.79259968,5.261496382,,-7.016048566,,-4.866398023
66,-15.1265401,-11.81689089,5.297112996,,-7.054106201,,-4.844378697
66.1,-15.1514408,-11.84140708,5.332964546,,-7.092370879,,-4.822056381
66.2,-15.17635185,-11.86614556,5.369051929,,-7.130834976,,-4.799427714
66.3,-15.20127217,-11.89110362,5.405376022,,-7.169489866,,-4.776489445
66.4,-15.22620076,-11.9162786,5.441937687,,-7.208325976,,-4.75323844
66.5,-15.25113668,-11.94166782,5.478737763,,-7.247332844,,-4.729671694
66.6,-15.27607912,-11.96726864,5.51577707,,-7.286499194,,-4.705786334
66.7,-15.30102734,-11.99307843,5.553056403,,-7.325813011,,-4.681579627
66.8,-15.32598068,-12.01909455,5.590576533,,-7.365261636,,-4.657048987
66.9,-15.35093858,-12.0453144,5.628338206,,-7.404831852,,-4.63219198
67,-15.37590058,-12.07173539,5.666342139,,-7.44450999,,-4.607006326
67.1,-15.40086629,-12.09835494,5.70458902,,-7.484282027,,-4.581489909
67.2,-15.42583544,-12.12517048,5.743079505,,-7.524133689,,-4.555640777
67.3,-15.45080783,-12.15217946,5.781814218,,-7.56405056,,-4.529457159
67.4,-15.47578336,-12.17937934,5.820793747,,-7.604018181,,-4.50293747
67.5,-15.50076201,-12.2067676,5.860018644,,-7.644022151,,-4.476080328
67.6,-15.52574387,-12.23434172,5.899489425,,-7.684048221,,-4.448884571
67.7,-15.5507291,-12.26209919,5.939206562,,-7.724082386,,-4.421349263
67.8,-15.57571798,-12.29003753,5.979170487,,-7.764110963,,-4.393473711
67.9,-15.60071084,-12.31815425,6.01938159,,-7.804120672,,-4.365257471
68,-15.62570814,-12.34644688,6.059840213,,-7.844098696,,-4.336700354
68.1,-15.65071041,-12.37491296,6.100546652,,-7.88403274,,-4.307802437
68.2,-15.67571825,-12.40355003,6.141501152,,-7.923911082,,-4.278564073
68.3,-15.70073238,-12.43235564,6.182703911,,-7.963722605,,-4.248985907
68.4,-15.72575358,-12.46132735,6.22415507,,-8.003456829,,-4.219068894
68.5,-15.75078273,-12.49046271,6.265854717,,-8.043103931,,-4.188814326
68.6,-15.77582077,-12.51975931,6.307802883,,-8.082654753,,-4.158223852
68.7,-15.80086876,-12.5492147,6.349999543,,-8.122100807,,-4.127299497
68.8,-15.82592779,-12.57882645,6.39244461,,-8.161434269,,-4.096043684
68.9,-15.85099907,-12.60859215,6.435137934,,-8.200647969,,-4.064459235
69,-15.87608387,-12.63850936,6.478079303,,-8.239735373,,-4.032549385
69.1,-15.90118352,-12.66857565,6.52126844,,-8.278690559,,-4.000317785
69.2,-15.92629945,-12.6987886,6.564704999,,-8.317508194,,-3.967768516
69.3,-15.95143313,-12.72914577,6.608388567,,-8.356183503,,-3.934906105
69.4,-15.97658612,-12.75964472,6.652318659,,-8.394712234,,-3.901735553
69.5,-16.00176004,-12.79028302,6.696494718,,-8.433090628,,-3.868262363
69.6,-16.02695657,-12.8210582,6.740916114,,-8.471315382,,-3.834492568
69.7,-16.05217744,-12.85196783,6.78558214,,-8.509383614,,-3.800432751
69.8,-16.07742445,-12.88300944,6.830492012,,-8.547292824,,-3.766090052
69.9,-16.10269945,-12.91418054,6.875644869,,-8.585040865,,-3.731472167
70,-16.12800435,-12.94547867,6.921039766,,-8.622625904,,-3.696587334
70.1,-16.1533411,-12.97690132,6.96667568,,-8.660046388,,-3.661444317
70.2,-16.1787117,-13.00844599,7.012551503,,-8.697301021,,-3.626052401
70.3,-16.20411819,-13.04011017,7.058666042,,-8.734388723,,-3.590421386
70.4,-16.22956265,-13.07189132,7.105018018,,-8.771308612,,-3.554561605
70.5,-16.2550472,-13.10378689,7.151606065,,-8.808059975,,-3.518483934
70.6,-16.28057398,-13.13579434,7.198428728,,-8.844642244,,-3.482199801
70.7,-16.30614519,-13.16791107,7.245484462,,-8.881054976,,-3.445721176
70.8,-16.33176303,-13.20013451,7.292771631,,-8.917297837,,-3.409060536
70.9,-16.35742973,-13.23246204,7.340288506,,-8.953370582,,-3.372230801
71,-16.38314754,-13.26489104,7.388033265,,-8.989273043,,-3.335245252
71.1,-16.40891874,-13.29741886,7.436003991,,-9.025005117,,-3.29811744
71.2,-16.43474559,-13.33004284,7.484198672,,-9.060566758,,-3.260861105
71.3,-16.4606304,-13.36276032,7.532615199,,-9.095957965,,-3.223490106
71.4,-16.48657546,-13.39556858,7.581251367,,-9.131178781,,-3.18601837
71.5,-16.51258306,-13.42846492,7.630104871,,-9.166229288,,-3.148459845
71.6,-16.53865551,-13.46144661,7.679173307,,-9.201109604,,-3.110828441
71.7,-16.56479509,-13.49451088,7.728454173,,-9.235819882,,-3.073137929
71.8,-16.59100408,-13.52765497,7.777944866,,-9.270360315,,-3.035401802
71.9,-16.61728477,-13.56087609,7.827642683,,-9.304731133,,-2.997633081
72,-16.64363939,-13.59417144,7.877544817,,-9.338932614,,-2.959844085
72.1,-16.67007019,-13.62753819,7.927648362,,-9.372965083,,-2.922046203
72.2,-16.69657937,-13.6609735,7.977950309,,-9.406828922,,-2.88424968
72.3,-16.72316912,-13.69447451,8.028447546,,-9.440524574,,-2.846463448
72.4,-16.74984158,-13.72803835,8.079136859,,-9.474052557,,-2.808695007
72.5,-16.77659888,-13.76166212,8.130014932,,-9.507413466,,-2.770950328
72.6,-16.80344309,-13.79534291,8.181078345,,-9.540607986,,-2.733233756
72.7,-16.83037625,-13.82907782,8.232323575,,-9.573636905,,-2.695547872
72.8,-16.85740035,-13.86286391,8.283746998,,-9.606501118,,-2.6578933
72.9,-16.88451734,-13.89669822,8.335344886,,-9.639201642,,-2.620268458
73,-16.91172911,-13.93057781,8.387113409,,-9.671739626,,-2.582669289
73.1,-16.93903748,-13.9644997,8.439048635,,-9.704116364,,-2.545089037
73.2,-16.96644424,-13.99846092,8.491146531,,-9.7363333,,-2.507518107
73.3,-16.9939511,-14.03245848,8.543402963,,-9.768392046,,-2.469944081
73.4,-17.0215597,-14.06648939,8.595813696,,-9.800294387,,-2.432351863
73.5,-17.04927164,-14.10055065,8.648374395,,-9.832042293,,-2.394723939
73.6,-17.0770884,-14.13463925,8.701080627,,-9.863637929,,-2.357040674
73.7,-17.10501143,-14.16875219,8.753927861,,-9.895083662,,-2.319280581
73.8,-17.13304208,-14.20288647,8.806911466,,-9.926382068,,-2.281420503
73.9,-17.16118162,-14.23703908,8.860026719,,-9.957535943,,-2.243435713
74,-17.18943124,-14.27120701,8.913268798,,-9.988548306,,-2.205299985
74.1,-17.21779205,-14.30538726,8.96663279,,-10.0194224,,-2.16698572
74.2,-17.24626506,-14.33957683,9.020113687,,-10.05016171,,-2.12846423
74.3,-17.2748512,-14.37377274,9.073706391,,-10.08076995,,-2.089706227
74.4,-17.30355129,-14.407972,9.127405713,,-10.11125105,,-2.050682518
74.5,-17.33236607,-14.44217165,9.181206378,,-10.14160922,,-2.011364796
74.6,-17.36129618,-14.47636871,9.235103022,,-10.17184885,,-1.971726387
74.7,-17.39034214,-14.51056026,9.289090196,,-10.2019746,,-1.931742799
74.8,-17.4195044,-14.54474335,9.34316237,,-10.23199133,,-1.891391954
74.9,-17.44878328,-14.57891508,9.397313931,,-10.26190413,,-1.850654113
75,-17.47817901,-14.61307256,9.451539187,,-10.29171827,,-1.809511596
75.1,-17.5076917,-14.64721292,9.505832369,,-10.32143927,,-1.767948481
75.2,-17.53732136,-14.6813333,9.560187633,,-10.35107278,,-1.725950497
75.3,-17.56706789,-14.7154309,9.614599062,,-10.38062466,,-1.683505239
75.4,-17.59693107,-14.74950291,9.66906067,,-10.41010092,,-1.640602701
75.5,-17.62691058,-14.78354657,9.7235664,,-10.4395077,,-1.59723599
75.6,-17.65700597,-14.81755915,9.778110134,,-10.46885127,,-1.553401933
75.7,-17.6872167,-14.85153794,9.832685687,,-10.498138,,-1.509101316
75.8,-17.71754208,-14.88548029,9.887286816,,-10.52737435,,-1.464338572
75.9,-17.74798135,-14.91938356,9.94190722,,-10.55656685,,-1.419120913
76,-17.77853359,-14.95324516,9.996540545,,-10.58572205,,-1.373457157
76.1,-17.80919779,-14.98706254,10.05118038,,-10.61484654,,-1.32735661
76.2,-17.83997283,-15.02083319,10.10582028,,-10.64394688,,-1.280828428
76.3,-17.87085744,-15.05455465,10.16045374,,-10.67302963,,-1.233881713
76.4,-17.90185027,-15.0882245,10.21507421,,-10.70210127,,-1.186526347
76.5,-17.93294983,-15.12184036,10.26967512,,-10.73116822,,-1.138774266
76.6,-17.96415454,-15.15539992,10.32424984,,-10.7602368,,-1.090640638
76.7,-17.99546267,-15.18890089,10.37879173,,-10.78931318,,-1.042144398
76.8,-18.02687242,-15.22234106,10.43329412,,-10.81840341,,-0.993307758
76.9,-18.05838183,-15.25571824,10.4877503,,-10.84751337,,-0.944154708
77,-18.08998886,-15.28903034,10.54215354,,-10.87664873,,-0.894708919
77.1,-18.12169136,-15.32227528,10.59649711,,-10.90581496,,-0.844991799
77.2,-18.15348705,-15.35545106,10.65077426,,-10.93501732,,-0.795021458
77.3,-18.18537356,-15.38855573,10.70497821,,-10.96426079,,-0.744813129
77.4,-18.21734841,-15.42158741,10.75910219,,-10.99355011,,-0.694381012
77.5,-18.249409,-15.45454426,10.81313945,,-11.02288975,,-0.643740977
77.6,-18.28155266,-15.48742452,10.86708319,,-11.05228387,,-0.59291309
77.7,-18.31377658,-15.52022647,10.92092667,,-11.08173635,,-0.541922879
77.8,-18.34607789,-15.55294847,10.97466313,,-11.11125075,,-0.490800608
77.9,-18.3784536,-15.58558894,11.02828584,,-11.14083031,,-0.439578574
78,-18.41090062,-15.61814634,11.08178806,,-11.17047796,,-0.38828722
78.1,-18.4434158,-15.65061923,11.13516311,,-11.20019632,,-0.336951499
78.2,-18.47599586,-15.68300621,11.18840432,,-11.22998765,,-0.285589001
78.3,-18.50863747,-15.71530594,11.24150505,,-11.25985392,,-0.23421084
78.4,-18.5413372,-15.74751716,11.29445871,,-11.28979676,,-0.182825325
78.5,-18.57409155,-15.77963866,11.34725873,,-11.3198175,,-0.131443267
78.6,-18.60689692,-15.81166929,11.3998986,,-11.34991712,,-0.080082961
78.7,-18.63974967,-15.84360799,11.45237187,,-11.38009632,,-0.028772733
78.8,-18.67264606,-15.87545372,11.50467212,,-11.41035549,,0.02245036
78.9,-18.7055823,-15.90720555,11.556793,,-11.44069473,,0.073545672
79,-18.73855453,-15.93886258,11.60872824,,-11.47111384,,0.124476403
79.1,-18.77155884,-15.97042397,11.66047162,,-11.50161238,,0.175216579
79.2,-18.80459125,-16.00188897,11.712017,,-11.53218962,,0.225754643
79.3,-18.83764774,-16.03325685,11.76335831,,-11.56284462,,0.276091721
79.4,-18.87072422,-16.06452698,11.81448958,,-11.59357617,,0.326234527
79.5,-18.90381659,-16.09569876,11.86540491,,-11.62438284,,0.376185088
79.6,-18.93692068,-16.12677166,11.9160985,,-11.65526302,,0.4259311
79.7,-18.9700323,-16.15774519,11.96656466,,-11.68621486,,0.475440969
79.8,-19.00314721,-16.18861893,12.01679777,,-11.71723633,,0.52466626
79.9,-19.03626117,-16.21939252,12.06679234,,-11.74832523,,0.57355158
80,-19.06936989,-16.25006563,12.116543,,-11.77947921,,0.622048866
80.1,-19.10246907,-16.28063799,12.16604447,,-11.81069577,,0.67013082
80.2,-19.1355544,-16.3111094,12.2152916,,-11.84197226,,0.717797807
80.3,-19.16862154,-16.34147967,12.26427937,,-11.87330592,,0.765074488
80.4,-19.20166617,-16.37174868,12.31300289,,-11.90469388,,0.811996126
80.5,-19.23468394,-16.40191635,12.3614574,,-11.93613316,,0.85858878
80.6,-19.26767053,-16.43198264,12.40963828,,-11.96762068,,0.904850717
80.7,-19.3006216,-16.46194755,12.45754105,,-11.99915327,,0.950742881
80.8,-19.33353284,-16.49181111,12.50516138,,-12.03072765,,0.996193643
80.9,-19.36639994,-16.52157341,12.55249509,,-12.06234051,,1.041117881
81,-19.39921863,-16.55123455,12.59953816,,-12.09398845,,1.085444512
81.1,-19.43198464,-16.58079468,12.64628672,,-12.12566801,,1.12914233
81.2,-19.46469374,-16.61025396,12.69273707,,-12.15737571,,1.172233211
81.3,-19.49734173,-16.6396126,12.73888569,,-12.18910802,,1.214785489
81.4,-19.52992445,-16.66887082,12.78472922,,-12.22086137,,1.25688745
81.5,-19.56243777,-16.69802887,12.83026447,,-12.25263213,,1.298609099
81.6,-19.59487763,-16.72708703,12.87548844,,-12.28441666,,1.339966383
81.7,-19.62724,-16.75604557,12.92039831,,-12.31621124,,1.380902992
81.8,-19.65952089,-16.78490482,12.96499146,,-12.34801212,,1.421299768
81.9,-19.69171641,-16.81366509,13.00926543,,-12.37981552,,1.461011739
82,-19.72382268,-16.84232672,13.05321799,,-12.41161762,,1.499921386
82.1,-19.75583592,-16.87089005,13.09684708,,-12.44341461,,1.537988427
82.2,-19.78775241,-16.89935544,13.14015086,,-12.47520265,,1.575275071
82.3,-19.81956849,-16.92772324,13.18312767,,-12.50697787,,1.611932818
82.4,-19.85128061,-16.95599382,13.22577609,,-12.5387364,,1.648150854
82.5,-19.88288527,-16.98416755,13.26809487,,-12.57047434,,1.68408191
82.6,-19.91437905,-17.01224478,13.31008301,,-12.60218771,,1.719773078
82.7,-19.94575863,-17.04022588,13.3517397,,-12.6338725,,1.755130876
82.8,-19.97702079,-17.0681112,13.39306435,,-12.66552463,,1.78993992
82.9,-20.00816237,-17.09590111,13.43405659,,-12.69713999,,1.823935134
83,-20.03918035,-17.12359593,13.47471629,,-12.72871443,,1.856905363
83.1,-20.07007176,-17.15119601,13.51504351,,-12.76024378,,1.888790098
83.2,-20.10083377,-17.17870166,13.55503856,,-12.79172387,,1.919728459
83.3,-20.13146364,-17.20611319,13.59470196,,-12.82315051,,1.950033422
83.4,-20.16195873,-17.23343089,13.63403447,,-12.85451947,,1.980091203
83.5,-20.19231652,-17.26065503,13.67303707,,-12.88582648,,2.010216531
83.6,-20.22253458,-17.28778586,13.71171098,,-12.91706715,,2.040517001
83.7,-20.25261062,-17.31482363,13.75005764,,-12.94823701,,2.070823566
83.8,-20.28254245,-17.34176855,13.78807873,,-12.97933149,,2.100725181
83.9,-20.312328,-17.3686208,13.82577615,,-13.01034595,,2.129708396
84,-20.34196531,-17.39538055,13.86315204,,-13.04127571,,2.157359891
84.1,-20.37145254,-17.42204794,13.90020879,,-13.07211607,,2.183558365
84.2,-20.40078798,-17.44862309,13.93694898,,-13.10286232,,2.20857608
84.3,-20.42997003,-17.47510608,13.97337546,,-13.13350975,,2.233035765
84.4,-20.45899722,-17.50149698,14.0094913,,-13.1640536,,2.257719334
84.5,-20.4878682,-17.52779581,14.04529978,,-13.19448902,,2.283283978
84.6,-20.51658173,-17.55400257,14.08080445,,-13.22481102,,2.309986031
84.7,-20.54513671,-17.58011724,14.11600906,,-13.25501445,,2.337523789
84.8,-20.57353217,-17.60613976,14.15091759,,-13.28509401,,2.365078826
84.9,-20.60176722,-17.63207004,14.18553424,,-13.3150443,,2.391568409
85,-20.62984115,-17.65790797,14.21986346,,-13.34485989,,2.416041501
85.1,-20.65775332,-17.68365338,14.2539099,,-13.37453535,,2.438087102
85.2,-20.68550325,-17.7093061,14.28767843,,-13.40406532,,2.458102735
85.3,-20.71309056,-17.73486592,14.32117415,,-13.43344448,,2.477305102
85.4,-20.74051499,-17.7603326,14.35440235,,-13.46266746,,2.497446912
85.5,-20.76777641,-17.78570586,14.38736856,,-13.49172879,,2.520307229
85.6,-20.79487478,-17.8109854,14.4200785,,-13.5206228,,2.547110746
85.7,-20.8218102,-17.83617089,14.45253811,,-13.54934357,,2.578070576
85.8,-20.84858288,-17.86126198,14.48475351,,-13.57788499,,2.612221449
85.9,-20.87519313,-17.88625828,14.51673103,,-13.60624083,,2.647621389
86,-20.90164137,-17.91115937,14.5484772,,-13.63440488,,2.6818782
86.1,-20.92792814,-17.93596481,14.57999873,,-13.66237106,,2.71284424
86.2,-20.95405405,-17.96067415,14.61130252,,-13.69013349,,2.739259226
86.3,-20.98001984,-17.9852869,14.64239564,,-13.71768644,,2.761130427
86.4,-21.00582635,-18.00980255,14.67328534,,-13.74502425,,2.779721465
86.5,-21.03147449,-18.03422056,14.70397905,,-13.77214113,,2.797148405
86.6,-21.05696527,-18.0585404,14.73448436,,-13.79903098,,2.815711731
86.7,-21.08229979,-18.08276149,14.764809,,-13.82568739,,2.837180733
86.8,-21.10747924,-18.10688326,14.79496088,,-13.85210365,,2.862262318
86.9,-21.13250488,-18.1309051,14.82494804,,-13.87827293,,2.890424
87,-21.15737803,-18.15482641,14.85477867,,-13.90418856,,2.920122055
87.1,-21.18210011,-18.17864656,14.88446108,,-13.92984426,,2.949351083
87.2,-21.2066726,-18.20236492,14.91400373,,-13.95523426,,2.976326175
87.3,-21.23109701,-18.22598087,14.94341519,,-13.98035321,,3.000068636
87.4,-21.25537495,-18.24949375,14.97270413,,-14.00519597,,3.020703331
87.5,-21.27950805,-18.27290292,15.00187935,,-14.02975727,,3.039376583
87.6,-21.30349801,-18.29620774,15.03094973,,-14.05403137,,3.057832944
87.7,-21.32734654,-18.31940755,15.05992426,,-14.078012,,3.077802982
87.8,-21.35105543,-18.34250172,15.08881199,,-14.10169239,,3.100414381
87.9,-21.37462647,-18.3654896,15.11762206,,-14.12506569,,3.125825749
88,-21.39806147,-18.38837057,15.14636368,,-14.14812547,,3.153202348
88.1,-21.42136228,-18.41114401,15.17504611,,-14.17086614,,3.181033909
88.2,-21.44453075,-18.43380931,15.20367867,,-14.19328319,,3.20767785
88.3,-21.46756875,-18.45636586,15.23227071,,-14.21537303,,3.231936325
88.4,-21.49047813,-18.4788131,15.26083162,,-14.23713255,,3.253467461
88.5,-21.51326076,-18.50115046,15.28937082,,-14.25855838,,3.272891565
88.6,-21.53591848,-18.52337739,15.31789773,,-14.27964635,,3.291560512
88.7,-21.55845312,-18.54549339,15.34642179,,-14.30039116,,3.311075356
88.8,-21.58086648,-18.56749795,15.37495244,,-14.32078664,,3.332723347
88.9,-21.60316035,-18.5893906,15.40349907,,-14.34082648,,3.357031546
89,-21.62533646,-18.61117091,15.4320711,,-14.36050518,,3.383591785
89.1,-21.64739651,-18.63283847,15.46067788,,-14.37981893,,3.411215906
89.2,-21.66934214,-18.65439289,15.48932874,,-14.39876602,,3.438364671
89.3,-21.69117494,-18.67583383,15.51803293,,-14.41734654,,3.463698416
89.4,-21.71289643,-18.69716098,15.54679968,,-14.43556137,,3.486555641
89.5,-21.73450808,-18.71837407,15.5756381,,-14.45341085,,3.507191452
89.6,-21.75601126,-18.73947286,15.60455726,,-14.47089354,,3.526692232
89.7,-21.77740726,-18.76045717,15.63356612,,-14.48800569,,3.546596509
89.8,-21.79869729,-18.78132682,15.66267352,,-14.50474169,,3.568355121
89.9,-21.81988246,-18.80208173,15.69188823,,-14.52109552,,3.592820385
90,-21.84096377,-18.82272181,15.72121885,,-14.53706264,,3.619944186
90.1,-21.86194212,-18.84324704,15.75067389,,-14.55264176,,3.648791947
90.2,-21.88281828,-18.86365745,15.78026168,,-14.56783555,,3.677868838
90.3,-21.90359291,-18.8839531,15.80999042,,-14.58265004,,3.705645066
90.4,-21.92426652,-18.9041341,15.83986814,,-14.59709256,,3.731097173
90.5,-21.94483951,-18.92420062,15.86990269,,-14.61116903,,3.754076643
90.6,-21.96531212,-18.94415287,15.90010175,,-14.62488151,,3.775377701
90.7,-21.98568444,-18.9639911,15.9304728,,-14.63822718,,3.796481489
90.8,-22.00595641,-18.9837156,15.96102309,,-14.65119924,,3.819066435
90.9,-22.02612781,-19.00332675,15.9917597,,-14.6637898,,3.844454802
91,-22.04619824,-19.02282492,16.02268946,,-14.67599371,,3.873185033
91.1,-22.06616715,-19.04221056,16.05381896,,-14.68781203,,3.904852513
91.2,-22.08603377,-19.06148416,16.08515456,,-14.69925347,,3.938265501
91.3,-22.10579719,-19.08064625,16.11670237,,-14.71033305,,3.971853281
91.4,-22.12545629,-19.09969741,16.14846821,,-14.72106795,,4.004179255
91.5,-22.14500973,-19.11863826,16.18045766,,-14.73147208,,4.034381874
91.6,-22.16445601,-19.13746945,16.212676,,-14.74155118,,4.062399628
91.7,-22.1837934,-19.1561917,16.24512822,,-14.75130075,,4.088918281
91.8,-22.20301995,-19.17480573,16.277819,,-14.76070801,,4.115077763
91.9,-22.22213352,-19.19331231,16.31075274,,-14.76975768,,4.142056354
92,-22.24113172,-19.21171227,16.34393349,,-14.77843984,,4.17068346
92.1,-22.26001196,-19.23000642,16.37736499,,-14.78675672,,4.201210326
92.2,-22.27877139,-19.24819565,16.41105063,,-14.79472566,,4.233302072
92.3,-22.29740696,-19.26628085,16.44499349,,-14.80237621,,4.266231349
92.4,-22.31591536,-19.28426293,16.47919625,,-14.80974186,,4.299184989
92.5,-22.33429303,-19.30214283,16.51366128,,-14.8168489,,4.331563877
92.6,-22.3525362,-19.31992151,16.54839055,,-14.82370668,,4.363170983
92.7,-22.37064082,-19.33759994,16.58338567,,-14.83030349,,4.394233481
92.8,-22.3886026,-19.3551791,16.61864786,,-14.83661065,,4.425270261
92.9,-22.40641699,-19.37265998,16.65417797,,-14.84259433,,4.456870577
93,-22.4240792,-19.39004356,16.68997642,,-14.8482314,,4.489474237
93.1,-22.44158417,-19.40733083,16.72604328,,-14.85352326,,4.523232771
93.2,-22.45892657,-19.42452279,16.76237817,,-14.85850158,,4.557992087
93.3,-22.47610082,-19.4416204,16.79898032,,-14.8632224,,4.593387868
93.4,-22.49310107,-19.45862462,16.83584854,,-14.86774922,,4.629004626
93.5,-22.50992122,-19.47553639,16.8729812,,-14.87213038,,4.664532041
93.6,-22.52655488,-19.49235663,16.91037628,,-14.87637936,,4.69986166
93.7,-22.54299542,-19.50908623,16.94803128,,-14.88046663,,4.735096545
93.8,-22.55923591,-19.52572605,16.9859433,,-14.88432811,,4.770482481
93.9,-22.57526919,-19.5422769,17.02410899,,-14.88788941,,4.806297457
94,-22.5910878,-19.55873954,17.06252455,,-14.891098,,4.842746555
94.1,-22.60668403,-19.57511471,17.10118573,,-14.89395135,,4.879900474
94.2,-22.6220499,-19.59140308,17.14008786,,-14.89650853,,4.91769346
94.3,-22.63717718,-19.60760524,17.17922578,,-14.89887792,,4.95597118
94.4,-22.65205735,-19.62372173,17.21859389,,-14.90118258,,4.994561181
94.5,-22.66668164,-19.63975304,17.25818614,,-14.90351419,,5.033334386
94.6,-22.68104102,-19.65569954,17.29799602,,-14.90589281,,5.072235276
94.7,-22.69512621,-19.67156153,17.33801657,,-14.90825038,,5.111275495
94.8,-22.70892765,-19.68733925,17.37824034,,-14.91044821,,5.150502148
94.9,-22.72243557,-19.7030328,17.41865946,,-14.91232664,,5.189961042
95,-22.7356399,-19.7186422,17.45926558,,-14.91377105,,5.229673336
95.1,-22.74853035,-19.73416736,17.5000499,,-14.91476948,,5.269633726
95.2,-22.7610964,-19.74960808,17.54100315,,-14.91543645,,5.309825123
95.3,-22.77332726,-19.76496403,17.58211561,,-14.91598793,,5.350235586
95.4,-22.78521192,-19.78023476,17.62337711,,-14.91667024,,5.390862718
95.5,-22.79673914,-19.79541968,17.66477703,,-14.91766519,,5.43169882
95.6,-22.80789746,-19.81051807,17.70630428,,-14.91900711,,5.472702801
95.7,-22.81867519,-19.82552906,17.74794736,,-14.92054808,,5.513775428
95.8,-22.82906042,-19.84045163,17.78969428,,-14.92199338,,5.554756987
95.9,-22.83904104,-19.8552846,17.83153265,,-14.92300335,,5.595458502
96,-22.84860474,-19.87002663,17.87344962,,-14.92333004,,5.635721961
96.1,-22.857739,-19.88467622,17.91543192,,-14.92293749,,5.675488349
96.2,-22.86643112,-19.89923168,17.95746584,,-14.92205327,,5.714842939
96.3,-22.8746682,-19.91369114,17.99953727,,-14.92111916,,5.754011051
96.4,-22.88243717,-19.92805257,18.04163165,,-14.92064523,,5.793294853
96.5,-22.88972479,-19.94231372,18.08373405,,-14.92101226,,5.832966966
96.6,-22.89651766,-19.95647214,18.12582911,,-14.9222957,,5.873159383
96.7,-22.90280221,-19.97052522,18.16790109,,-14.92418721,,5.913795841
96.8,-22.90856474,-19.9844701,18.20993383,,-14.92606166,,5.954605706
96.9,-22.9137914,-19.99830372,18.25191082,,-14.92718554,,5.995228965
97,-22.91846821,-20.01202281,18.29381517,,-14.92700425,,6.035384183
97.1,-22.92258105,-20.02562388,18.33562961,,-14.92540306,,6.075039301
97.2,-22.92611572,-20.03910321,18.37733651,,-14.92283097,,6.114513222
97.3,-22.92905789,-20.05245685,18.41891793,,-14.92021413,,6.154452605
97.4,-22.93139313,-20.06568063,18.46035553,,-14.91865948,,6.195670659
97.5,-22.93310694,-20.07877011,18.5016307,,-14.9190343,,6.238889469
97.6,-22.93418472,-20.09172065,18.54272447,,-14.92157167,,6.284473757
97.7,-22.93461182,-20.10452734,18.58361757,,-14.92566583,,6.332261914
97.8,-22.93437352,-20.11718502,18.62429045,,-14.92997241,,6.381577938
97.9,-22.93345507,-20.1296883,18.66472324,,-14.93282545,,6.431448617
98,-22.93184165,-20.14203153,18.70489582,,-14.93285847,,6.480972164
98.1,-22.92951843,-20.1542088,18.7447878,,-14.92961738,,6.529715732
98.2,-22.92647056,-20.16621393,18.78437852,,-14.92391937,,6.577988373
98.3,-22.92268319,-20.17804052,18.82364711,,-14.91777023,,6.626860665
98.4,-22.91814146,-20.18968188,18.86257244,,-14.91379207,,6.677880779
98.5,-22.91283053,-20.20113105,18.90113318,,-14.91429519,,6.732546903
98.6,-22.90673557,-20.21238085,18.93930779,,-14.92028887,,6.79170011
98.7,-22.8998418,-20.22342378,18.97707456,,-14.93080186,,6.855059805
98.8,-22.89213449,-20.23425214,19.01441156,,-14.94283501,,6.921107657
98.9,-22.88359896,-20.24485791,19.05129675,,-14.95209188,,6.987430654
99,-22.87422059,-20.25523284,19.08770791,,-14.95437455,,7.051483047
99.1,-22.86398484,-20.26536841,19.12362267,,-14.94726926,,7.111566221
99.2,-22.85287727,-20.27525584,19.15901859,,-14.93156928,,7.167709451
99.3,-22.84088353,-20.28488609,19.19387306,,-14.91186322,,7.22210824
99.4,-22.8279894,-20.29424985,19.22816344,,-14.89588073,,7.27885998
99.5,-22.81418075,-20.30333758,19.26186696,,-14.89250517,,7.342914743
99.6,-22.79944362,-20.31213947,19.29496081,,-14.9087506,,7.41838589
99.7,-22.78376418,-20.32064545,19.32742215,,-14.94634916,,7.506576144
99.8,-22.76712874,-20.32884522,19.35922807,,-14.99879682,,7.604205858
99.9,-22.7495238,-20.33672822,19.39035567,,-15.04969353,,7.70233799
100,-22.73093603,-20.34428366,19.42078204,,-15.07297722,,7.786369817
,-15.61049326,-15.89154549,11.06303727,,-8.58430479,,-1.229568999
,17.78119074,9.9696098,21.9151243,,20.03210819,,15.95420141
