Var1,Var2_1,Var2_2,Var2_3,Var2_4,Var2_5,Var2_6
1,-19.79794497,-23.10796942,-26.13379634,-26.22962849,-25.06978595,-18.9311765
2,-19.82776467,-23.07801255,-26.10444001,-26.2295199,-25.06978466,-18.93101719
3,-19.85758438,-23.04805568,-26.07508368,-26.2293044,-25.06978209,-18.93070101
4,-19.88740408,-23.01809881,-26.04572735,-26.22898363,-25.06977826,-18.93023041
5,-19.91722379,-22.98814194,-26.01637102,-26.22855923,-25.06977321,-18.92960777
6,-19.94704349,-22.95818507,-25.9870147,-26.2280328,-25.06976693,-18.92883543
7,-19.9768632,-22.95797819,-25.95765837,-26.22740593,-25.06975946,-18.92791573
8,-19.99981219,-23.00476768,-25.92874118,-26.22668015,-25.06972861,-18.92700438
9,-20.01810682,-23.05155717,-25.90641104,-26.22560088,-25.06966758,-18.92627389
10,-20.03640145,-23.09834666,-25.88408091,-26.22390564,-25.06957685,-18.92572148
11,-20.05469608,-23.14513614,-25.86175077,-26.22160395,-25.06945688,-18.92534438
12,-20.07299071,-23.19192563,-25.83942064,-26.21870519,-25.06930811,-18.92513988
13,-20.09128534,-23.24219756,-25.8170905,-26.2152186,-25.06913099,-18.92510532
14,-20.10872688,-23.29347889,-25.79476037,-26.21115327,-25.06885721,-18.92523806
15,-20.12258549,-23.34476022,-25.7729322,-26.20651815,-25.0684229,-18.92497985
16,-20.1364441,-23.39604154,-25.75461778,-26.20132204,-25.06783051,-18.92430201
17,-20.15030271,-23.44732287,-25.73630337,-26.19601204,-25.06708251,-18.92321104
18,-20.16416132,-23.48594421,-25.71798895,-26.19060003,-25.0661813,-18.9217133
19,-20.17801993,-23.45951936,-25.69967454,-26.18508758,-25.06512925,-18.91981511
20,-20.19187853,-23.43309451,-25.68136012,-26.17947625,-25.06395786,-18.91752265
21,-20.20580988,-23.40666967,-25.66304571,-26.17376757,-25.06274836,-18.91485469
22,-20.21976074,-23.38024482,-25.64453337,-26.16796303,-25.06150133,-18.91183514
23,-20.23371159,-23.35381998,-25.62516336,-26.16206413,-25.06021736,-18.90846945
24,-20.24766245,-23.35965112,-25.60579336,-26.15603663,-25.05889702,-18.90476295
25,-20.26161331,-23.39181367,-25.58642336,-26.14984164,-25.05754087,-18.90072093
26,-20.27556417,-23.42397623,-25.56705335,-26.14348176,-25.05614022,-18.89634857
27,-20.28017246,-23.45613878,-25.54768335,-26.13695952,-25.05433547,-18.89165099
28,-20.26983266,-23.48830134,-25.52831334,-26.13027745,-25.05213286,-18.88647259
29,-20.25949285,-23.5204639,-25.50371263,-26.12343802,-25.04953854,-18.8807994
30,-20.24915304,-23.5510899,-25.46341977,-26.11644365,-25.04655858,-18.87463906
31,-20.23881324,-23.5816147,-25.42312691,-26.10929675,-25.04319894,-18.86799912
32,-20.22847343,-23.6121395,-25.38283405,-26.10189286,-25.03946549,-18.86088699
33,-20.21813363,-23.64266429,-25.34254119,-26.09423089,-25.03524965,-18.85330997
34,-20.20867567,-23.67318909,-25.30224833,-26.08631485,-25.03052687,-18.84521725
35,-20.19923501,-23.70471946,-25.26195547,-26.07814867,-25.02530498,-18.83651047
36,-20.18979435,-23.73833034,-25.2228314,-26.0697362,-25.01959171,-18.82719914
37,-20.18035369,-23.77194121,-25.18627867,-26.06108127,-25.01339466,-18.81729259
38,-20.17091303,-23.80555209,-25.14972594,-26.05218761,-25.0067213,-18.80680003
39,-20.16147237,-23.83916296,-25.11317321,-26.04300488,-24.99975214,-18.79573054
40,-20.14600536,-23.87277384,-25.07662048,-26.03346975,-24.99264072,-18.78409302
41,-20.12611903,-23.90498618,-25.04006774,-26.02358767,-24.98538925,-18.77209138
42,-20.10623269,-23.93663689,-25.00351501,-26.01336401,-24.97799988,-18.75977307
43,-20.08634635,-23.96828761,-24.96856848,-26.00280404,-24.97047476,-18.74714298
44,-20.06646001,-23.99993833,-24.93629896,-25.99191298,-24.96281598,-18.73420593
45,-20.04657368,-24.03158905,-24.90402943,-25.98069594,-24.95480232,-18.72096668
46,-20.02574714,-24.06151131,-24.8717599,-25.96915796,-24.94590243,-18.70742989
47,-20.00042853,-24.07606949,-24.83949037,-25.95722316,-24.93613001,-18.69360155
48,-19.97510993,-24.09062768,-24.80722085,-25.94489182,-24.92549855,-18.67948953
49,-19.94979132,-24.10518586,-24.77495132,-25.93217006,-24.91402135,-18.66509821
50,-19.92447271,-24.11974405,-24.73318551,-25.91906392,-24.90171147,-18.65043191
51,-19.89915411,-24.13430223,-24.67921021,-25.90557935,-24.8885743,-18.63549488
52,-19.8738355,-24.12625686,-24.62523491,-25.8917222,-24.87448005,-18.6202913
53,-19.85007154,-24.09456868,-24.57125961,-25.87749824,-24.85944352,-18.6048253
54,-19.82677397,-24.06288049,-24.5172843,-25.86283731,-24.84347928,-18.58884534
55,-19.80347641,-24.03119231,-24.463309,-25.84764191,-24.82660169,-18.57228071
56,-19.78017884,-23.99950413,-24.4093337,-25.83192033,-24.80882487,-18.55514045
57,-19.75688127,-23.96781595,-24.31560783,-25.81568069,-24.79016272,-18.53743347
58,-19.73358371,-23.90319606,-24.18213139,-25.798931,-24.7705477,-18.51916852
59,-19.71214354,-23.83393195,-24.04865495,-25.78167916,-24.74997501,-18.50035425
60,-19.69392937,-23.76466784,-23.91517851,-25.76393292,-24.72845948,-18.48095986
61,-19.6757152,-23.69540373,-23.78170207,-25.74569994,-24.70601569,-18.46086665
62,-19.65750103,-23.62613963,-23.64822563,-25.72680926,-24.68265798,-18.44008544
63,-19.63928686,-23.57208291,-23.51474919,-25.70725334,-24.65840049,-18.41862685
64,-19.62107269,-23.56041276,-23.39935527,-25.68704248,-24.63312155,-18.39650137
65,-19.60285852,-23.54874262,-23.29802553,-25.6661868,-24.6067315,-18.3737193
66,-19.56093898,-23.53707247,-23.1966958,-25.64469628,-24.57924752,-18.35029081
67,-19.51807121,-23.52540232,-23.09536606,-25.62258073,-24.55068654,-18.32604425
68,-19.47520345,-23.51373217,-22.99403632,-25.59984982,-24.5210652,-18.30091658
69,-19.43233569,-23.51057262,-22.89270658,-25.57627127,-24.4903999,-18.27492143
70,-19.38946792,-23.51196184,-22.79137685,-25.5514932,-24.45869963,-18.24807222
71,-19.34660016,-23.51335106,-22.72284209,-25.52553415,-24.42596506,-18.22038216
72,-19.30177954,-23.51474028,-22.67398433,-25.49841241,-24.39221221,-18.19186424
73,-19.25541009,-23.51612949,-22.62512656,-25.47014594,-24.3574568,-18.16248218
74,-19.20904064,-23.51657832,-22.5762688,-25.44075245,-24.32171436,-18.13202024
75,-19.1626712,-23.49405474,-22.52741103,-25.41024937,-24.28500014,-18.10049512
76,-19.11630175,-23.47153117,-22.47855327,-25.37865386,-24.2473233,-18.06792326
77,-19.0699323,-23.44900759,-22.4296955,-25.34590207,-24.20862626,-18.03432085
78,-19.03370102,-23.42648401,-22.36423714,-25.31200162,-24.16892481,-17.99970383
79,-19.05322962,-23.40396044,-22.29123306,-25.27697027,-24.12823447,-17.96408789
80,-19.07275823,-23.380398,-22.21822898,-25.24082552,-24.08657054,-17.92725593
81,-19.09228684,-23.3554413,-22.14522489,-25.20358458,-24.04394807,-17.88909991
82,-19.11181544,-23.3304846,-22.07222081,-25.16526441,-24.0003819,-17.84964032
83,-19.13134405,-23.3055279,-21.99921672,-25.12588169,-23.95588702,-17.80889731
84,-19.15087266,-23.2805712,-21.92621264,-25.08544985,-23.91047787,-17.76689073
85,-19.1526027,-23.2556145,-21.8573086,-25.0439801,-23.86416861,-17.72364013
86,-19.1483999,-23.19356788,-21.78977123,-25.00148849,-23.81697314,-17.67913236
87,-19.14419709,-23.12308011,-21.72223387,-24.95799083,-23.76890517,-17.63314407
88,-19.13999428,-23.05259235,-21.65469651,-24.91350267,-23.71997821,-17.58569816
89,-19.13579147,-22.98210458,-21.58715915,-24.86803934,-23.67021938,-17.53681716
90,-19.13158867,-22.91161681,-21.51962178,-24.82161591,-23.61965128,-17.48652328
91,-19.10082637,-22.84608473,-21.45208442,-24.77424723,-23.56828643,-17.43483837
92,-19.01989613,-22.80010011,-21.37924371,-24.72573228,-23.51613714,-17.38178393
93,-18.9389659,-22.75411548,-21.30517914,-24.67605504,-23.46321556,-17.32712683
94,-18.85803567,-22.70813085,-21.23111458,-24.62523347,-23.40953362,-17.27071383
95,-18.77710544,-22.66214622,-21.15705002,-24.57328527,-23.35505057,-17.2125721
96,-18.6961752,-22.61616159,-21.08298545,-24.52022787,-23.29967855,-17.15272836
97,-18.61524497,-22.54004292,-21.00892089,-24.46607842,-23.24343131,-17.09120893
98,-18.5070428,-22.44297391,-20.93485632,-24.41085381,-23.18632239,-17.02803974
99,-18.39717093,-22.3459049,-20.8576485,-24.35460414,-23.12836511,-16.9632438
100,-18.28729905,-22.24883589,-20.77999164,-24.29740651,-23.06957259,-16.89680633
101,-18.17742717,-22.15176688,-20.70233478,-24.23927556,-23.00996033,-16.82875274
102,-18.06755529,-22.05469787,-20.62467792,-24.18022575,-22.94956429,-16.759108
103,-17.95768341,-21.99542516,-20.54702106,-24.12027127,-22.8883966,-16.68789673
104,-17.84663926,-21.93702133,-20.4693642,-24.05942612,-22.82646918,-16.61514315
105,-17.73459029,-21.8786175,-20.39170734,-23.99770407,-22.76379379,-16.54087111
106,-17.62254133,-21.82021367,-20.30167923,-23.93511868,-22.70038199,-16.46507982
107,-17.51049237,-21.76180984,-20.21082636,-23.8716595,-22.63624518,-16.38777118
108,-17.39844341,-21.70009529,-20.11997349,-23.80733555,-22.57133069,-16.30896867
109,-17.28639445,-21.63262516,-20.02912062,-23.74216022,-22.50563985,-16.22869537
110,-17.17392754,-21.56515503,-19.93826776,-23.67614667,-22.43918465,-16.14697404
111,-17.05877386,-21.4976849,-19.84741489,-23.60930786,-22.37197691,-16.06382707
112,-16.94362018,-21.43021477,-19.75656202,-23.54165656,-22.30402828,-15.9792765
113,-16.8284665,-21.36274464,-19.64380225,-23.47320534,-22.23535021,-15.8932796
114,-16.71331282,-21.28109969,-19.53104249,-23.40397867,-22.16605072,-15.80585871
115,-16.59815914,-21.19480033,-19.41828272,-23.33401303,-22.09620064,-15.71703587
116,-16.48300547,-21.10850097,-19.30552295,-23.26331987,-22.02580847,-15.62683275
117,-16.36584913,-21.02220161,-19.19276318,-23.19191042,-21.95488261,-15.5352707
118,-16.24795498,-20.93590225,-19.08000342,-23.11979577,-21.88343129,-15.44237074
119,-16.13006083,-20.8430558,-18.96763474,-23.04698683,-21.81146266,-15.34812193
120,-16.01216668,-20.71014116,-18.86113235,-22.97349432,-21.73893824,-15.25250952
121,-15.89427253,-20.57722653,-18.75462996,-22.89932882,-21.66578708,-15.15555461
122,-15.77637838,-20.4443119,-18.64812757,-22.82449526,-21.59201888,-15.05727797
123,-15.65389215,-20.31139726,-18.54162519,-22.74900274,-21.51764318,-14.95770002
124,-15.52195166,-20.17848263,-18.4351228,-22.67286146,-21.44266936,-14.8568409
125,-15.39001117,-20.0671897,-18.32862041,-22.59608146,-21.3671067,-14.75472043
126,-15.25807067,-19.97521829,-18.22010631,-22.51867262,-21.29094129,-14.65141259
127,-15.12613018,-19.88324689,-18.09751015,-22.44064465,-21.21402158,-14.54693915
128,-14.99418969,-19.79127548,-17.974914,-22.36200713,-21.13635923,-14.44131815
129,-14.86224919,-19.69930408,-17.85231784,-22.28279365,-21.05796573,-14.33456733
130,-14.72656169,-19.60733267,-17.72972169,-22.20306727,-20.97885238,-14.22670416
131,-14.59056194,-19.47224306,-17.60712554,-22.12283595,-20.89903031,-14.11774584
132,-14.45456219,-19.33318552,-17.48452938,-22.04210748,-20.81851049,-14.00771098
133,-14.31856243,-19.19412797,-17.359067,-21.96088956,-20.7371865,-13.89661862
134,-14.18256268,-19.05507043,-17.22118428,-21.87918976,-20.65505499,-13.7844851
135,-14.04656293,-18.91601288,-17.08330157,-21.79701552,-20.57212846,-13.67132654
136,-13.91368406,-18.79196576,-16.94541885,-21.71437419,-20.48841918,-13.55715877
137,-13.78369489,-18.70238704,-16.80753613,-21.63134642,-20.40393928,-13.44199741
138,-13.65370573,-18.61280831,-16.66965342,-21.5479569,-20.31870066,-13.32585783
139,-13.52371657,-18.52322958,-16.5317707,-21.46421121,-20.23252737,-13.20875413
140,-13.3937274,-18.43365086,-16.38943297,-21.38011487,-20.14532716,-13.09070107
141,-13.26373824,-18.34407213,-16.23373019,-21.2956733,-20.05711589,-12.97171335
142,-13.13471842,-18.24011129,-16.07802741,-21.21089183,-19.96790921,-12.85180542
143,-13.01313023,-18.12971941,-15.92232463,-21.12577573,-19.87772251,-12.7309915
144,-12.89154203,-18.01932754,-15.76662185,-21.04036542,-19.78657095,-12.60928561
145,-12.76995384,-17.90893566,-15.61091907,-20.95475357,-19.69442522,-12.48667588
146,-12.64836565,-17.79854379,-15.45521629,-20.86894329,-19.60123264,-12.36312924
147,-12.52677746,-17.68777229,-15.29127878,-20.78293765,-19.50700938,-12.23866016
148,-12.40518927,-17.57255379,-15.10922486,-20.69673968,-19.41177139,-12.11328292
149,-12.28565448,-17.45733529,-14.92717095,-20.61035235,-19.31553435,-11.98701157
150,-12.16695215,-17.34211679,-14.74511703,-20.52377858,-19.21831373,-11.85985992
151,-12.04824983,-17.22689829,-14.56306312,-20.43702127,-19.12007365,-11.73184159
152,-11.9295475,-17.11167979,-14.3810092,-20.34993231,-19.02054039,-11.60284456
153,-11.81084518,-16.99252096,-14.19895529,-20.26247287,-18.91973397,-11.47285708
154,-11.69214285,-16.86885211,-14.00802503,-20.17464868,-18.81767406,-11.34189447
155,-11.57286973,-16.74518326,-13.80230086,-20.08646539,-18.71438005,-11.20997181
156,-11.4523123,-16.6215144,-13.59657669,-19.99792854,-18.60987104,-11.07710394
157,-11.33175488,-16.49784555,-13.39085252,-19.90904361,-18.5041658,-10.94330549
158,-11.21119746,-16.3741767,-13.18512835,-19.81981597,-18.39701823,-10.80874169
159,-11.09064004,-16.21731028,-12.97940418,-19.73028292,-18.28842325,-10.67378645
160,-10.97008262,-16.05476533,-12.77368001,-19.64053876,-18.17840326,-10.53844582
161,-10.8495252,-15.89222038,-12.57163577,-19.55058675,-18.06698028,-10.40272575
162,-10.72282873,-15.72967543,-12.37432287,-19.4604301,-17.95417601,-10.26663211
163,-10.59547916,-15.56713048,-12.17700998,-19.37007199,-17.84001182,-10.13017068
164,-10.4681296,-15.41849813,-11.97969709,-19.27951552,-17.72431052,-9.993347151
165,-10.34078004,-15.31354485,-11.78238419,-19.18876377,-17.60699491,-9.855516289
166,-10.21343048,-15.20859158,-11.5850713,-19.09781975,-17.48808993,-9.716493419
167,-10.08608092,-15.10363831,-11.38775841,-19.00670796,-17.36762019,-9.576296975
168,-9.954313131,-14.99868503,-11.18783351,-18.91543809,-17.24560987,-9.434945107
169,-9.818127119,-14.89373176,-10.9852966,-18.82401258,-17.1220828,-9.292455682
170,-9.681941107,-14.78117825,-10.78275969,-18.73243384,-16.996982,-9.148846294
171,-9.545755095,-14.66414604,-10.58022278,-18.64070425,-16.87022016,-9.004138215
172,-9.409569083,-14.54711383,-10.37768587,-18.54882613,-16.74182297,-8.858361278
173,-9.273383072,-14.43008162,-10.17514896,-18.45680179,-16.61181571,-8.711532013
174,-9.135871498,-14.3130494,-9.972612055,-18.36461894,-16.48022329,-8.563666695
175,-8.985899643,-14.19574526,-9.774005545,-18.27223416,-16.34707023,-8.414781347
176,-8.835927789,-14.06257843,-9.578456012,-18.17965057,-16.2123197,-8.264891742
177,-8.685955934,-13.92941161,-9.382906479,-18.08687125,-16.07570905,-8.114013412
178,-8.53598408,-13.79624478,-9.187356945,-17.99389922,-15.93726707,-7.961729292
179,-8.386012225,-13.66307796,-8.991807412,-17.90073747,-15.79702205,-7.807880973
180,-8.23604037,-13.52991113,-8.796257879,-17.80738893,-15.65500191,-7.652492645
181,-8.07551029,-13.38673012,-8.600708345,-17.71385648,-15.51123407,-7.495588125
182,-7.910287664,-13.228806,-8.429614348,-17.61969908,-15.36574558,-7.337190861
183,-7.745065039,-13.07088188,-8.273193672,-17.52476166,-15.2178878,-7.177323939
184,-7.579842414,-12.91295776,-8.116772997,-17.42905627,-15.06764755,-7.015919308
185,-7.414619788,-12.75503363,-7.960352321,-17.3325948,-14.91506165,-6.85257712
186,-7.249397163,-12.59710951,-7.803931646,-17.23538893,-14.76016639,-6.687327339
187,-7.08118527,-12.43123271,-7.64751097,-17.13745018,-14.60299748,-6.520199467
188,-6.905599849,-12.26326902,-7.491090294,-17.03878989,-14.44359008,-6.351222547
189,-6.730014429,-12.09530534,-7.348572495,-16.93954048,-14.2818924,-6.180425176
190,-6.554429009,-11.92734166,-7.212374184,-16.84014598,-14.11790058,-6.007835507
191,-6.378843589,-11.75937798,-7.076175873,-16.74060865,-13.95165011,-5.833185408
192,-6.203258168,-11.58835717,-6.939977562,-16.64093069,-13.78317591,-5.656345371
193,-6.027672748,-11.40338822,-6.803779251,-16.54111428,-13.61251237,-5.477349263
194,-5.814612541,-11.21841927,-6.66758094,-16.44116155,-13.43969336,-5.296230428
195,-5.596664319,-11.03345033,-6.531382629,-16.34107461,-13.26471085,-5.113021694
196,-5.378716096,-10.84848138,-6.43917854,-16.24085554,-13.08754646,-4.927755381
197,-5.160767874,-10.66351243,-6.361639192,-16.13989815,-12.90823394,-4.740414462
198,-4.942819651,-10.45860877,-6.284099844,-16.03796149,-12.72680652,-4.550664657
199,-4.724871429,-10.23850735,-6.206560496,-15.9350607,-12.54329689,-4.35854322
200,-4.502631494,-10.01840593,-6.129021148,-15.8312107,-12.35773726,-4.164086827
201,-4.275756511,-9.798304518,-6.0514818,-15.72642617,-12.17011642,-3.96733159
202,-4.048881528,-9.578203101,-5.973942452,-15.62072156,-11.98029464,-3.768313059
203,-3.822006545,-9.358101685,-5.975565523,-15.51411109,-11.78830594,-3.567066238
204,-3.595131563,-9.123226084,-5.995456846,-15.40652718,-11.59418384,-3.363418723
205,-3.36825658,-8.887655228,-6.015348168,-15.297649,-11.39796134,-3.157262838
206,-3.144048307,-8.652084371,-6.03523949,-15.18749658,-11.1996709,-2.948637375
207,-2.951840554,-8.416513515,-6.055130812,-15.07608963,-10.99934453,-2.737580526
208,-2.759632802,-8.180942658,-6.075022135,-14.96344754,-10.79697393,-2.524129893
209,-2.567425049,-7.948855906,-6.094913457,-14.84958942,-10.59258891,-2.308322495
210,-2.375217297,-7.723451778,-6.176631529,-14.73453407,-10.38622061,-2.090184159
211,-2.183009544,-7.49804765,-6.267181994,-14.61830001,-10.17789971,-1.869580976
212,-1.990801791,-7.272643522,-6.35773246,-14.50146308,-9.967656409,-1.646551067
213,-1.757706866,-7.047239394,-6.448282925,-14.38428994,-9.755520431,-1.421131961
214,-1.504752456,-6.821835266,-6.53883339,-14.26678581,-9.541876377,-1.193360606
215,-1.251798047,-6.536987485,-6.629383855,-14.14895581,-9.326890946,-0.963273381
216,-0.998843637,-6.230191278,-6.719934321,-14.03080496,-9.110584884,-0.7309061
217,-0.745889227,-5.923395071,-6.847322269,-13.91233824,-8.892978614,-0.496178082
218,-0.492934818,-5.616598864,-6.977166049,-13.79356052,-8.674092243,-0.259022775
219,-0.247426211,-5.309802657,-7.107009829,-13.67438114,-8.453945569,-0.019477719
220,-0.02212764,-5.010715389,-7.23685361,-13.55434966,-8.232486334,0.22242013
221,0.203170932,-4.769261617,-7.36669739,-13.43347926,-8.009653521,0.466634385
222,0.428469503,-4.527807846,-7.49654117,-13.3117829,-7.785468373,0.713129223
223,0.653768074,-4.286354074,-7.62638495,-13.18927337,-7.559951805,0.961869375
224,0.879066645,-4.044900302,-7.811937964,-13.06596324,-7.333124406,1.212472308
225,1.104365217,-3.80344653,-7.997490978,-12.94186489,-7.105006448,1.464909215
226,1.335952973,-3.537832181,-8.183043992,-12.81699051,-6.875726589,1.719151732
227,1.568519047,-3.248594157,-8.368597005,-12.69122996,-6.645677204,1.975171937
228,1.801085121,-2.959356133,-8.554150019,-12.5645345,-6.414870194,2.232942336
229,2.033651194,-2.670118109,-8.739703033,-12.43691858,-6.183317275,2.492435863
230,2.266217268,-2.380880085,-8.925984876,-12.30839644,-5.951029984,2.753160789
231,2.498783342,-2.09164206,-9.123199162,-12.17898209,-5.718019676,3.014574853
232,2.713767107,-1.856975576,-9.320413448,-12.04868933,-5.484297534,3.276667397
233,2.908238178,-1.628830219,-9.517627735,-11.91753175,-5.251723383,3.53942793
234,3.102709249,-1.400684863,-9.714842021,-11.78552406,-5.020314797,3.80284612
235,3.29718032,-1.172539506,-9.912056307,-11.65268708,-4.790053751,4.066911796
236,3.491651391,-0.944394149,-10.10927059,-11.51903361,-4.560922498,4.331614946
237,3.686122462,-0.740655002,-10.31031618,-11.38457629,-4.332903566,4.595253293
238,3.87650863,-0.599395754,-10.53818083,-11.24932756,-4.105979752,4.857737529
239,4.00017471,-0.458136505,-10.76604549,-11.11329964,-3.88124905,5.119085501
240,4.12384079,-0.316877256,-10.99391015,-10.97650459,-3.65907438,5.379314783
241,4.24750687,-0.175618007,-11.22177481,-10.83895428,-3.439416215,5.638442674
242,4.37117295,-0.034358759,-11.44963947,-10.70085671,-3.222235637,5.896486208
243,4.49483903,0.076158076,-11.67750413,-10.56233124,-3.007494329,6.152659505
244,4.61850511,0.171432874,-11.8922247,-10.42338447,-2.795154567,6.405844849
245,4.691795723,0.266707671,-12.04998758,-10.28402292,-2.586441022,6.656088447
246,4.738416972,0.361982469,-12.20775046,-10.14425301,-2.382591367,6.903435795
247,4.785038221,0.457257266,-12.36551334,-10.00408105,-2.183530381,7.147931682
248,4.83165947,0.544702768,-12.52327622,-9.863513258,-1.989184008,7.389620206
249,4.878280718,0.500616112,-12.68103909,-9.722584086,-1.799479336,7.628544785
250,4.924901967,0.456529455,-12.83880197,-9.581492432,-1.61434458,7.861649275
251,4.952382541,0.412442798,-12.99986074,-9.440240808,-1.434203869,8.0886105
252,4.922441093,0.368356141,-13.17080719,-9.298831688,-1.260464371,8.309523465
253,4.892499645,0.324269485,-13.34175364,-9.157267508,-1.093027094,8.524481708
254,4.862558197,0.253102998,-13.51270009,-9.015550665,-0.931794571,8.733577319
255,4.832616749,0.148001028,-13.68364654,-8.873683521,-0.776670846,8.936900962
256,4.8026753,0.042899058,-13.85459299,-8.731668401,-0.627561448,9.134396496
257,4.772733852,-0.062202912,-14.02553944,-8.589887959,-0.484391043,9.325887475
258,4.700469075,-0.167304881,-14.18758572,-8.448575136,-0.349878962,9.511466759
259,4.620509147,-0.272406851,-14.33005163,-8.307722701,-0.223891302,9.691225773
260,4.540549219,-0.45386622,-14.47251754,-8.167323533,-0.106296234,9.865254527
261,4.460589291,-0.65080344,-14.61498345,-8.027370624,0.003036034,10.03364164
262,4.380629363,-0.847740659,-14.75744936,-7.887857071,0.104233287,10.19647436
263,4.300669435,-1.044677879,-14.89991527,-7.748776079,0.197421333,10.35060478
264,4.201142399,-1.241615099,-15.04238118,-7.610086348,0.282087279,10.49547451
265,4.07694379,-1.435254957,-15.19015653,-7.471487622,0.358164585,10.63122677
266,3.952745181,-1.617142682,-15.34678096,-7.332978494,0.425786074,10.75800256
267,3.828546572,-1.799030406,-15.50340539,-7.194557579,0.485082517,10.87594071
268,3.704347963,-1.98091813,-15.66002981,-7.056223511,0.53618266,10.98517789
269,3.580149355,-2.162805854,-15.81665424,-6.917974949,0.579213259,11.08570028
270,3.452435719,-2.344693578,-15.97327867,-6.779810569,0.614927054,11.17728656
271,3.236846423,-2.571247284,-16.1299031,-6.64172907,0.644019747,11.26007493
272,3.021257127,-2.826751164,-16.25799768,-6.504491106,0.666593734,11.33420145
273,2.805667831,-3.082255043,-16.34941102,-6.368604447,0.682749828,11.39980006
274,2.590078535,-3.337758922,-16.44082436,-6.234048197,0.692587281,11.45700267
275,2.374489239,-3.593262802,-16.5322377,-6.100801781,0.696203812,11.5059391
276,2.158899943,-3.848766681,-16.62365104,-5.968844941,0.693841235,11.54744617
277,1.969268246,-4.11320664,-16.71506438,-5.838157734,0.685975892,11.5818569
278,1.794581834,-4.377697085,-16.80647772,-5.708720526,0.672692883,11.60928105
279,1.619895421,-4.64218753,-16.88011833,-5.580402005,0.654075994,11.62982665
280,1.445209008,-4.906677976,-16.9359862,-5.451942905,0.630207713,11.6436001
281,1.270522595,-5.171168421,-16.99185407,-5.323345401,0.601169253,11.65070611
282,1.095836183,-5.409692644,-17.04772194,-5.194611633,0.56702802,11.65129154
283,0.90184437,-5.606212685,-17.10358981,-5.065743708,0.527473877,11.64559933
284,0.643501226,-5.802732726,-17.15945768,-4.936743702,0.482590535,11.63372659
285,0.385158082,-5.999252767,-17.21532555,-4.807613656,0.43246041,11.61576889
286,0.126814937,-6.195772808,-17.2465155,-4.678355582,0.377164642,11.59182033
287,-0.131528207,-6.392292849,-17.25851152,-4.551316774,0.316783121,11.56197357
288,-0.389871351,-6.61786781,-17.27050753,-4.428221897,0.251394496,11.52631981
289,-0.648214496,-6.85213804,-17.28250354,-4.309009958,0.183115881,11.4827346
290,-0.885600756,-7.086408269,-17.29449956,-4.193620908,0.112542359,11.43041796
291,-1.118600692,-7.320678499,-17.30649557,-4.081995624,0.039709421,11.36950494
292,-1.351600628,-7.554948728,-17.31849159,-3.974075901,-0.035347991,11.30012849
293,-1.584600564,-7.780912715,-17.31261411,-3.869804431,-0.112595476,11.22241947
294,-1.8176005,-7.962378969,-17.29601254,-3.769222886,-0.191999164,11.13650677
295,-2.050600436,-8.143845223,-17.27941096,-3.673806887,-0.273800783,11.042657
296,-2.29103197,-8.325311477,-17.26280939,-3.583476549,-0.358194059,10.94164511
297,-2.541597502,-8.506777731,-17.24620782,-3.49815322,-0.445138912,10.83358185
298,-2.792163034,-8.688243985,-17.22960625,-3.417759469,-0.534595882,10.71857629
299,-3.042728567,-8.861303725,-17.21300467,-3.342219058,-0.626526119,10.59673577
300,-3.293294099,-9.027343591,-17.19200085,-3.271456931,-0.720891374,10.46816601
301,-3.543859631,-9.193383458,-17.168996,-3.205399192,-0.817564321,10.33297107
302,-3.793844399,-9.359423324,-17.14599115,-3.144432292,-0.916300046,10.19319805
303,-4.014210168,-9.525463191,-17.12298631,-3.088854934,-1.017066649,10.04997846
304,-4.234575937,-9.691503057,-17.09998146,-3.038583767,-1.119832722,9.903365594
305,-4.454941707,-9.794697088,-17.07697661,-2.99353673,-1.224567343,9.753411938
306,-4.675307476,-9.893348045,-17.05397176,-2.953633033,-1.331240069,9.600169154
307,-4.895673246,-9.991999003,-17.02760746,-2.918793134,-1.439819897,9.443688108
308,-5.116039015,-10.09064996,-17.00012335,-2.88893872,-1.550260058,9.284095143
309,-5.316391757,-10.18930092,-16.97263924,-2.863993311,-1.662531783,9.122010347
310,-5.504236358,-10.29269567,-16.94515512,-2.843896843,-1.776606746,8.957472256
311,-5.692080958,-10.4061606,-16.91767101,-2.828574327,-1.89245706,8.790518811
312,-5.879925559,-10.51962553,-16.8901869,-2.817951935,-2.010055269,8.621187364
313,-6.067770159,-10.63309045,-16.86270278,-2.811956977,-2.129374343,8.449514692
314,-6.255614759,-10.74655538,-16.79572285,-2.810517892,-2.250046799,8.275537002
315,-6.442012116,-10.8600203,-16.7196285,-2.813564222,-2.371973048,8.099683162
316,-6.623015202,-10.94686854,-16.64353414,-2.8210266,-2.495133698,7.922257442
317,-6.804018287,-11.0227321,-16.56743979,-2.833082434,-2.61950966,7.743284151
318,-6.985021373,-11.09859567,-16.49134544,-2.849881817,-2.74508214,7.562787221
319,-7.166024458,-11.17445924,-16.41525108,-2.871351391,-2.871832631,7.380790217
320,-7.347027544,-11.2503228,-16.33915673,-2.897418932,-2.999425399,7.197316337
321,-7.528030629,-11.32900227,-16.25361951,-2.92801333,-3.12760666,7.012422224
322,-7.691606382,-11.43434999,-16.16673332,-2.963064578,-3.256367315,6.826670703
323,-7.85103277,-11.53969771,-16.07984712,-3.002503751,-3.385698401,6.640075033
324,-8.010459158,-11.64504543,-15.99296093,-3.046258226,-3.515591099,6.45264827
325,-8.169885546,-11.75039314,-15.90607473,-3.093949217,-3.646036722,6.264403265
326,-8.329311933,-11.85574086,-15.81918854,-3.145515848,-3.776995419,6.075352674
327,-8.488738321,-11.94008361,-15.73230234,-3.20089818,-3.908394246,5.885508954
328,-8.637415836,-12.00195592,-15.65555877,-3.260037204,-4.040226398,5.695270732
329,-8.770225965,-12.06382824,-15.57949137,-3.322874822,-4.172485173,5.504987539
330,-8.903036095,-12.12570055,-15.50342398,-3.389353836,-4.305163972,5.314660071
331,-9.035846224,-12.18757287,-15.42735658,-3.459417932,-4.438256301,5.124289013
332,-9.168656354,-12.24944518,-15.35128918,-3.532787346,-4.571734208,4.933875039
333,-9.301466483,-12.33260495,-15.27522178,-3.609189994,-4.705347976,4.743418813
334,-9.434276613,-12.4189235,-15.19915439,-3.688578965,-4.839095506,4.552920988
335,-9.540255238,-12.50524206,-15.09004211,-3.770908076,-4.972974728,4.362953928
336,-9.646233863,-12.59156061,-14.98092983,-3.856131857,-5.106983605,4.173509425
337,-9.752212488,-12.67787917,-14.87181755,-3.944205543,-5.241120133,3.984579398
338,-9.858191114,-12.77949171,-14.76270527,-4.035085059,-5.375382338,3.796155891
339,-9.964169739,-12.92499133,-14.653593,-4.128727013,-5.50953344,3.60823107
340,-10.07014836,-13.07049096,-14.54448072,-4.224460321,-5.643529594,3.420797222
341,-10.15461769,-13.21599059,-14.43858288,-4.32224788,-5.777373196,3.234176663
342,-10.22451621,-13.36149022,-14.38090156,-4.42205792,-5.911066604,3.048727961
343,-10.29441472,-13.50698985,-14.32322025,-4.523859164,-6.044612142,2.864432993
344,-10.36431324,-13.65049547,-14.26553894,-4.627620817,-6.178012097,2.681273916
345,-10.43421176,-13.79290873,-14.20785762,-4.733312562,-6.311171282,2.499233164
346,-10.50411027,-13.93532198,-14.15017631,-4.84090455,-6.444026755,2.318293442
347,-10.57482854,-14.07773523,-14.092495,-4.950070882,-6.576583213,2.138437723
348,-10.64898977,-14.22014848,-14.04197952,-5.060467531,-6.708845278,1.959988813
349,-10.723151,-14.36218327,-14.04162486,-5.172075473,-6.840817506,1.782946181
350,-10.79731223,-14.49336878,-14.04127021,-5.284875973,-6.972504377,1.607288078
351,-10.87147345,-14.6245543,-14.04091556,-5.398850589,-7.103887157,1.432993092
352,-10.94563468,-14.75573981,-14.0405609,-5.513981163,-7.234927561,1.260040142
353,-11.01979591,-14.88692532,-14.04020625,-5.630249818,-7.365630883,1.088408475
354,-11.06842361,-15.01811084,-14.0398516,-5.747638954,-7.496002338,0.918159019
355,-11.11020086,-15.13887357,-14.02819389,-5.86622236,-7.626047056,0.749386631
356,-11.15197811,-15.24532234,-13.96755628,-5.98598439,-7.755770091,0.582068469
357,-11.19375535,-15.35177111,-13.90691867,-6.106906818,-7.885131109,0.416182043
358,-11.2355326,-15.45821988,-13.84628107,-6.228971699,-8.013754579,0.251705212
359,-11.27730985,-15.56466865,-13.78564346,-6.352161363,-8.141651908,0.088616175
360,-11.31566969,-15.67111741,-13.72500585,-6.476458417,-8.268834325,-0.07310653
361,-11.34856168,-15.69577394,-13.66436825,-6.601845734,-8.395312886,-0.23326653
362,-11.38145368,-15.70111841,-13.61723118,-6.728090672,-8.521098477,-0.391858994
363,-11.41434567,-15.70646288,-13.61059576,-6.854925276,-8.646201815,-0.548908162
364,-11.44723767,-15.71180735,-13.60396034,-6.982340427,-8.770927447,-0.704437903
365,-11.48012966,-15.71715181,-13.59732491,-7.110327146,-8.895328085,-0.858471713
366,-11.51302166,-15.72463992,-13.59068949,-7.238876594,-9.019408754,-1.011032728
367,-11.53757559,-15.74088632,-13.58405407,-7.367980068,-9.143174403,-1.161997487
368,-11.56196603,-15.75713272,-13.57741864,-7.497629,-9.266629903,-1.311122571
369,-11.58635647,-15.77337912,-13.58962466,-7.627814956,-9.389780052,-1.458436432
370,-11.61074691,-15.78962552,-13.64328185,-7.758241853,-9.512458348,-1.60396708
371,-11.63513735,-15.80587192,-13.69693904,-7.888889978,-9.63456659,-1.747742093
372,-11.65952779,-15.81631289,-13.75059623,-8.01975591,-9.756113592,-1.889788621
373,-11.62682811,-15.82262307,-13.80425342,-8.150836281,-9.877108035,-2.030133395
374,-11.55226232,-15.82893325,-13.85791061,-8.282127774,-9.997558464,-2.168537278
375,-11.47769654,-15.83524343,-13.9115678,-8.413627124,-10.11747329,-2.304973401
376,-11.40313076,-15.84155362,-13.97144297,-8.545331116,-10.23664062,-2.439472196
377,-11.32856498,-15.8478638,-14.04168144,-8.677080966,-10.35470503,-2.572063624
378,-11.2539992,-15.85305224,-14.11191992,-8.808674731,-10.47168358,-2.702777182
379,-11.17570898,-15.85820826,-14.18215839,-8.940114825,-10.58759307,-2.831641912
380,-11.07962424,-15.86336428,-14.25239686,-9.071403624,-10.70245003,-2.958608394
381,-10.9835395,-15.8685203,-14.32263534,-9.202543468,-10.81627074,-3.083518755
382,-10.88745476,-15.87367632,-14.39287381,-9.333536661,-10.92902327,-3.206404793
383,-10.79137002,-15.87080988,-14.49708307,-9.464385471,-11.04040684,-3.327297814
384,-10.69528528,-15.85365341,-14.64496906,-9.59509213,-11.15044261,-3.446228641
385,-10.59920055,-15.83649694,-14.79285504,-9.725386042,-11.25915143,-3.563227619
386,-10.49261694,-15.81934047,-14.94074103,-9.855251412,-11.36655382,-3.678324623
387,-10.38288368,-15.802184,-15.08862701,-9.984694865,-11.47266999,-3.791191764
388,-10.27315042,-15.78502753,-15.236513,-10.11372293,-11.57751982,-3.901753586
389,-10.16341715,-15.75479827,-15.38439899,-10.24234203,-11.68079224,-4.010045741
390,-10.05368389,-15.72014588,-15.51099699,-10.37055848,-11.78246976,-4.116103329
391,-9.943950627,-15.6854935,-15.61630702,-10.49837852,-11.88257702,-4.219960909
392,-9.819336568,-15.65084111,-15.72161705,-10.62569645,-11.98113831,-4.321652502
393,-9.668876917,-15.61618873,-15.82692708,-10.75236142,-12.07817754,-4.420900192
394,-9.518417266,-15.58180829,-15.9322371,-10.87838355,-12.17371825,-4.516729674
395,-9.367957615,-15.54917279,-16.03754713,-11.00377277,-12.26755637,-4.609193811
396,-9.217497964,-15.51653729,-16.14285716,-11.12853886,-12.35959245,-4.698344649
397,-9.067038312,-15.48390179,-16.19166965,-11.25269148,-12.44985438,-4.784233427
398,-8.916578661,-15.4512663,-16.19653962,-11.37624009,-12.53836959,-4.866910594
399,-8.758317169,-15.4186308,-16.20140958,-11.49919405,-12.62516509,-4.946425817
400,-8.599743604,-15.40819325,-16.20627954,-11.62102708,-12.71026748,-5.021848265
401,-8.441170038,-15.41804415,-16.2111495,-11.74169849,-12.79355169,-5.092833011
402,-8.282596473,-15.42789506,-16.21601947,-11.86122626,-12.87481899,-5.159448684
403,-8.124022907,-15.43774596,-16.22088943,-11.97962808,-12.95410057,-5.221762853
404,-7.965449341,-15.44759686,-16.2217713,-12.09692134,-13.03142713,-5.279842041
405,-7.762975187,-15.45744777,-16.22026032,-12.21312321,-13.10682892,-5.333751741
406,-7.525683324,-15.47507443,-16.21874934,-12.32825055,-13.18033569,-5.383448592
407,-7.288391461,-15.49346908,-16.21723836,-12.44224334,-13.25196105,-5.428494479
408,-7.051099598,-15.51186372,-16.21572738,-12.5549997,-13.32164924,-5.468961329
409,-6.813807736,-15.53025836,-16.2142164,-12.66653877,-13.38943024,-5.504919957
410,-6.576515873,-15.54865301,-16.21270542,-12.77687936,-13.45533353,-5.536440083
411,-6.339116386,-15.5747408,-16.21077715,-12.88604002,-13.51938816,-5.563590349
412,-6.101124968,-15.61897283,-16.20865921,-12.99403898,-13.58162271,-5.586438334
413,-5.86313355,-15.66320486,-16.20654126,-13.10089423,-13.64206534,-5.605723222
414,-5.625142132,-15.70743689,-16.20442332,-13.20662343,-13.70016993,-5.621867013
415,-5.387150714,-15.75166891,-16.20230538,-13.31108697,-13.75591762,-5.634918287
416,-5.149159296,-15.79590094,-16.20018743,-13.41428293,-13.80934487,-5.644924867
417,-4.911167878,-15.84200891,-16.19806949,-13.51623092,-13.86048756,-5.651933842
418,-4.7008892,-15.88897798,-16.20918355,-13.61695025,-13.90938102,-5.655991568
419,-4.499848103,-15.93594704,-16.22470827,-13.7164599,-13.95606004,-5.657109653
420,-4.298807006,-15.98291611,-16.240233,-13.81477859,-14.0004646,-5.655078295
421,-4.097765909,-16.02988518,-16.25575773,-13.91192474,-14.04258319,-5.649946202
422,-3.896724812,-16.07460572,-16.27128245,-14.00769145,-14.08245116,-5.641761325
423,-3.695683715,-16.09078733,-16.28680718,-14.10171433,-14.12010333,-5.630570878
424,-3.513112789,-16.10696894,-16.3023319,-14.19402032,-14.15557395,-5.616421341
425,-3.365429964,-16.12315055,-16.31731442,-14.28463599,-14.18889677,-5.599358475
426,-3.217747139,-16.13933216,-16.33217181,-14.37358748,-14.21992982,-5.580071023
427,-3.070064314,-16.15551377,-16.3470292,-14.46090052,-14.24847151,-5.559043967
428,-2.922381489,-16.17107229,-16.36188659,-14.54660045,-14.27456035,-5.53630421
429,-2.774698664,-16.18590135,-16.37674398,-14.63071222,-14.29823429,-5.511878239
430,-2.627015839,-16.2007304,-16.39160137,-14.71313726,-14.31953067,-5.485792131
431,-2.534859657,-16.21555946,-16.40645877,-14.79388113,-14.33848627,-5.458071561
432,-2.446103065,-16.23038851,-16.401263,-14.87296984,-14.35507552,-5.428782159
433,-2.357346474,-16.24521757,-16.39320249,-14.95042898,-14.36905606,-5.398593829
434,-2.268589882,-16.27227575,-16.38514199,-15.02628375,-14.38046824,-5.367520474
435,-2.17983329,-16.30152059,-16.37708148,-15.10055896,-14.38935178,-5.335575782
436,-2.091076698,-16.33076544,-16.36902098,-15.17327905,-14.39574578,-5.302773226
437,-2.022659057,-16.36001028,-16.36096047,-15.24430251,-14.39968875,-5.269126075
438,-1.971674802,-16.38925513,-16.35289997,-15.31334247,-14.40121858,-5.234647389
439,-1.920690547,-16.41937074,-16.34610932,-15.38042961,-14.39974819,-5.199582184
440,-1.869706293,-16.45230598,-16.33940333,-15.44559414,-14.39528233,-5.164145892
441,-1.818722038,-16.48524122,-16.33269734,-15.50886578,-14.38786734,-5.12834425
442,-1.767737783,-16.51817646,-16.32599135,-15.5702738,-14.37754882,-5.09218291
443,-1.720188367,-16.5511117,-16.31928536,-15.62984704,-14.36437168,-5.055667434
444,-1.694720063,-16.58404694,-16.31257937,-15.68761386,-14.34838012,-5.018803298
445,-1.669251758,-16.61777795,-16.30587338,-15.743299,-14.33017584,-4.981595895
446,-1.643783453,-16.65198927,-16.30258251,-15.79687456,-14.31003946,-4.944216648
447,-1.618315148,-16.6862006,-16.29929164,-15.84837317,-14.28800086,-4.906668216
448,-1.592846844,-16.72041192,-16.29600077,-15.89782694,-14.26408945,-4.868953214
449,-1.567378539,-16.75462325,-16.2927099,-15.94526749,-14.23833419,-4.831074219
450,-1.558948336,-16.7887086,-16.28941903,-15.99072598,-14.21076361,-4.793033767
451,-1.556795328,-16.81170835,-16.28612815,-16.03423303,-14.18163202,-4.754834354
452,-1.55464232,-16.8347081,-16.28395834,-16.07545748,-14.15124005,-4.716484207
453,-1.552489312,-16.85770784,-16.29860439,-16.11367827,-14.1196072,-4.677992145
454,-1.550336304,-16.88070759,-16.31325044,-16.14894187,-14.08675266,-4.639360363
455,-1.548183296,-16.90370734,-16.32789649,-16.18129399,-14.05269533,-4.600591022
456,-1.550713313,-16.92806187,-16.34254254,-16.21077967,-14.0174538,-4.561686249
457,-1.562884853,-16.95445812,-16.35718859,-16.23744324,-13.98113598,-4.522648138
458,-1.575056393,-16.98085436,-16.37183464,-16.26132834,-13.94410326,-4.483478751
459,-1.587227933,-17.00725061,-16.38449082,-16.28247793,-13.90636671,-4.444304404
460,-1.599399473,-17.03364685,-16.3832179,-16.30082875,-13.86793721,-4.405132941
461,-1.611571012,-17.0600431,-16.38194498,-16.31639961,-13.82882547,-4.365964317
462,-1.623742552,-17.0866877,-16.38067206,-16.32923352,-13.78904205,-4.326798489
463,-1.645573904,-17.11339973,-16.37939915,-16.33937281,-13.74859733,-4.287635413
464,-1.66821024,-17.14011175,-16.37812623,-16.34685914,-13.70775718,-4.248475046
465,-1.690846576,-17.16682377,-16.37685331,-16.35173354,-13.66653766,-4.209227019
466,-1.713482912,-17.19353579,-16.37880854,-16.35403641,-13.62494465,-4.169763646
467,-1.736119248,-17.21704404,-16.39475244,-16.3541436,-13.58298392,-4.130088259
468,-1.758755584,-17.22536019,-16.41069634,-16.35287045,-13.54066115,-4.090204135
469,-1.785412298,-17.23367635,-16.42664024,-16.3502383,-13.49798195,-4.050114504
470,-1.815791583,-17.2419925,-16.44258413,-16.34626817,-13.45504226,-4.009822542
471,-1.846170869,-17.25030865,-16.45852803,-16.34098077,-13.41188151,-3.96933138
472,-1.876550154,-17.2586248,-16.47447193,-16.33439644,-13.3685031,-3.929190002
473,-1.90692944,-17.27432428,-16.48717086,-16.32653527,-13.32491041,-3.889465787
474,-1.937308725,-17.29578276,-16.49013487,-16.31741698,-13.28110674,-3.850152282
475,-1.968905321,-17.31724124,-16.49309889,-16.30694213,-13.23709537,-3.811243136
476,-2.009834631,-17.33869972,-16.49606291,-16.29509998,-13.1929379,-3.772732096
477,-2.050763942,-17.36015819,-16.49902692,-16.28191169,-13.14870114,-3.734613005
478,-2.091693252,-17.38161667,-16.50199094,-16.26739807,-13.10438633,-3.696890597
479,-2.132622562,-17.38781376,-16.50495496,-16.25157962,-13.05999467,-3.65957853
480,-2.173551872,-17.3931981,-16.50858086,-16.23447651,-13.01552734,-3.622670457
481,-2.214481182,-17.39858245,-16.51366289,-16.21610862,-12.97098552,-3.586160131
482,-2.25522941,-17.4039668,-16.51874493,-16.19642007,-12.92658985,-3.550041401
483,-2.295904225,-17.40935115,-16.52382696,-16.17523561,-12.88306777,-3.51430821
484,-2.336579041,-17.41124973,-16.528909,-16.15257836,-12.84040577,-3.478954596
485,-2.377253857,-17.40629299,-16.53399104,-16.1284711,-12.79859053,-3.443868308
486,-2.417928673,-17.40133624,-16.53907307,-16.10293625,-12.75760898,-3.409022416
487,-2.458603488,-17.3963795,-16.54537869,-16.0759959,-12.71744821,-3.374413203
488,-2.498246302,-17.39142275,-16.55372362,-16.04767177,-12.67809553,-3.340037007
489,-2.535567109,-17.386466,-16.56206854,-16.01798527,-12.63870148,-3.305890225
490,-2.572887917,-17.37362286,-16.57041347,-15.98787596,-12.5992561,-3.271969309
491,-2.610208725,-17.35778412,-16.57875839,-15.95762952,-12.55976019,-3.238280376
492,-2.647529532,-17.34194537,-16.58710332,-15.92724807,-12.52021453,-3.204842896
493,-2.68485034,-17.32610662,-16.59544824,-15.89673371,-12.48061988,-3.171652982
494,-2.722171147,-17.31026788,-16.57361948,-15.86608848,-12.44097701,-3.138706804
495,-2.779581385,-17.29597936,-16.51299599,-15.83531441,-12.40138225,-3.106000594
496,-2.839128797,-17.29393763,-16.45237249,-15.8044135,-12.36186779,-3.073530641
497,-2.898676208,-17.29189589,-16.391749,-15.77363085,-12.32243238,-3.041293289
498,-2.95822362,-17.28985416,-16.3311255,-15.74367264,-12.28307482,-3.009225042
499,-3.017771031,-17.28781243,-16.27050201,-15.71452612,-12.24379389,-2.977304851
500,-3.077318443,-17.2857707,-16.20987851,-15.68617874,-12.2045884,-2.945530428
501,-3.118058166,-17.28157326,-16.18833566,-15.65861813,-12.1654861,-2.913899517
502,-3.1399902,-17.27522013,-16.20587344,-15.63183213,-12.1265143,-2.8824099
503,-3.161922234,-17.26886699,-16.22341122,-15.60580876,-12.08767099,-2.851059392
504,-3.183854268,-17.26251385,-16.240949,-15.58053622,-12.04895416,-2.819594556
505,-3.205786303,-17.25616071,-16.25848679,-15.55560763,-12.01036188,-2.787200485
506,-3.227718337,-17.24980758,-16.27602457,-15.5308819,-11.9718922,-2.753891552
507,-3.251530338,-17.2376435,-16.29356235,-15.50635591,-11.93338854,-2.719681903
508,-3.293014027,-17.22474386,-16.31883082,-15.48202656,-11.89440237,-2.684585468
509,-3.334497717,-17.21184421,-16.35011206,-15.45789082,-11.85494116,-2.648615962
510,-3.375981407,-17.19894457,-16.3813933,-15.43394568,-11.81501226,-2.611786887
511,-3.417465096,-17.18604493,-16.41267453,-15.4101882,-11.77462291,-2.574863533
512,-3.458948786,-17.17282433,-16.44395577,-15.38662859,-11.73378022,-2.538160691
513,-3.500432475,-17.15875873,-16.475237,-15.36330688,-11.69249895,-2.50167495
514,-3.522754639,-17.14469314,-16.50651824,-15.34021942,-11.65139857,-2.465402953
515,-3.53656057,-17.13062754,-16.49768791,-15.31736256,-11.61047628,-2.429341394
516,-3.5503665,-17.11656195,-16.46479065,-15.29473275,-11.56972933,-2.393487018
517,-3.564172431,-17.10249635,-16.43189339,-15.27232647,-11.529155,-2.357698837
518,-3.577978361,-17.09134981,-16.39899612,-15.25014027,-11.48875062,-2.321332823
519,-3.591784292,-17.08168754,-16.36609886,-15.22817074,-11.44851357,-2.284397914
520,-3.604939202,-17.07202527,-16.3332016,-15.20630061,-11.40818583,-2.246902907
521,-3.616488263,-17.06236301,-16.30030434,-15.18448442,-11.36769197,-2.208856464
522,-3.628037324,-17.05270074,-16.26065389,-15.16272133,-11.32703456,-2.170267114
523,-3.639586385,-17.04279598,-16.21793381,-15.14101054,-11.28621613,-2.131143251
524,-3.651135445,-17.02833778,-16.17521374,-15.11935122,-11.24523917,-2.091587424
525,-3.662684506,-17.01387959,-16.13249366,-15.09774258,-11.20410613,-2.051657736
526,-3.674233567,-16.9994214,-16.08977358,-15.07618385,-11.16288575,-2.011359971
527,-3.692227493,-16.9849632,-16.0470535,-15.05471521,-11.12163939,-1.970699821
528,-3.711062054,-16.97050501,-16.00433343,-15.03348897,-11.08036747,-1.929682889
529,-3.729896615,-16.95544206,-15.9781369,-15.01250136,-11.03907037,-1.888314694
530,-3.748731176,-16.93960377,-15.95744822,-14.99174869,-10.99774849,-1.846764098
531,-3.767565737,-16.92376549,-15.93675955,-14.97122734,-10.9564022,-1.806259648
532,-3.786400297,-16.9079272,-15.91607087,-14.95093372,-10.91524664,-1.766785164
533,-3.810871008,-16.89208892,-15.89538219,-14.93086431,-10.87482768,-1.728324719
534,-3.841428761,-16.87625063,-15.87469351,-14.91101565,-10.83513393,-1.69086263
535,-3.871986514,-16.93791103,-15.85400484,-14.89134737,-10.79615417,-1.654383458
536,-3.902544266,-17.01591469,-15.83046586,-14.87184078,-10.75787736,-1.618872001
537,-3.933102019,-17.09391834,-15.80626913,-14.85249339,-10.72029262,-1.584399765
538,-3.963659772,-17.171922,-15.78207239,-14.83330273,-10.68336182,-1.551011206
539,-3.995023092,-17.24992566,-15.75787565,-14.81426638,-10.64637041,-1.518689566
540,-4.03605322,-17.3084668,-15.73367892,-14.79538195,-10.60931932,-1.487418343
541,-4.077083348,-17.29530391,-15.70948218,-14.7766471,-10.57220949,-1.457181295
542,-4.118113476,-17.28214102,-15.68528545,-14.75802702,-10.53504182,-1.427962427
543,-4.159143604,-17.26897813,-15.667598,-14.73937962,-10.49781721,-1.399680454
544,-4.200173732,-17.25581524,-15.65084046,-14.72070532,-10.46053653,-1.371272286
545,-4.24120386,-17.24265235,-15.63408291,-14.70200452,-10.42355929,-1.342739874
546,-4.287521911,-17.23113507,-15.61732536,-14.68327765,-10.38697401,-1.314085139
547,-4.336408381,-17.22070972,-15.60056782,-14.66452511,-10.3507746,-1.285309974
548,-4.385294852,-17.21028438,-15.58381027,-14.64574729,-10.31495512,-1.256416239
549,-4.434181323,-17.19985903,-15.56705272,-14.62694458,-10.27950967,-1.22740577
550,-4.483067793,-17.18943369,-15.56582549,-14.60799715,-10.24443249,-1.19851542
551,-4.531954264,-17.17900834,-15.56563362,-14.58884978,-10.20982224,-1.169952264
552,-4.583295834,-17.16439542,-15.56544174,-14.56950558,-10.17575713,-1.141711241
553,-4.641301243,-17.14973491,-15.56524987,-14.54996758,-10.14222872,-1.113787369
554,-4.699306653,-17.1350744,-15.56505799,-14.53023879,-10.1092287,-1.086175745
555,-4.757312062,-17.12041388,-15.56486612,-14.51032215,-10.07674891,-1.058871539
556,-4.815317472,-17.10575337,-15.56467424,-14.49022057,-10.0447813,-1.031869997
557,-4.873322882,-17.09328145,-15.55773778,-14.47004404,-10.01332807,-1.005298475
558,-4.931328291,-17.0844354,-15.55080131,-14.45033429,-9.982404218,-0.979150323
559,-4.999475577,-17.07558935,-15.54386484,-14.43108409,-9.952001547,-0.953418994
560,-5.069200488,-17.0667433,-15.53692838,-14.41228633,-9.922111998,-0.928098042
561,-5.138925399,-17.05789726,-15.52999191,-14.39393403,-9.892727637,-0.90318112
562,-5.20865031,-17.04905121,-15.52305544,-14.37602029,-9.86384065,-0.878661979
563,-5.278375221,-17.04782952,-15.51635248,-14.35853832,-9.835451167,-0.854653432
564,-5.348100132,-17.04896242,-15.51315203,-14.34148145,-9.807668813,-0.831281417
565,-5.412663334,-17.05009532,-15.50995158,-14.32488704,-9.780484196,-0.80853609
566,-5.471204542,-17.05122822,-15.50675113,-14.30877116,-9.753888075,-0.786407758
567,-5.52974575,-17.05236112,-15.50355068,-14.29312641,-9.727871347,-0.764886881
568,-5.588286958,-17.05390915,-15.50035023,-14.27794551,-9.702425052,-0.743964063
569,-5.646828166,-17.05777879,-15.49714979,-14.26322128,-9.677540368,-0.723630056
570,-5.705369374,-17.06164843,-15.49450313,-14.24894665,-9.653356429,-0.704133317
571,-5.764236384,-17.06551808,-15.49573301,-14.23511469,-9.629895121,-0.685476996
572,-5.828424821,-17.06938772,-15.49696289,-14.22174133,-9.607145268,-0.667648096
573,-5.892613259,-17.07325736,-15.49819277,-14.20895627,-9.585095868,-0.650633821
574,-5.956801697,-17.11328643,-15.49942265,-14.19675041,-9.563736088,-0.634421572
575,-6.020990135,-17.18420166,-15.50065253,-14.1851148,-9.543055263,-0.618998946
576,-6.085178573,-17.2551169,-15.50188242,-14.17404061,-9.523351366,-0.604504676
577,-6.149367011,-17.32603214,-15.50547065,-14.16351917,-9.504837291,-0.591140039
578,-6.217784091,-17.39694737,-15.51927842,-14.15354192,-9.487494636,-0.578887566
579,-6.288439864,-17.46786261,-15.53308619,-14.14410045,-9.471305286,-0.567730057
580,-6.359095637,-17.52963634,-15.54689395,-14.13477795,-9.456251404,-0.557650579
581,-6.42975141,-17.59068983,-15.56070172,-14.12533426,-9.442315432,-0.548632458
582,-6.500407183,-17.65174332,-15.57450949,-14.11577126,-9.42947141,-0.540659283
583,-6.571062956,-17.71279682,-15.58831726,-14.1060908,-9.417684946,-0.532493242
584,-6.639889208,-17.77385031,-15.60142697,-14.0962947,-9.406939687,-0.523974432
585,-6.703226896,-17.83192944,-15.6124425,-14.08638473,-9.39721953,-0.515108308
586,-6.766564584,-17.8835287,-15.62345804,-14.07636267,-9.38850862,-0.505900243
587,-6.829902271,-17.93512797,-15.63447358,-14.06633038,-9.380791352,-0.496355523
588,-6.893239959,-17.98672724,-15.64548911,-14.05702033,-9.374044286,-0.486479355
589,-6.956577647,-18.03832651,-15.65650465,-14.04842135,-9.368168251,-0.476457
590,-7.019915335,-18.08992578,-15.66752018,-14.04052244,-9.363149777,-0.466620964
591,-7.081665635,-18.13315426,-15.68119811,-14.03331278,-9.358975602,-0.456968367
592,-7.14312732,-18.17283353,-15.7007333,-14.0267817,-9.355632669,-0.44749637
593,-7.204589005,-18.21251279,-15.72026849,-14.02091872,-9.353108121,-0.438202181
594,-7.266050689,-18.25219206,-15.73980367,-14.01571349,-9.351389304,-0.429083051
595,-7.327512374,-18.29187133,-15.75933886,-14.01107889,-9.350392495,-0.420136271
596,-7.388974059,-18.33102422,-15.77887405,-14.00695669,-9.350093331,-0.412488423
597,-7.443730981,-18.36484756,-15.79840924,-14.00333897,-9.350481023,-0.406361398
598,-7.490034071,-18.3986709,-15.81865384,-14.00021792,-9.351544949,-0.401731677
599,-7.536337161,-18.43249424,-15.84008078,-13.99758586,-9.353274652,-0.398576104
600,-7.582640251,-18.46631758,-15.86150773,-13.99543524,-9.355659834,-0.396871881
601,-7.628943342,-18.50014092,-15.88293468,-13.99375859,-9.358607319,-0.396596564
602,-7.675246432,-18.53378027,-15.90436163,-13.99248145,-9.36205305,-0.39775269
603,-7.721647871,-18.56721832,-15.92578858,-13.99097775,-9.365989322,-0.40037725
604,-7.770508032,-18.60065637,-15.94721553,-13.989251,-9.370408548,-0.404447534
605,-7.819368193,-18.63409441,-15.96913175,-13.98730463,-9.37530326,-0.409941184
606,-7.868228354,-18.66753246,-15.99167704,-13.98514205,-9.380666104,-0.416836188
607,-7.917088515,-18.7009705,-16.01422233,-13.98276661,-9.386460485,-0.425110873
608,-7.965948676,-18.72738817,-16.03676761,-13.98018159,-9.392626685,-0.434743903
609,-8.014808837,-18.75271174,-16.0593129,-13.97739024,-9.399158954,-0.445637794
610,-8.072191709,-18.77803532,-16.08185819,-13.97450821,-9.40605163,-0.457749514
611,-8.134481598,-18.8033589,-16.10440348,-13.97161622,-9.413299139,-0.47106023
612,-8.196771486,-18.82868247,-16.128612,-13.96871442,-9.420895994,-0.485551399
613,-8.259061374,-18.85194327,-16.15448375,-13.96580296,-9.42881619,-0.501204765
614,-8.321351262,-18.86910742,-16.1803555,-13.96288198,-9.43689219,-0.518002356
615,-8.38364115,-18.88627157,-16.20622724,-13.95995165,-9.445121585,-0.535902215
616,-8.445229539,-18.90343572,-16.23209899,-13.9570121,-9.453502003,-0.554808446
617,-8.504479597,-18.92059987,-16.25797074,-13.95414773,-9.462031108,-0.574705486
618,-8.563729655,-18.93776402,-16.28384249,-13.9523938,-9.470706601,-0.595578012
619,-8.622979712,-18.95687188,-16.31429119,-13.95173314,-9.479526218,-0.617410939
620,-8.68222977,-18.97707094,-16.34829973,-13.95214884,-9.48842299,-0.640189413
621,-8.741479828,-18.99727,-16.38230828,-13.95362425,-9.497385942,-0.663898811
622,-8.800729886,-19.01746907,-16.41631683,-13.95614298,-9.506414052,-0.688631224
623,-8.866835415,-19.03766813,-16.45032537,-13.95968891,-9.515506312,-0.714415199
624,-8.93437581,-19.05783814,-16.48433392,-13.96424613,-9.524661729,-0.741234473
625,-9.001916204,-19.07700279,-16.51834246,-13.9696152,-9.533879327,-0.769073037
626,-9.069456599,-19.09616744,-16.54842592,-13.97564138,-9.543239904,-0.797915126
627,-9.136996994,-19.11533209,-16.57615432,-13.98231451,-9.552790307,-0.82774522
628,-9.204537389,-19.13449674,-16.60388272,-13.9896246,-9.5625276,-0.858535341
629,-9.271950262,-19.15366139,-16.63161112,-13.99756178,-9.572448892,-0.890211368
630,-9.339189243,-19.15206193,-16.65933952,-14.00611637,-9.582551338,-0.922759601
631,-9.406428224,-19.12128049,-16.68706792,-14.01527881,-9.592832136,-0.956166552
632,-9.473667205,-19.09049905,-16.71479632,-14.02505989,-9.603317562,-0.990418941
633,-9.540906185,-19.05971761,-16.74293147,-14.03581343,-9.614051573,-1.025503692
634,-9.608145166,-19.02893616,-16.7712515,-14.04752439,-9.625030325,-1.061407934
635,-9.675306531,-18.99815472,-16.79957153,-14.06017797,-9.636250033,-1.098045415
636,-9.738509471,-19.01950382,-16.82789156,-14.07375959,-9.647706971,-1.135364664
637,-9.801712412,-19.05361214,-16.8562116,-14.08825489,-9.659397469,-1.173355138
638,-9.864915352,-19.08772047,-16.88453163,-14.10364975,-9.671321105,-1.212006454
639,-9.928118292,-19.12182879,-16.91285166,-14.11993025,-9.683494277,-1.251308394
640,-9.991321233,-19.15593712,-16.9436304,-14.13683717,-9.695913126,-1.291250896
641,-10.05452417,-19.17824045,-16.97522871,-14.15415279,-9.708573853,-1.331850194
642,-10.11554274,-19.15054616,-17.00682702,-14.1718708,-9.721472717,-1.373292191
643,-10.17519608,-19.12285187,-17.03842533,-14.18998498,-9.734606035,-1.415563853
644,-10.23484941,-19.09515758,-17.07002364,-14.20848919,-9.747970181,-1.45865235
645,-10.29450275,-19.06746329,-17.10162195,-14.2273774,-9.760934853,-1.502545051
646,-10.35415609,-19.039769,-17.13322026,-14.24664368,-9.77343172,-1.547229516
647,-10.41380942,-19.00551904,-17.15744111,-14.26628093,-9.785468018,-1.592693503
648,-10.47218779,-18.96649554,-17.17995945,-14.28624297,-9.797050869,-1.638659858
649,-10.52581402,-18.92747203,-17.2024778,-14.30652478,-9.808187286,-1.684935245
650,-10.57944025,-18.88844852,-17.22499615,-14.32712141,-9.818884173,-1.731514883
651,-10.63306648,-18.84942502,-17.2475145,-14.348028,-9.829847462,-1.778394068
652,-10.6866927,-18.81040151,-17.27003284,-14.36923976,-9.84144949,-1.825568168
653,-10.74031893,-18.82763547,-17.29255119,-14.39075195,-9.85368038,-1.873032621
654,-10.79394516,-18.84683189,-17.31669237,-14.41255995,-9.866530405,-1.920791067
655,-10.84253034,-18.86602832,-17.34106539,-14.4351412,-9.879989992,-1.968969037
656,-10.88991528,-18.88522475,-17.3654384,-14.45893087,-9.894049712,-2.017560044
657,-10.93730022,-18.90442118,-17.38981141,-14.48391025,-9.908372748,-2.0665577
658,-10.98468515,-18.91135944,-17.41418442,-14.51006096,-9.92247632,-2.115955716
659,-11.03207009,-18.8959217,-17.43855744,-14.53736487,-9.936363821,-2.1657479
660,-11.07945503,-18.88048395,-17.46293045,-14.56580416,-9.950038593,-2.215928156
661,-11.12433886,-18.86504621,-17.48562509,-14.59536126,-9.963503925,-2.266371477
662,-11.16553059,-18.84960846,-17.50820784,-14.6260151,-9.976763058,-2.316968008
663,-11.20672233,-18.83417072,-17.53079059,-14.65724937,-9.989958954,-2.367715382
664,-11.24791406,-18.79909561,-17.55337335,-14.68905509,-10.00381297,-2.418611264
665,-11.28910579,-18.75717719,-17.5759561,-14.72142343,-10.01831493,-2.469653358
666,-11.33029752,-18.71525876,-17.59853885,-14.75434567,-10.03345481,-2.520839404
667,-11.37148925,-18.67334033,-17.6211216,-14.78781326,-10.04922275,-2.572167175
668,-11.41423518,-18.6314219,-17.6366956,-14.82181777,-10.06560903,-2.62363796
669,-11.45698111,-18.58915767,-17.65226961,-14.85635088,-10.08260409,-2.675249547
670,-11.49972704,-18.54456305,-17.66784362,-14.89105267,-10.09953336,-2.72699976
671,-11.54247296,-18.49996842,-17.68341762,-14.92556344,-10.11633904,-2.778886454
672,-11.58521889,-18.45537379,-17.69899163,-14.95988615,-10.13302303,-2.830907518
673,-11.62796482,-18.41077917,-17.71456564,-14.9940237,-10.14958722,-2.883060875
674,-11.66486271,-18.36618454,-17.73010596,-15.02797897,-10.16603346,-2.935301801
675,-11.69779904,-18.3475688,-17.74514096,-15.06175476,-10.18236357,-2.987580928
676,-11.73073537,-18.35323768,-17.76017596,-15.09535385,-10.19858239,-3.039897666
677,-11.7636717,-18.35890655,-17.77521097,-15.12877898,-10.2146931,-3.092251433
678,-11.79660803,-18.36457542,-17.79024597,-15.16302101,-10.23069737,-3.144641656
679,-11.82954436,-18.3702443,-17.80528097,-15.19808238,-10.24659685,-3.197067771
680,-11.86217078,-18.37591317,-17.82031598,-15.23395044,-10.26239316,-3.249529224
681,-11.89349557,-18.34670304,-17.83577976,-15.27061269,-10.27808789,-3.301975225
682,-11.92482037,-18.31381003,-17.85424498,-15.30805687,-10.29375674,-3.354402873
683,-11.95614517,-18.28091702,-17.87271021,-15.34627087,-10.30949787,-3.406812451
684,-11.98746997,-18.24802401,-17.89117544,-15.38524279,-10.32531016,-3.459204239
685,-12.01879476,-18.215131,-17.90964066,-15.42473277,-10.3411925,-3.511578513
686,-12.05011956,-18.19398371,-17.92810589,-15.4644793,-10.35714381,-3.563935542
687,-12.08789788,-18.20129721,-17.94657111,-15.5044784,-10.37316304,-3.61631776
688,-12.12740764,-18.20861071,-17.9649802,-15.54472618,-10.38942992,-3.668785015
689,-12.16691739,-18.21592421,-17.98314598,-15.58521879,-10.40672408,-3.721335992
690,-12.20642715,-18.22323771,-18.00131176,-15.62595244,-10.42502963,-3.773969395
691,-12.2459369,-18.2305512,-18.01947754,-15.6669234,-10.44433094,-3.82668395
692,-12.28544666,-18.27740237,-18.03764332,-15.70812801,-10.46461261,-3.879478402
693,-12.31870503,-18.34287872,-18.0558091,-15.74963582,-10.48585946,-3.932351516
694,-12.34196119,-18.40835507,-18.07397489,-15.79144501,-10.50805659,-3.985223124
695,-12.36521735,-18.47383142,-18.09336944,-15.83355091,-10.53106645,-4.038082723
696,-12.38847352,-18.53930776,-18.11645029,-15.87594894,-10.55486915,-4.090930499
697,-12.41172968,-18.604844,-18.13953114,-15.91863457,-10.57945244,-4.143766635
698,-12.43498584,-18.67120863,-18.162612,-15.96160336,-10.60480425,-4.196591309
699,-12.45824201,-18.73757326,-18.18569285,-16.00485093,-10.63091268,-4.249404701
700,-12.47658042,-18.80393789,-18.2087737,-16.04837671,-10.65776603,-4.302093475
701,-12.4948224,-18.87030252,-18.23185456,-16.09218095,-10.68527273,-4.354451459
702,-12.51306438,-18.93666715,-18.25285858,-16.13625935,-10.71338836,-4.406483769
703,-12.53130636,-18.98813068,-18.26929357,-16.18060765,-10.74210349,-4.458195441
704,-12.54954835,-19.02174967,-18.28572856,-16.22522169,-10.77140886,-4.509591435
705,-12.56779033,-19.05536866,-18.30216356,-16.27009737,-10.80129534,-4.560676631
706,-12.58662158,-19.08898765,-18.31859855,-16.31523062,-10.83175394,-4.611455837
707,-12.60588495,-19.12260664,-18.33503354,-16.36061747,-10.86276603,-4.661834364
708,-12.62514833,-19.15622563,-18.35146853,-16.40603331,-10.89431142,-4.711797104
709,-12.64441171,-19.13810104,-18.36773095,-16.45146356,-10.92638184,-4.761350486
710,-12.66367508,-19.11031764,-18.38370574,-16.496908,-10.95896918,-4.810500843
711,-12.68293846,-19.08253425,-18.39968053,-16.5423664,-10.99206545,-4.859254407
712,-12.70215428,-19.05475086,-18.41565532,-16.58783856,-11.02566277,-4.907617313
713,-12.72114293,-19.02696747,-18.4316301,-16.63332426,-11.05974059,-4.955483828
714,-12.74013157,-19.00377353,-18.44760489,-16.6788233,-11.09424398,-5.002593366
715,-12.75912021,-18.99591504,-18.46357968,-16.7242898,-11.12916636,-5.048957634
716,-12.77810886,-18.98805655,-18.47979311,-16.7696634,-11.16450126,-5.094588157
717,-12.7970975,-18.98019806,-18.49631337,-16.81494554,-11.20024229,-5.139496282
718,-12.81608614,-18.97233958,-18.51283362,-16.86013764,-11.23638318,-5.183693183
719,-12.8344225,-18.96448109,-18.52935388,-16.90524108,-11.27291773,-5.227189856
720,-12.85256318,-18.97291901,-18.54587413,-16.95025723,-11.30969079,-5.269967196
721,-12.87070385,-18.99143107,-18.56239438,-16.99518745,-11.34669386,-5.312027114
722,-12.88884453,-19.00994313,-18.57891464,-17.04003307,-11.38392338,-5.353380706
723,-12.9069852,-19.02845519,-18.5974161,-17.08470618,-11.42137584,-5.394038895
724,-12.92512588,-19.04696725,-18.61789875,-17.12920141,-11.45904781,-5.434012436
725,-12.94328073,-19.06551033,-18.63838141,-17.17352151,-11.49693587,-5.473311916
726,-12.96146019,-19.08954232,-18.65886407,-17.21766918,-11.53499281,-5.512017749
727,-12.97963966,-19.11357431,-18.67934673,-17.26164709,-11.57319934,-5.55036658
728,-12.99781913,-19.13760631,-18.69982939,-17.30545788,-11.61155316,-5.588363929
729,-13.01599859,-19.1616383,-18.72031205,-17.34910412,-11.65005199,-5.626015231
730,-13.03417806,-19.1856703,-18.74461201,-17.39255407,-11.68869358,-5.663325839
731,-13.05235753,-19.22067124,-18.771881,-17.43576062,-11.72747573,-5.700301022
732,-13.07121947,-19.27259571,-18.79914998,-17.47872752,-11.7663587,-5.736945966
733,-13.09010871,-19.32452018,-18.82641896,-17.52145849,-11.80530045,-5.773159365
734,-13.10899796,-19.37644465,-18.85368795,-17.56395718,-11.84430006,-5.808903555
735,-13.1278872,-19.42836912,-18.88095693,-17.60622717,-11.88335665,-5.844185791
736,-13.14677644,-19.48029359,-18.90822592,-17.648272,-11.92246932,-5.879013217
737,-13.16566568,-19.47513744,-18.91069476,-17.69009516,-11.96163722,-5.913392867
738,-13.18512756,-19.45396586,-18.89828351,-17.731669,-12.0008562,-5.947331667
739,-13.2050436,-19.43279427,-18.88587227,-17.77299373,-12.04011497,-5.980841714
740,-13.22495964,-19.41162269,-18.87346102,-17.8140732,-12.0794129,-6.013954283
741,-13.24487569,-19.39045111,-18.86104978,-17.8549112,-12.11874939,-6.046675521
742,-13.26479173,-19.37859047,-18.84863853,-17.89551147,-12.15812383,-6.07901148
743,-13.28470777,-19.41266383,-18.83622729,-17.93587768,-12.19753566,-6.110968118
744,-13.30537054,-19.44673718,-18.82563227,-17.97601346,-12.23698428,-6.142551302
745,-13.33014033,-19.48081054,-18.81586281,-18.01591704,-12.27656319,-6.173766807
746,-13.35491011,-19.5148839,-18.80609335,-18.05558347,-12.31627098,-6.204898346
747,-13.37967989,-19.54895726,-18.79632389,-18.09501642,-12.35610565,-6.23609887
748,-13.40444968,-19.60214856,-18.78655442,-18.13421949,-12.39606523,-6.267367312
749,-13.42921946,-19.6705956,-18.77678496,-18.17319624,-12.4361478,-6.298702621
750,-13.45398925,-19.73904263,-18.7670155,-18.21195018,-12.47635145,-6.330103764
751,-13.49501886,-19.80748967,-18.76031008,-18.25048474,-12.51653161,-6.361569722
752,-13.54146842,-19.87593671,-18.75462601,-18.28880332,-12.55664106,-6.393103086
753,-13.58791797,-19.94438374,-18.74894194,-18.32687468,-12.5966809,-6.424729771
754,-13.63436753,-19.94879916,-18.74325786,-18.36469759,-12.63665221,-6.456448331
755,-13.68081708,-19.94940317,-18.73757379,-18.40227587,-12.67655604,-6.488257348
756,-13.72726664,-19.95000719,-18.73188972,-18.43961332,-12.71639344,-6.52015542
757,-13.77386035,-19.9506112,-18.72620565,-18.47671366,-12.75616427,-6.552141173
758,-13.82072634,-19.95121521,-18.72286247,-18.51358056,-12.79586839,-6.584213248
759,-13.86759233,-19.97308432,-18.72005951,-18.55021762,-12.83550685,-6.616423105
760,-13.91445833,-20.03784406,-18.71725654,-18.58662873,-12.87508065,-6.648805567
761,-13.96132432,-20.1026038,-18.71445358,-18.62281794,-12.9145908,-6.681357966
762,-14.00819031,-20.16736354,-18.71165062,-18.6587887,-12.95403828,-6.714077672
763,-14.05505631,-20.23212328,-18.70884765,-18.69454437,-12.99342601,-6.746962099
764,-14.08013203,-20.29688302,-18.70604469,-18.73008828,-13.03276037,-6.780008699
765,-14.10387366,-20.33646216,-18.7053006,-18.76542371,-13.07204219,-6.813215534
766,-14.12761528,-20.36620512,-18.70485064,-18.80055388,-13.11127227,-6.846589247
767,-14.15135691,-20.39594808,-18.70440068,-18.83548197,-13.15045143,-6.880127255
768,-14.17509853,-20.42569104,-18.70395072,-18.87022276,-13.18958044,-6.913827019
769,-14.19884016,-20.455434,-18.70350076,-18.90478121,-13.22865384,-6.947686038
770,-14.22539626,-20.48727341,-18.7030508,-18.93916014,-13.26734507,-6.981701847
771,-14.25436476,-20.53665685,-18.70260084,-18.97336233,-13.30566007,-7.015872022
772,-14.28333326,-20.58604029,-18.71945824,-19.00739051,-13.34360464,-7.050220068
773,-14.31230177,-20.63542374,-18.73746945,-19.04124736,-13.38118452,-7.084766247
774,-14.34127027,-20.68480718,-18.75548067,-19.07493555,-13.41840534,-7.119507495
775,-14.37023878,-20.73419062,-18.77349189,-19.10843866,-13.45527265,-7.154440796
776,-14.40215428,-20.78606789,-18.79150311,-19.14172237,-13.492124,-7.189563179
777,-14.4530148,-20.84049569,-18.80951433,-19.17479007,-13.52905602,-7.22487172
778,-14.50387532,-20.89492348,-18.82752555,-19.2076451,-13.56606748,-7.260363541
779,-14.55473584,-20.94935127,-18.8315209,-19.24029075,-13.60315714,-7.295905875
780,-14.60559636,-21.00377907,-18.83551626,-19.27273027,-13.6403238,-7.331497941
781,-14.65645688,-21.05820686,-18.83951161,-19.30496683,-13.67756626,-7.367138971
782,-14.70731741,-21.08857168,-18.84350696,-19.33700357,-13.71487468,-7.402828205
783,-14.74139894,-21.1157179,-18.84750231,-19.36888606,-13.7522404,-7.4385649
784,-14.76929874,-21.14286411,-18.85149766,-19.40062555,-13.78966252,-7.474348322
785,-14.79719854,-21.17001032,-18.85747049,-19.43222425,-13.82714017,-7.51018042
786,-14.82509835,-21.19715653,-18.89310552,-19.46368434,-13.86467249,-7.546063449
787,-14.85299815,-21.23216233,-18.92874055,-19.49500797,-13.90225864,-7.581996622
788,-14.88089795,-21.28845452,-18.96437558,-19.52619725,-13.93990903,-7.617979163
789,-14.91706601,-21.34474671,-19.0000106,-19.55725425,-13.97765051,-7.654010309
790,-14.97025696,-21.4010389,-19.03564563,-19.58817404,-14.01548169,-7.690089308
791,-15.02344791,-21.45733108,-19.07128066,-19.6189436,-14.05340116,-7.72621542
792,-15.07663886,-21.51362327,-19.11093987,-19.64956527,-14.09140757,-7.76230973
793,-15.12982981,-21.57632712,-19.17876835,-19.68004133,-14.12949957,-7.798367845
794,-15.18302076,-21.64237381,-19.24659683,-19.71037402,-14.16767586,-7.834390323
795,-15.23621171,-21.7084205,-19.31442531,-19.74056558,-14.20593548,-7.870377716
796,-15.26480084,-21.77446718,-19.3822538,-19.77061818,-14.24427717,-7.906330566
797,-15.29133982,-21.84051387,-19.45008228,-19.80053397,-14.28269964,-7.942249407
798,-15.3178788,-21.9026842,-19.51791076,-19.83024886,-14.32120164,-7.97816854
799,-15.34441778,-21.88248205,-19.59034296,-19.85974988,-14.35978195,-8.014136205
800,-15.37095676,-21.86227991,-19.6827246,-19.88904033,-14.39843936,-8.050151653
801,-15.39749574,-21.84207776,-19.77510624,-19.91812346,-14.43719176,-8.086214144
802,-15.42637318,-21.82187561,-19.86748788,-19.9470025,-14.47604244,-8.122322951
803,-15.45741586,-21.80167346,-19.95986952,-19.97568058,-14.51498989,-8.158477358
804,-15.48845854,-21.81640705,-20.05225115,-20.00416082,-14.55403262,-8.19467666
805,-15.51950122,-21.87696543,-20.14463279,-20.03240126,-14.59316915,-8.230927794
806,-15.5505439,-21.93752381,-20.22834714,-20.06029711,-14.63239802,-8.267230979
807,-15.58158657,-21.9980822,-20.28605963,-20.08785368,-14.67171929,-8.303585407
808,-15.61579225,-22.05864058,-20.34377212,-20.11507623,-14.71113268,-8.339990288
809,-15.67424753,-22.11919897,-20.4014846,-20.14196993,-14.75063678,-8.37644484
810,-15.73270282,-22.18050779,-20.45919709,-20.16853985,-14.79023019,-8.412948296
811,-15.7911581,-22.2419811,-20.51690957,-20.19479101,-14.82991151,-8.449536125
812,-15.84961339,-22.30345441,-20.57462206,-20.22072834,-14.8696794,-8.486273437
813,-15.90806868,-22.36492772,-20.61922633,-20.24623008,-14.90941283,-8.52315792
814,-15.96652396,-22.42640102,-20.63499255,-20.27126766,-14.94884903,-8.560187298
815,-16.02341597,-22.48667109,-20.65075876,-20.29584827,-14.9879926,-8.597359331
816,-16.07967422,-22.54235581,-20.66652497,-20.31997897,-15.02684806,-8.634671812
817,-16.13593247,-22.59804053,-20.68229118,-20.34366672,-15.06541987,-8.672122569
818,-16.19219072,-22.65372525,-20.69805739,-20.36691837,-15.10371242,-8.709807497
819,-16.24844897,-22.70940997,-20.7138236,-20.38974067,-15.14175574,-8.747743983
820,-16.30470722,-22.76509469,-20.74721761,-20.41210482,-15.17990207,-8.785928135
821,-16.35122586,-22.80409728,-20.80999127,-20.43392246,-15.21814983,-8.824356123
822,-16.37583039,-22.83176861,-20.87276494,-20.45520204,-15.25649745,-8.863024177
823,-16.40043492,-22.85943994,-20.93553861,-20.47595187,-15.29494337,-8.901928583
824,-16.42503945,-22.88711127,-20.99831227,-20.49618016,-15.33348609,-8.94101759
825,-16.44964398,-22.91478259,-21.06108594,-20.51589497,-15.3721241,-8.980172906
826,-16.4742485,-22.94245392,-21.12385961,-20.53510424,-15.41089417,-9.019393508
827,-16.49885303,-22.96347369,-21.18160624,-20.55381578,-15.44980236,-9.058678384
828,-16.51994228,-22.98437942,-21.23288954,-20.57197143,-15.48884655,-9.098026542
829,-16.54065756,-23.00528516,-21.28417284,-20.5895589,-15.52802462,-9.137437001
830,-16.56137284,-23.02619089,-21.33545613,-20.60658697,-15.5673345,-9.1769088
831,-16.58208812,-23.04709663,-21.38673943,-20.62306432,-15.60677417,-9.216655891
832,-16.6028034,-23.07013667,-21.43802273,-20.63899944,-15.64634493,-9.256740139
833,-16.62351868,-23.09679856,-21.48930603,-20.65440072,-15.68604716,-9.297156332
834,-16.64448562,-23.12346045,-21.5455599,-20.66927643,-15.72587882,-9.337899335
835,-16.66570422,-23.15012234,-21.60678434,-20.68361725,-15.76583791,-9.378964094
836,-16.68692282,-23.17678423,-21.66800877,-20.69737859,-15.80592246,-9.420345633
837,-16.70814142,-23.20344612,-21.72923321,-20.71056942,-15.84613052,-9.461973284
838,-16.72936002,-23.25678876,-21.79045765,-20.72319857,-15.88645694,-9.503629484
839,-16.75057862,-23.31862971,-21.85168209,-20.73527472,-15.92689345,-9.545313794
840,-16.77481689,-23.38047066,-21.91290653,-20.74680642,-15.96743835,-9.587025779
841,-16.82744013,-23.44231161,-21.96827686,-20.75780209,-16.00808998,-9.62876501
842,-16.88006336,-23.50415256,-22.01909399,-20.76827002,-16.04884668,-9.670531066
843,-16.93268659,-23.55520153,-22.06991113,-20.77817879,-16.08970683,-9.712323532
844,-16.98530983,-23.54315897,-22.12072826,-20.78752289,-16.13064326,-9.754190178
845,-17.03793306,-23.53111641,-22.17154539,-20.79631105,-16.17140772,-9.796149931
846,-17.0905563,-23.51907385,-22.22236253,-20.80455189,-16.21200287,-9.83820135
847,-17.14595347,-23.50703129,-22.27317966,-20.81225386,-16.25243134,-9.880343019
848,-17.20258351,-23.49498873,-22.32363669,-20.81942529,-16.29269569,-9.922573541
849,-17.25921354,-23.50576253,-22.37387765,-20.82607439,-16.33279847,-9.964891543
850,-17.31584358,-23.53647063,-22.42411862,-20.83220755,-16.37274217,-10.00728772
851,-17.37247362,-23.56717873,-22.47435959,-20.83782697,-16.41251805,-10.04972376
852,-17.42910366,-23.59788683,-22.52460055,-20.8429406,-16.45212673,-10.09219904
853,-17.47657174,-23.62859493,-22.57484152,-20.84755625,-16.49157078,-10.13471296
854,-17.50144035,-23.65930303,-22.62508248,-20.85168162,-16.53085276,-10.17726492
855,-17.52630896,-23.6068204,-22.68029648,-20.85532431,-16.56997518,-10.21985434
856,-17.55117757,-23.54723613,-22.73777094,-20.85849177,-16.6089405,-10.26248063
857,-17.57604617,-23.48765185,-22.7952454,-20.86119135,-16.64781671,-10.30521193
858,-17.60091478,-23.42806757,-22.85271986,-20.86343656,-16.68664779,-10.3480841
859,-17.62578339,-23.3684833,-22.91019432,-20.86523695,-16.72543443,-10.39109496
860,-17.64985959,-23.32641742,-22.96766878,-20.86659939,-16.76417731,-10.43424238
861,-17.67383244,-23.32352906,-23.02514325,-20.86753065,-16.80287712,-10.47752422
862,-17.69780529,-23.3206407,-23.06273537,-20.86803741,-16.84153452,-10.52093843
863,-17.72177814,-23.31775234,-23.09370006,-20.86812623,-16.8801634,-10.56450498
864,-17.74575099,-23.31486398,-23.12466474,-20.86780356,-16.9187875,-10.60838679
865,-17.76972384,-23.31197562,-23.15562943,-20.86711001,-16.95740689,-10.652579
866,-17.79549944,-23.3698773,-23.18659411,-20.86618564,-16.99602164,-10.69707679
867,-17.823222,-23.45425207,-23.21755879,-20.86503404,-17.03463182,-10.74187544
868,-17.85094456,-23.53862684,-23.24852348,-20.86365871,-17.07323751,-10.7869703
869,-17.87866713,-23.62300161,-23.28619419,-20.86206311,-17.11183882,-10.83235679
870,-17.90638969,-23.70737638,-23.32541245,-20.86025066,-17.15043622,-10.87852662
871,-17.93411226,-23.78480492,-23.36463071,-20.8582247,-17.18902975,-10.925815
872,-17.96460043,-23.78675111,-23.40384897,-20.85598854,-17.22761949,-10.97420465
873,-18.02827587,-23.78869731,-23.44306724,-20.8536175,-17.26620549,-11.02367853
874,-18.09195131,-23.7906435,-23.4822855,-20.85114581,-17.3047878,-11.07421988
875,-18.15562675,-23.7925897,-23.52150376,-20.84857501,-17.34336649,-11.12581219
876,-18.21930219,-23.79453589,-23.55104148,-20.84590663,-17.38199263,-11.17837826
877,-18.28297763,-23.83180966,-23.57919626,-20.8431422,-17.42067276,-11.23092806
878,-18.34665307,-23.90861668,-23.60735105,-20.84028318,-17.45940606,-11.28346182
879,-18.40960984,-23.98542369,-23.63550584,-20.83733105,-17.49819171,-11.3359798
880,-18.47221753,-24.0622307,-23.66366062,-20.83429444,-17.53702888,-11.38848225
881,-18.53482522,-24.13903772,-23.69181541,-20.83120738,-17.5759168,-11.4409694
882,-18.59743292,-24.21584473,-23.7199702,-20.82807066,-17.61509153,-11.49344148
883,-18.66004061,-24.2845812,-23.76799985,-20.82488502,-17.65468702,-11.54583474
884,-18.72264831,-24.35199895,-23.81735449,-20.82165124,-17.69469676,-11.59809351
885,-18.77776825,-24.4194167,-23.86670913,-20.81837006,-17.73511434,-11.65021986
886,-18.81256432,-24.48683445,-23.91606377,-20.81504221,-17.77593346,-11.70221584
887,-18.84736039,-24.55425219,-23.96541842,-20.81166841,-17.81714791,-11.75408347
888,-18.88215645,-24.6167839,-24.01477306,-20.80828149,-17.85860543,-11.80582473
889,-18.91695252,-24.66443537,-24.0641277,-20.80489754,-17.90007131,-11.85744158
890,-18.95174858,-24.71208684,-24.11218892,-20.80151649,-17.94154541,-11.90899768
891,-18.98654465,-24.7597383,-24.16025014,-20.79813832,-17.98302761,-11.96049397
892,-19.02176213,-24.80738977,-24.20831136,-20.79476298,-18.02451777,-12.01193137
893,-19.05704517,-24.85504124,-24.25637258,-20.79139041,-18.06601578,-12.0633108
894,-19.0923282,-24.90960988,-24.3044338,-20.78802059,-18.10751093,-12.11463315
895,-19.12761124,-24.96815743,-24.35249501,-20.78466039,-18.14894017,-12.1658993
896,-19.16289428,-25.02670497,-24.39993894,-20.78134659,-18.19030453,-12.21706437
897,-19.19817731,-25.08525251,-24.43812355,-20.77807848,-18.23160501,-12.26807845
898,-19.24457078,-25.14380006,-24.47630815,-20.77485534,-18.27284259,-12.31894385
899,-19.30392642,-25.2013724,-24.51449275,-20.7716765,-18.31401826,-12.3696629
900,-19.36328206,-25.21652338,-24.55267735,-20.76854125,-18.35513296,-12.42023784
901,-19.42263771,-25.23167436,-24.59086195,-20.76544892,-18.39635504,-12.47067092
902,-19.48199335,-25.24682534,-24.62904656,-20.76239886,-18.43770144,-12.52096431
903,-19.54134899,-25.26197632,-24.66757922,-20.75939632,-18.47917023,-12.57119803
904,-19.59923724,-25.2771273,-24.70854828,-20.75644381,-18.52075952,-12.62137787
905,-19.63315821,-25.29167879,-24.74951734,-20.75354056,-18.56246745,-12.67150465
906,-19.66707918,-25.30536798,-24.79048641,-20.7506858,-18.60429218,-12.7215792
907,-19.70100014,-25.31905718,-24.83145547,-20.74787878,-18.64603748,-12.77160233
908,-19.73492111,-25.33274638,-24.87242453,-20.74511877,-18.68760272,-12.82157482
909,-19.76884208,-25.34643557,-24.9133936,-20.74240503,-18.7289907,-12.87148667
910,-19.80276304,-25.36012477,-24.95175938,-20.73973236,-18.77020414,-12.92132337
911,-19.83849252,-25.31315666,-24.97884427,-20.73707143,-18.81124576,-12.97108608
912,-19.87517943,-25.25081065,-25.00592916,-20.73442204,-18.85211821,-13.02077594
913,-19.91186635,-25.18846463,-25.03301405,-20.73178402,-18.89287158,-13.07039409
914,-19.94855326,-25.12611862,-25.06009894,-20.7291572,-18.9335753,-13.11994163
915,-19.98524018,-25.0637726,-25.08718383,-20.72654139,-18.97423016,-13.16941966
916,-20.02192709,-25.00917792,-25.11426872,-20.72393644,-19.0148369,-13.21879454
917,-20.05945965,-24.98864214,-25.14244013,-20.72134217,-19.05539628,-13.26806324
918,-20.09952914,-24.96810636,-25.17387112,-20.71878808,-19.09590901,-13.31722741
919,-20.13959863,-24.94757058,-25.20530211,-20.71629143,-19.13632995,-13.36628865
920,-20.17966811,-24.9270348,-25.23673309,-20.71385132,-19.17643448,-13.41524857
921,-20.2197376,-24.90649902,-25.26816408,-20.71146687,-19.2162275,-13.46410873
922,-20.25980709,-24.90912971,-25.29959507,-20.70913724,-19.25571383,-13.51284881
923,-20.29987658,-24.92902168,-25.33102605,-20.70686157,-19.29489821,-13.56143057
924,-20.34339549,-24.94891366,-25.36045402,-20.70463902,-19.3337853,-13.60985648
925,-20.38754157,-24.96880563,-25.38547536,-20.7024721,-19.37237972,-13.65812893
926,-20.43168766,-24.98869761,-25.41049669,-20.7003861,-19.41089479,-13.70625031
927,-20.47583374,-25.00858958,-25.43551802,-20.69837977,-19.44934869,-13.75422294
928,-20.51997982,-25.04194202,-25.46053936,-20.69645189,-19.48774236,-13.80204913
929,-20.5641259,-25.07584548,-25.48556069,-20.69460122,-19.52607674,-13.84972869
930,-20.61305864,-25.10974893,-25.51058203,-20.69282659,-19.56435272,-13.89726337
931,-20.66802672,-25.14365239,-25.53459961,-20.69112681,-19.60257123,-13.94465541
932,-20.7229948,-25.17755584,-25.55694428,-20.68950073,-19.64074454,-13.99190701
933,-20.77796288,-25.20849295,-25.57928895,-20.68794113,-19.67887866,-14.03902034
934,-20.83293097,-25.23388011,-25.60163362,-20.68644296,-19.7169742,-14.08599754
935,-20.88789905,-25.25926727,-25.62397829,-20.68500527,-19.75503177,-14.13282554
936,-20.94255224,-25.28465444,-25.64632297,-20.68362711,-19.79305194,-14.17947022
937,-20.9893331,-25.3100416,-25.66866764,-20.68230758,-19.83103531,-14.22593441
938,-21.03611397,-25.33542876,-25.69221415,-20.68104575,-19.86877567,-14.2722209
939,-21.08289484,-25.35733957,-25.7173059,-20.67984075,-19.90601096,-14.31833244
940,-21.12967571,-25.37800313,-25.74239765,-20.67864003,-19.942749,-14.36427174
941,-21.17645658,-25.3986667,-25.7674894,-20.67692249,-19.97899746,-14.41004145
942,-21.22323745,-25.41933026,-25.79258114,-20.67469615,-20.01476393,-14.45556079
943,-21.22962263,-25.43999383,-25.81767289,-20.67196886,-20.05005586,-14.50080796
944,-21.21274969,-25.46415143,-25.84276464,-20.66874838,-20.08490298,-14.54578716
945,-21.19587674,-25.51308493,-25.86706021,-20.66504232,-20.1194054,-14.59050255
946,-21.1790038,-25.56201843,-25.8905596,-20.66085821,-20.15356845,-14.6349582
947,-21.16213086,-25.61095193,-25.914059,-20.65620343,-20.18739738,-14.67915813
948,-21.14525791,-25.65988543,-25.93755839,-20.65110425,-20.22089735,-14.72306047
949,-21.14391954,-25.70881893,-25.96105779,-20.64558135,-20.25407345,-14.76652097
950,-21.19436305,-25.7580958,-25.98455718,-20.63964128,-20.2869307,-14.80954643
951,-21.24480656,-25.80770096,-26.00805658,-20.63329049,-20.31981613,-14.8521436
952,-21.29525008,-25.85730612,-26.03237021,-20.62653534,-20.35274732,-14.8943191
953,-21.34569359,-25.90691128,-26.05731713,-20.61938207,-20.38572355,-14.93607944
954,-21.3961371,-25.95651644,-26.08226405,-20.61183686,-20.41874414,-14.97743105
955,-21.44658062,-26.0061216,-26.10721097,-20.603908,-20.45180839,-15.01843275
956,-21.44211974,-26.04717319,-26.13215789,-20.59563245,-20.48491564,-15.05911182
957,-21.42616724,-26.0872625,-26.15710481,-20.58701558,-20.51780815,-15.09947325
958,-21.41021474,-26.1273518,-26.18205173,-20.57806266,-20.55038233,-15.13952195
959,-21.39426224,-26.16744111,-26.17999719,-20.56877889,-20.58264311,-15.17926277
960,-21.37830974,-26.20753042,-26.16174177,-20.55916939,-20.61459532,-15.21870045
961,-21.36235724,-26.23629887,-26.14348634,-20.54923919,-20.64624375,-15.25784399
962,-21.38934346,-26.23687617,-26.12523092,-20.53899326,-20.6775931,-15.29671795
963,-21.47488247,-26.23745347,-26.1069755,-20.52843068,-20.70877223,-15.3353265
964,-21.56042149,-26.23803077,-26.08872007,-20.51755172,-20.73992821,-15.37367376
965,-21.6459605,-26.23860807,-26.07046465,-20.50636129,-20.77106139,-15.41176375
966,-21.73149952,-26.23918536,-26.08409669,-20.49486419,-20.80217212,-15.44960046
967,-21.81703853,-26.22409594,-26.11222303,-20.48306518,-20.83326074,-15.48718781
968,-21.90230503,-26.20143426,-26.14034936,-20.47096892,-20.86432761,-15.52460252
969,-21.97367295,-26.17877258,-26.1684757,-20.45858,-20.89531145,-15.561887
970,-22.04504087,-26.1561109,-26.19660204,-20.44590565,-20.92599352,-15.59904326
971,-22.11640879,-26.13344922,-26.22472838,-20.43300723,-20.95637849,-15.63607329
972,-22.18777672,-26.11252941,-26.25285472,-20.41988822,-20.98647096,-15.67297904
973,-22.25914464,-26.11805439,-26.24289875,-20.40655203,-21.01627545,-15.70976243
974,-22.33051256,-26.12357936,-26.22024868,-20.39300202,-21.04579642,-15.74641766
975,-22.39202419,-26.12910433,-26.19759862,-20.37924149,-21.07503824,-15.78288901
976,-22.44737564,-26.1346293,-26.17494855,-20.36527369,-21.10346221,-15.81917931
977,-22.50272708,-26.14015427,-26.15229848,-20.35110184,-21.13106703,-15.85529136
978,-22.55807853,-26.14821108,-26.12964842,-20.33680551,-21.1578654,-15.89122793
979,-22.61342997,-26.15936939,-26.10699835,-20.32245334,-21.18386976,-15.92699172
980,-22.66878142,-26.17052769,-26.11036003,-20.3080462,-21.20909242,-15.96258541
981,-22.72308593,-26.181686,-26.11972442,-20.29358495,-21.23354544,-15.99796022
982,-22.7734882,-26.1928443,-26.12908882,-20.27907041,-21.25731727,-16.03308355
983,-22.82389048,-26.20400261,-26.13845321,-20.26450341,-21.28044656,-16.06795929
984,-22.87429276,-26.20966517,-26.1478176,-20.24988477,-21.30294324,-16.10259127
985,-22.92469504,-26.2142581,-26.157182,-20.23521643,-21.32481711,-16.13698325
986,-22.97509732,-26.21885102,-26.16654639,-20.2205489,-21.34607779,-16.17113896
987,-23.02549959,-26.22344394,-26.17975704,-20.20588218,-21.36673477,-16.20508245
988,-23.00727116,-26.22803686,-26.19351715,-20.19121624,-21.38683932,-16.23914362
989,-22.97270209,-26.2274867,-26.20727727,-20.17655109,-21.40644407,-16.27332066
990,-22.93813301,-26.2091929,-26.22103738,-20.16188669,-21.42555676,-16.30761178
991,-22.90356394,-26.19089911,-26.23479749,-20.14722305,-21.44418499,-16.3420152
992,-22.86899486,-26.17260531,-26.24855761,-20.13256016,-21.46233625,-16.3765292
993,-22.83442578,-26.15431151,-26.26231772,-20.1179619,-21.48001793,-16.41115206
994,-22.83236743,-26.13601771,-26.27322036,-20.10348839,-21.49729802,-16.44583234
995,-22.87830109,-26.12945766,-26.28393249,-20.08913769,-21.51437119,-16.4805249
996,-22.92423476,-26.13032539,-26.29464463,-20.0749079,-21.53124064,-16.51522957
997,-22.97016842,-26.13119313,-26.30535677,-20.06079715,-21.54790952,-16.54994614
998,-23.01610209,-26.13206086,-26.3160689,-20.04680361,-21.56438094,-16.58467445
999,-23.06203575,-26.1329286,-26.32678104,-20.03292545,-21.58065794,-16.6194143
1000,-23.10796942,-26.13379634,-26.33749317,-20.01916089,-21.59674354,-16.65416552
