Var1,Var2_1,Var2_2,Var2_3,Var2_4
1,-20.57552318,-21.22948831,-19.19707027,-22.08746379
2,-20.57611028,-21.22967738,-19.19778908,-22.08746379
3,-20.57727541,-21.23005259,-19.19921559,-22.08746379
4,-20.57900963,-21.23061107,-19.20133885,-22.08746379
5,-20.58130413,-21.23134998,-19.20414809,-22.08838004
6,-20.58415025,-21.23226654,-19.2076327,-22.08928213
7,-20.58684619,-21.23335799,-19.21174616,-22.09017027
8,-20.58915334,-21.23450483,-19.21628641,-22.09104467
9,-20.59107772,-21.23563965,-19.22124685,-22.09190555
10,-20.59262526,-21.23676262,-19.22662097,-22.09275311
11,-20.59380177,-21.23787393,-19.23240238,-22.09384411
12,-20.5946468,-21.23897375,-19.23858479,-22.09491823
13,-20.5952015,-21.24006228,-19.24478575,-22.09597573
14,-20.59547036,-21.24113695,-19.25018983,-22.09701689
15,-20.59545779,-21.24219074,-19.25480935,-22.09804194
16,-20.59516816,-21.24322397,-19.25865643,-22.09905114
17,-20.59477662,-21.24423697,-19.26174303,-22.10004473
18,-20.59486895,-21.24523005,-19.2640809,-22.10129618
19,-20.59543767,-21.24620351,-19.26624221,-22.10252826
20,-20.5964754,-21.24715765,-19.26885256,-22.1037413
21,-20.5979749,-21.24793257,-19.27190499,-22.10493557
22,-20.59992901,-21.24851535,-19.27539269,-22.10611138
23,-20.60158827,-21.24890895,-19.2793089,-22.107269
24,-20.60293301,-21.24911631,-19.28364701,-22.10840871
25,-20.60396809,-21.2491403,-19.28757795,-22.10817782
26,-20.60469832,-21.24898377,-19.29062821,-22.1079505
27,-20.60512839,-21.24864418,-19.29281139,-22.10772669
28,-20.60532657,-21.24812001,-19.29414092,-22.10750635
29,-20.60532234,-21.24741409,-19.29462999,-22.10728941
30,-20.60511883,-21.24652925,-19.29429159,-22.10707583
31,-20.60471913,-21.24546824,-19.29317862,-22.10677727
32,-20.60412627,-21.24423379,-19.29131373,-22.10648333
33,-20.60333441,-21.24279634,-19.28870855,-22.10619393
34,-20.60233596,-21.24101668,-19.28537454,-22.10590901
35,-20.60113412,-21.23890012,-19.28132296,-22.10562849
36,-20.59973203,-21.23645185,-19.27656491,-22.10535232
37,-20.59813278,-21.23367701,-19.27211814,-22.10508041
38,-20.59634075,-21.23058064,-19.26803378,-22.10441724
39,-20.59436434,-21.22716773,-19.26430622,-22.10376432
40,-20.59220641,-21.22334289,-19.26092995,-22.1031215
41,-20.58986977,-21.21909071,-19.25789953,-22.10248862
42,-20.58735718,-21.21441782,-19.25508627,-22.10186553
43,-20.58467136,-21.20933072,-19.25143846,-22.10125208
44,-20.5816874,-21.20383581,-19.24696902,-22.10064811
45,-20.57840131,-21.1979394,-19.24169064,-22.09928377
46,-20.57481776,-21.19167127,-19.23561584,-22.09794052
47,-20.57094135,-21.18506499,-19.22875693,-22.09661805
48,-20.56677661,-21.1781258,-19.22140043,-22.09531603
49,-20.56252612,-21.17085884,-19.21432231,-22.09403415
50,-20.5582849,-21.16326918,-19.20751827,-22.09277209
51,-20.5540528,-21.15536182,-19.20098408,-22.08978335
52,-20.54982967,-21.14713766,-19.19471555,-22.08684082
53,-20.54561539,-21.13856379,-19.18870858,-22.0839438
54,-20.54138518,-21.1296456,-19.18242565,-22.08109159
55,-20.53710542,-21.12038843,-19.17513751,-22.07828348
56,-20.53277687,-21.11079751,-19.16685969,-22.0755188
57,-20.5284003,-21.100878,-19.1576075,-22.07279688
58,-20.52397643,-21.090635,-19.14739602,-22.06844557
59,-20.51950189,-21.08015999,-19.13624007,-22.06416155
60,-20.51495633,-21.06948814,-19.12487118,-22.05994379
61,-20.51034084,-21.05862249,-19.11381402,-22.05579126
62,-20.50565651,-21.04756606,-19.10306379,-22.05170294
63,-20.5009044,-21.03632178,-19.09261573,-22.04767786
64,-20.49608556,-21.02489256,-19.08246517,-22.04206306
65,-20.49110336,-21.01330181,-19.07260751,-22.0365351
66,-20.48595011,-21.00158711,-19.06216243,-22.03109263
67,-20.48062845,-20.98975037,-19.05082624,-22.02573433
68,-20.47514099,-20.97779348,-19.03861271,-22.02045889
69,-20.46949029,-20.9657183,-19.02553542,-22.01526504
70,-20.46371267,-20.95352666,-19.01160771,-22.01015151
71,-20.45782852,-20.94122089,-18.99684276,-22.0032977
72,-20.45183946,-20.92888492,-18.98131948,-21.99654989
73,-20.44574714,-20.91651924,-18.96505739,-21.98990643
74,-20.43955314,-20.9041243,-18.94806789,-21.98336571
75,-20.43319668,-20.89170055,-18.93036225,-21.97692615
76,-20.42658253,-20.87924843,-18.91195153,-21.97058617
77,-20.41971466,-20.8667684,-18.89289795,-21.96434424
78,-20.41259702,-20.85405418,-18.87413503,-21.95640774
79,-20.40523345,-20.84099481,-18.85565828,-21.94859398
80,-20.3976112,-20.82759561,-18.83746328,-21.94090106
81,-20.38962499,-20.81386185,-18.81954566,-21.93332711
82,-20.38128046,-20.7997987,-18.80190113,-21.92587029
83,-20.37258314,-20.78541125,-18.78452968,-21.91852879
84,-20.36353849,-20.77083359,-18.76744281,-21.9091009
85,-20.35415188,-20.7564001,-18.75063614,-21.8998188
86,-20.34436411,-20.74210857,-18.73410532,-21.89068026
87,-20.33417205,-20.7279568,-18.71784609,-21.88168304
88,-20.32358196,-20.71394262,-18.70185424,-21.87282497
89,-20.31259999,-20.7000639,-18.68572421,-21.86410388
90,-20.30123221,-20.68631856,-18.66876992,-21.85551767
91,-20.28941444,-20.67266602,-18.65100413,-21.84430884
92,-20.27710988,-20.65910137,-18.63243939,-21.83327335
93,-20.26432606,-20.64562324,-18.61308805,-21.82240853
94,-20.25107039,-20.63223031,-18.59296227,-21.81171173
95,-20.23735017,-20.61892124,-18.57274919,-21.80118036
96,-20.22314046,-20.60569476,-18.55305781,-21.79081186
97,-20.20839118,-20.59248872,-18.53388006,-21.77722117
98,-20.19311069,-20.57925386,-18.51520799,-21.76384067
99,-20.17730719,-20.56599063,-18.49703378,-21.75066709
100,-20.16098879,-20.55269945,-18.47934974,-21.73769725
101,-20.14415653,-20.53938077,-18.46141855,-21.72492798
102,-20.12675625,-20.52603501,-18.44290724,-21.71235619
103,-20.10879675,-20.5126299,-18.42382479,-21.69997883
104,-20.09028667,-20.49902799,-18.40418002,-21.68391429
105,-20.07123453,-20.48523232,-18.38398163,-21.66809818
106,-20.0516487,-20.47124589,-18.36323818,-21.65252667
107,-20.0315133,-20.45707165,-18.34315006,-21.63719598
108,-20.01083229,-20.44271251,-18.32393062,-21.62210237
109,-19.98961412,-20.42817132,-18.30556642,-21.60724219
110,-19.96786709,-20.41341518,-18.28804424,-21.59261182
111,-19.94559938,-20.39844001,-18.27135105,-21.57377529
112,-19.92283299,-20.38324919,-18.25547404,-21.55523007
113,-19.89958557,-20.36784606,-18.24035177,-21.53697166
114,-19.87586456,-20.3522339,-18.22597255,-21.5189956
115,-19.85167728,-20.33641594,-18.21232491,-21.50129755
116,-19.82703094,-20.3203928,-18.19939752,-21.4838732
117,-19.80192416,-20.30416471,-18.18717925,-21.46210626
118,-19.77634657,-20.28773484,-18.17551224,-21.44067595
119,-19.75030543,-20.27110631,-18.16360457,-21.41957705
120,-19.72380792,-20.25428219,-18.15145997,-21.39880445
121,-19.69686111,-20.23726551,-18.13908208,-21.3783531
122,-19.66947333,-20.22006628,-18.12647453,-21.35821803
123,-19.6416706,-20.20274942,-18.11364086,-21.33839435
124,-19.61345933,-20.18531675,-18.10051828,-21.31415252
125,-19.58484584,-20.16777006,-18.08696763,-21.29028558
126,-19.55583635,-20.1501111,-18.07299552,-21.26678775
127,-19.52643698,-20.13234163,-18.05860847,-21.24365332
128,-19.49660799,-20.11446334,-18.0438129,-21.22087666
129,-19.46634532,-20.09656873,-18.02861512,-21.19845224
130,-19.43565569,-20.07869015,-18.01303221,-21.17637461
131,-19.40454568,-20.06082735,-17.99708216,-21.15004165
132,-19.37302181,-20.04298008,-17.98077065,-21.12411592
133,-19.34109683,-20.02514812,-17.96410328,-21.09859114
134,-19.30878211,-20.00733121,-17.94708554,-21.0734611
135,-19.27608368,-19.98959799,-17.92972286,-21.04871969
136,-19.24300746,-19.97206154,-17.91192731,-21.02436091
137,-19.2095593,-19.95471881,-17.89365119,-20.99597482
138,-19.17574151,-19.93756681,-17.87490194,-20.96802772
139,-19.14155154,-19.92060259,-17.85568686,-20.94051283
140,-19.10699517,-19.90382324,-17.83601317,-20.91342345
141,-19.07207805,-19.8872279,-17.81588795,-20.88675301
142,-19.03680576,-19.87096748,-17.79512653,-20.86049503
143,-19.00118222,-19.85503681,-17.77368762,-20.83464313
144,-18.96517157,-19.83943078,-17.75158171,-20.80500836
145,-18.92877981,-19.82414439,-17.72881911,-20.77583189
146,-18.89201282,-19.80917268,-17.70540997,-20.74710664
147,-18.85487641,-19.79451078,-17.6813643,-20.71882563
148,-18.8173763,-19.78020963,-17.65642852,-20.69098198
149,-18.7795944,-19.76629367,-17.63060176,-20.66356893
150,-18.74155674,-19.75275696,-17.6038978,-20.63299704
151,-18.70326727,-19.73959363,-17.57633021,-20.60289794
152,-18.66472988,-19.7267979,-17.54791234,-20.57326433
153,-18.6259484,-19.71436409,-17.51865735,-20.544089
154,-18.58667683,-19.7023093,-17.48857817,-20.51536487
155,-18.54669314,-19.69068417,-17.45768757,-20.48708496
156,-18.50600834,-19.67948206,-17.42599808,-20.4592424
157,-18.46463327,-19.66869641,-17.39352206,-20.42967162
158,-18.42257861,-19.6583208,-17.36027168,-20.40055815
159,-18.37995314,-19.64834887,-17.32620568,-20.37189492
160,-18.33704085,-19.63877439,-17.29118762,-20.34367497
161,-18.29384618,-19.62955909,-17.25523224,-20.31589145
162,-18.25037349,-19.62069474,-17.21835401,-20.28853759
163,-18.20662708,-19.61217591,-17.18056722,-20.26160677
164,-18.16261249,-19.60399727,-17.14188592,-20.23309479
165,-18.1185784,-19.59615356,-17.10231684,-20.20502375
166,-18.07452512,-19.58863959,-17.06186396,-20.17738682
167,-18.03045294,-19.58140758,-17.02054094,-20.15017731
168,-17.98636216,-19.57441971,-16.97836124,-20.12338859
169,-17.94225307,-19.5676722,-16.93533811,-20.09701416
170,-17.8982721,-19.56116133,-16.8914846,-20.06913822
171,-17.85446671,-19.55488344,-16.8468492,-20.04169338
172,-17.81083416,-19.54883493,-16.80146995,-20.01467298
173,-17.76737179,-19.54299498,-16.75535834,-19.98807045
174,-17.72407697,-19.53729011,-16.7085257,-19.96187933
175,-17.68108465,-19.53171824,-16.66098318,-19.93609326
176,-17.63853362,-19.52627731,-16.61274177,-19.91070597
177,-17.59641705,-19.5209653,-16.56394794,-19.88353448
178,-17.55472823,-19.51578022,-16.5146587,-19.8567832
179,-17.51346055,-19.51072009,-16.4648817,-19.83044563
180,-17.47262362,-19.50569974,-16.41462449,-19.80451537
181,-17.43226434,-19.50070203,-16.36389449,-19.77898612
182,-17.39237532,-19.49572661,-16.31269902,-19.75385168
183,-17.3529493,-19.49077314,-16.26145176,-19.72757189
184,-17.3139791,-19.48584127,-16.21020133,-19.70169852
185,-17.27545769,-19.48093068,-16.1589478,-19.67622528
186,-17.23727646,-19.47600639,-16.10769119,-19.65114598
187,-17.19942741,-19.47102977,-16.05643157,-19.62645454
188,-17.1619054,-19.46600164,-16.00518179,-19.60214495
189,-17.12470538,-19.46092279,-15.95417256,-19.57821131
190,-17.08782236,-19.455794,-15.90340014,-19.5523917
191,-17.05143163,-19.45061604,-15.85286087,-19.52697139
192,-17.01559713,-19.44538504,-15.80255115,-19.5019442
193,-16.98031025,-19.44006348,-15.75246743,-19.47730407
194,-16.94556252,-19.43465279,-15.70264234,-19.45304499
195,-16.9113456,-19.42915434,-15.65320741,-19.42916108
196,-16.87764554,-19.42356948,-15.6041566,-19.40564653
197,-16.84444753,-19.41789955,-15.55548396,-19.38023874
198,-16.8117438,-19.41214586,-15.50718365,-19.35522388
199,-16.77952671,-19.40622825,-15.45924991,-19.33059587
200,-16.74778873,-19.40012139,-15.41169327,-19.30634874
201,-16.71650577,-19.39382821,-15.36453564,-19.28247659
202,-16.68560401,-19.38735158,-15.31777087,-19.25897362
203,-16.65507756,-19.38069436,-15.27139286,-19.23298324
204,-16.62492062,-19.37385932,-15.22539565,-19.20739481
205,-16.59512748,-19.36690466,-15.17977333,-19.1822021
206,-16.56569249,-19.35992181,-15.13467691,-19.157399
207,-16.53660277,-19.35291122,-15.09023937,-19.13297948
208,-16.50785252,-19.34587332,-15.0464505,-19.10893761
209,-16.47943648,-19.33880854,-15.00330029,-19.08526754
210,-16.45134949,-19.33171727,-14.96077885,-19.0592533
211,-16.42358646,-19.32459681,-14.91887645,-19.03364137
212,-16.39607481,-19.3172865,-14.87749606,-19.00842554
213,-16.36877945,-19.30978929,-14.83658921,-18.98359966
214,-16.34169705,-19.30210807,-14.79614859,-18.95915772
215,-16.3148243,-19.29424569,-14.75616698,-18.93509377
216,-16.28815797,-19.28620493,-14.71663728,-18.91140197
217,-16.2615526,-19.27798857,-14.67755252,-18.88708268
218,-16.23481582,-19.26961016,-14.63962323,-18.86313949
219,-16.20794965,-19.26107786,-14.60296606,-18.83956657
220,-16.18095609,-19.25239408,-14.56756134,-18.81635822
221,-16.15383713,-19.24356114,-14.5333897,-18.79350878
222,-16.1266121,-19.23458136,-14.50043207,-18.7710127
223,-16.09936865,-19.225457,-14.46866968,-18.74616989
224,-16.07210706,-19.2161901,-14.43720254,-18.72171127
225,-16.04482761,-19.20678239,-14.40602607,-18.6976309
226,-16.01753058,-19.19723604,-14.37513579,-18.67392294
227,-15.99021623,-19.18755319,-14.34452726,-18.65058162
228,-15.96284221,-19.17773596,-14.31419613,-18.62760127
229,-15.93540525,-19.16778642,-14.28414918,-18.60497632
230,-15.90790632,-19.15770662,-14.25444105,-18.58012396
231,-15.88034637,-19.14754218,-14.22506649,-18.55565595
232,-15.85272636,-19.13729769,-14.19602035,-18.53156633
233,-15.82516471,-19.1269744,-14.16729756,-18.50784927
234,-15.79772303,-19.11657352,-14.1388931,-18.48449898
235,-15.77039948,-19.10609624,-14.11084588,-18.46150981
236,-15.74319224,-19.09554376,-14.08324533,-18.4416398
237,-15.7160995,-19.08488928,-14.05608454,-18.42207707
238,-15.68918283,-19.074113,-14.0293567,-18.40281689
239,-15.66253664,-19.06321683,-14.00305513,-18.38385456
240,-15.63615676,-19.05220259,-13.97717323,-18.36518549
241,-15.61003905,-19.04107214,-13.95151573,-18.34680513
242,-15.58417947,-19.02982726,-13.9258694,-18.32870903
243,-15.55857844,-19.01847397,-13.90023406,-18.30855931
244,-15.53325987,-19.00703055,-13.87460955,-18.28872121
245,-15.50821939,-18.99549842,-13.8489957,-18.2691899
246,-15.48345269,-18.98387892,-13.82339235,-18.24996065
247,-15.45895555,-18.97217343,-13.79862871,-18.23102877
248,-15.43472379,-18.96038326,-13.77517561,-18.21238968
249,-15.41040924,-18.94850973,-13.75301277,-18.19403885
250,-15.3859658,-18.93651353,-13.73212026,-18.17899158
251,-15.36139545,-18.92438889,-13.71247841,-18.16417703
252,-15.33670017,-18.91213779,-13.69406789,-18.14959158
253,-15.31188188,-18.89976218,-13.67686111,-18.13523169
254,-15.28704955,-18.887264,-13.66083718,-18.12109389
255,-15.26226872,-18.87464512,-13.6459778,-18.10717472
256,-15.23753859,-18.86189522,-13.63226498,-18.09258924
257,-15.21285837,-18.84900294,-13.61968096,-18.07822934
258,-15.18822731,-18.8359705,-13.60820831,-18.0640915
259,-15.16374053,-18.82280007,-13.59731231,-18.05017231
260,-15.13956397,-18.80949377,-13.5869553,-18.03646838
261,-15.11569284,-18.79605371,-13.57712895,-18.02297639
262,-15.09212241,-18.78247294,-13.56782504,-18.00969304
263,-15.06884803,-18.76868404,-13.55903551,-17.99654803
264,-15.0458966,-18.75469024,-13.55077727,-17.9836063
265,-15.02353068,-18.74049471,-13.54325358,-17.97086472
266,-15.00174122,-18.72610055,-13.53645309,-17.95832019
267,-14.98051929,-18.71151084,-13.53036461,-17.94596966
268,-14.95985612,-18.69672862,-13.52497712,-17.93381013
269,-14.93974308,-18.68169324,-13.5202798,-17.92248559
270,-14.92046563,-18.66638761,-13.51621199,-17.91133618
271,-14.9020638,-18.6508159,-13.51262406,-17.9003592
272,-14.88452406,-18.63498223,-13.50950858,-17.88955198
273,-14.86783308,-18.61889065,-13.50685826,-17.8789119
274,-14.85197772,-18.60254515,-13.50466588,-17.86843636
275,-14.83745358,-18.58593375,-13.50292438,-17.85812283
276,-14.8245942,-18.56903555,-13.5023155,-17.84851727
277,-14.81337385,-18.55185497,-13.50376872,-17.83906027
278,-14.80376717,-18.5343964,-13.50725215,-17.82974952
279,-14.79574921,-18.51666412,-13.51273439,-17.82058276
280,-14.78900564,-18.49866237,-13.52018453,-17.81155777
281,-14.78293262,-18.48039449,-13.52957214,-17.80267235
282,-14.7775198,-18.46183324,-13.53947821,-17.79392434
283,-14.77275695,-18.44298316,-13.54888453,-17.78566317
284,-14.76863404,-18.42384871,-13.55779882,-17.77752976
285,-14.76511115,-18.40443428,-13.56622868,-17.76952214
286,-14.76180196,-18.38474422,-13.57418161,-17.76163836
287,-14.75870314,-18.36478277,-13.58166499,-17.7538765
288,-14.75581146,-18.34449139,-13.58861731,-17.74623467
289,-14.7531237,-18.32384319,-13.59502222,-17.73814338
290,-14.75063671,-18.30284369,-13.60088818,-17.73017723
291,-14.74814666,-18.28149833,-13.60622354,-17.72233427
292,-14.74560829,-18.25981246,-13.61103649,-17.7146126
293,-14.74302232,-18.23779133,-13.61533511,-17.70701035
294,-14.74038951,-18.21545477,-13.61906705,-17.69952566
295,-14.73771057,-18.1928419,-13.62223397,-17.69215673
296,-14.7349583,-18.169957,-13.62484461,-17.68318879
297,-14.7321117,-18.14680427,-13.62690758,-17.67435954
298,-14.72917224,-18.12338785,-13.62843133,-17.66566684
299,-14.72614135,-18.09971183,-13.62941101,-17.65710857
300,-14.72302044,-18.07578021,-13.62961742,-17.64868265
301,-14.71976515,-18.05150682,-13.6290625,-17.64038704
302,-14.71627075,-18.0268908,-13.62775803,-17.63221973
303,-14.71254096,-18.00193747,-13.62571561,-17.62196652
304,-14.70857941,-17.97665203,-13.62294664,-17.61187187
305,-14.70438968,-17.95103962,-13.61947506,-17.60193334
306,-14.69997793,-17.9251053,-13.61535934,-17.59214852
307,-14.69540734,-17.89888865,-13.61060944,-17.58251501
308,-14.69068037,-17.87241982,-13.60523518,-17.57303049
309,-14.68579943,-17.84570271,-13.5992462,-17.55203803
310,-14.68076691,-17.81874115,-13.59265201,-17.53137021
311,-14.67558515,-17.79153892,-13.58548234,-17.51102203
312,-14.67034986,-17.76409974,-13.57778102,-17.49098854
313,-14.66508758,-17.73641626,-13.56955625,-17.47126486
314,-14.65979872,-17.70845079,-13.56081614,-17.45184621
315,-14.6544837,-17.68020771,-13.55156865,-17.43272787
316,-14.64914292,-17.6516913,-13.54182163,-17.41388554
317,-14.64379466,-17.62290579,-13.53161664,-17.3953346
318,-14.63845511,-17.59385535,-13.52099122,-17.37707056
319,-14.63312415,-17.56454406,-13.50995185,-17.35908898
320,-14.62780164,-17.53503458,-13.49850495,-17.34138547
321,-14.62248745,-17.50534054,-13.48665681,-17.32395576
322,-14.61715438,-17.4754648,-13.47441365,-17.30634328
323,-14.61172893,-17.44541016,-13.46237631,-17.28900318
324,-14.60621253,-17.41517939,-13.45081611,-17.27193124
325,-14.60060659,-17.38477522,-13.43972568,-17.25512332
326,-14.59491249,-17.35425167,-13.42909775,-17.23857534
327,-14.58913177,-17.32366527,-13.41892516,-17.22228327
328,-14.58328202,-17.29301701,-13.40920087,-17.20624316
329,-14.57736429,-17.26230784,-13.39902765,-17.18996015
330,-14.57137965,-17.23153871,-13.3882455,-17.17392896
331,-14.56532912,-17.20071053,-13.37686383,-17.15814569
332,-14.55921373,-17.16983253,-13.36489193,-17.14260651
333,-14.55312865,-17.13896572,-13.35233891,-17.12730765
334,-14.54710438,-17.10810992,-13.33921376,-17.11224538
335,-14.54113998,-17.07726498,-13.32553803,-17.09741605
336,-14.53523451,-17.04643071,-13.31132024,-17.0821663
337,-14.52938707,-17.01560696,-13.29656877,-17.06715238
338,-14.52357885,-16.98479357,-13.28129186,-17.05237066
339,-14.51779095,-16.95406288,-13.26549765,-17.03781754
340,-14.51202307,-16.92343679,-13.249181,-17.02348948
341,-14.50627489,-16.89291367,-13.23227996,-17.00938301
342,-14.50054611,-16.86249193,-13.21480355,-16.99528382
343,-14.49484152,-16.83217,-13.19676068,-16.98140268
344,-14.48917711,-16.80194634,-13.17816011,-16.96773621
345,-14.48355227,-16.7718774,-13.15901046,-16.9542811
346,-14.47796638,-16.74204958,-13.13954673,-16.94103407
347,-14.47241885,-16.71245915,-13.12026454,-16.9279919
348,-14.46690908,-16.68310245,-13.10116108,-16.91515143
349,-14.46142735,-16.65397587,-13.08223358,-16.90234206
350,-14.45597304,-16.62507583,-13.06347933,-16.88973079
351,-14.45054571,-16.59639348,-13.04489565,-16.87731455
352,-14.44514496,-16.56776238,-13.02595359,-16.86509032
353,-14.43977036,-16.53918176,-13.00607391,-16.85305515
354,-14.43443339,-16.51065081,-12.9852711,-16.8412061
355,-14.42913804,-16.48216878,-12.96355944,-16.82919657
356,-14.42388368,-16.45373491,-12.940953,-16.81737278
357,-14.41866967,-16.42534846,-12.91746559,-16.80573184
358,-14.41349539,-16.39867942,-12.89311632,-16.79427092
359,-14.40824195,-16.37452864,-12.8679217,-16.78298725
360,-14.40277346,-16.35285717,-12.84189479,-16.77187808
361,-14.39709327,-16.33362668,-12.81504847,-16.76094072
362,-14.39120463,-16.31679942,-12.78739541,-16.74938412
363,-14.38511079,-16.30233821,-12.75894808,-16.73800625
364,-14.37881554,-16.2899716,-12.73037407,-16.72680433
365,-14.37232448,-16.27913382,-12.70185009,-16.71577566
366,-14.36564065,-16.26980124,-12.67337535,-16.70491754
367,-14.35876701,-16.26195057,-12.64494909,-16.69422735
368,-14.3517065,-16.25555889,-12.61657057,-16.68370248
369,-14.34446203,-16.25060365,-12.58823905,-16.68445043
370,-14.33707477,-16.24706263,-12.55891378,-16.68518682
371,-14.32954907,-16.24258425,-12.52855234,-16.68591182
372,-14.32188708,-16.23704134,-12.49717077,-16.68662561
373,-14.31409089,-16.23045037,-12.46478483,-16.68732836
374,-14.30616259,-16.22282754,-12.43141007,-16.68802024
375,-14.29822037,-16.21418881,-12.39706618,-16.68430245
376,-14.29031678,-16.20454989,-12.36180566,-16.68064215
377,-14.2824512,-16.19394746,-12.32564269,-16.67703847
378,-14.27462307,-16.18241181,-12.28859122,-16.67349051
379,-14.26683179,-16.16995738,-12.250665,-16.66999742
380,-14.25891463,-16.15659837,-12.21187755,-16.66655835
381,-14.25065998,-16.14234877,-12.17226555,-16.66317247
382,-14.24207304,-16.12722235,-12.13190715,-16.64661275
383,-14.23315895,-16.11129634,-12.0908139,-16.63030913
384,-14.22392277,-16.09481339,-12.04899716,-16.61425765
385,-14.21440775,-16.07778212,-12.00646811,-16.5984544
386,-14.20480021,-16.06021101,-11.96323778,-16.58289555
387,-14.19510159,-16.0421084,-11.91930032,-16.56757732
388,-14.18531328,-16.02348252,-11.87464373,-16.55249598
389,-14.17543669,-16.00434146,-11.82927913,-16.5337605
390,-14.16547317,-15.98468188,-11.78321746,-16.51531476
391,-14.15516674,-15.96450984,-11.73646951,-16.49715429
392,-14.14449905,-15.94383328,-11.6890459,-16.47927466
393,-14.13347568,-15.92266,-11.64101237,-16.46167155
394,-14.12210214,-15.90099768,-11.59241857,-16.44434067
395,-14.11038383,-15.87885389,-11.54327318,-16.42306866
396,-14.09833517,-15.85629534,-11.49358471,-16.40212562
397,-14.08596598,-15.83339006,-11.44336158,-16.38150647
398,-14.07328122,-15.81014339,-11.39261205,-16.36120619
399,-14.06028576,-15.78656063,-11.34138033,-16.34121986
400,-14.04698442,-15.76264696,-11.28968676,-16.32154262
401,-14.03343962,-15.73840751,-11.23753849,-16.30216969
402,-14.01974166,-15.71389429,-11.18494255,-16.27899986
403,-14.00589291,-15.6894334,-11.13190586,-16.25618836
404,-13.9918957,-15.66502402,-11.07843524,-16.23372964
405,-13.97775232,-15.64066535,-11.0245602,-16.21161824
406,-13.96344926,-15.61635661,-10.97028967,-16.1898488
407,-13.94889366,-15.59209703,-10.91562978,-16.16841602
408,-13.93408943,-15.56788585,-10.86058654,-16.14314644
409,-13.91904042,-15.54364205,-10.80516589,-16.11826765
410,-13.9037504,-15.51934138,-10.74937953,-16.09377361
411,-13.88822311,-15.49498473,-10.6933389,-16.06965838
412,-13.87480883,-15.47057296,-10.63704794,-16.04591609
413,-13.86378217,-15.44610692,-10.58051051,-16.02254097
414,-13.8551062,-15.42158746,-10.52373043,-15.99952735
415,-13.84874457,-15.3978203,-10.46671145,-15.97241533
416,-13.84466149,-15.37599478,-10.40945253,-15.94572259
417,-13.84247874,-15.35608087,-10.35193963,-15.91944266
418,-13.84196229,-15.338049,-10.29417667,-15.89356915
419,-13.84308637,-15.32187008,-10.23616752,-15.86809578
420,-13.84582561,-15.30751544,-10.17791599,-15.84301635
421,-13.85015503,-15.29486939,-10.11942583,-15.81832478
422,-13.8549809,-15.281704,-10.06072415,-15.7897675
423,-13.85846274,-15.2680273,-10.00185437,-15.76165187
424,-13.86062131,-15.25384719,-9.942819086,-15.73397105
425,-13.8614771,-15.23917145,-9.883620865,-15.70671831
426,-13.86105024,-15.22400776,-9.824262224,-15.67988703
427,-13.85937163,-15.20836366,-9.764745644,-15.6534707
428,-13.8565497,-15.19232678,-9.705135698,-15.61791808
429,-13.8526021,-15.17594178,-9.645489749,-15.58291528
430,-13.84754627,-15.15921405,-9.585808353,-15.5484538
431,-13.84139932,-15.14214889,-9.526092058,-15.51452527
432,-13.83417815,-15.12475151,-9.466341404,-15.48112144
433,-13.82604788,-15.10702705,-9.406556923,-15.44823421
434,-13.81704825,-15.08901661,-9.346820018,-15.41585558
435,-13.8071927,-15.070804,-9.287167283,-15.38223169
436,-13.79649447,-15.05239235,-9.227597417,-15.34912781
437,-13.78496659,-15.03378475,-9.168109139,-15.31653587
438,-13.77415948,-15.01498421,-9.108701185,-15.28444797
439,-13.76510972,-14.99599374,-9.049372315,-15.25285631
440,-13.75779012,-14.97681626,-8.990228788,-15.22175322
441,-13.75217395,-14.95750168,-8.931287892,-15.18895148
442,-13.74823484,-14.93805467,-8.872546491,-15.15665703
443,-13.7449278,-14.91847725,-8.814001502,-15.12486201
444,-13.74023676,-14.89877146,-8.755649886,-15.0935587
445,-13.73418312,-14.87893927,-8.697488654,-15.06273949
446,-13.72678796,-14.85898265,-8.639663528,-15.03239691
447,-13.71807202,-14.83893612,-8.58216931,-15.00252358
448,-13.70810172,-14.81882412,-8.525000883,-14.9653029
449,-13.69743304,-14.79864767,-8.468153209,-14.92865784
450,-13.68607678,-14.77840776,-8.411621327,-14.89257949
451,-13.67404356,-14.75810538,-8.355414663,-14.8570591
452,-13.66134387,-14.73774148,-8.299604509,-14.82208804
453,-13.64798801,-14.71734649,-8.244184732,-14.7876578
454,-13.6340876,-14.6970236,-8.189149295,-14.75376003
455,-13.61967316,-14.6767717,-8.134492255,-14.71404364
456,-13.60475266,-14.65658968,-8.080207759,-14.67494146
457,-13.58933392,-14.63647646,-8.026287634,-14.63644401
458,-13.57342464,-14.61643099,-7.972721017,-14.59854191
459,-13.55854503,-14.59645221,-7.919502443,-14.56122598
460,-13.54585249,-14.57662792,-7.866626529,-14.52448713
461,-13.53531321,-14.55697022,-7.814087975,-14.48918925
462,-13.52689388,-14.53747652,-7.761881564,-14.45443726
463,-13.52056172,-14.51814429,-7.710018066,-14.4202227
464,-13.51535886,-14.49897104,-7.658509852,-14.38653727
465,-13.50916133,-14.4799543,-7.607351428,-14.35337279
466,-13.5019845,-14.46177118,-7.556537384,-14.3207212
467,-13.49384353,-14.44509704,-7.506062394,-14.28857457
468,-13.48475331,-14.42990853,-7.455921214,-14.25727832
469,-13.47482486,-14.41618267,-7.40611523,-14.22646606
470,-13.46600832,-14.40389686,-7.356643074,-14.19613031
471,-13.45828648,-14.39302881,-7.307499586,-14.16626371
472,-13.45164242,-14.3833053,-7.258679682,-14.136859
473,-13.44605948,-14.37308113,-7.210178358,-14.10790903
474,-13.44152123,-14.36236403,-7.161990687,-14.07940677
475,-13.4361439,-14.35116164,-7.115546922,-14.05204221
476,-13.42944244,-14.33948146,-7.071202787,-14.02510084
477,-13.42143731,-14.32733087,-7.028925813,-13.99857611
478,-13.41214869,-14.31471716,-6.988684029,-13.9724616
479,-13.40159641,-14.3018174,-6.950445963,-13.94675094
480,-13.38990055,-14.28868658,-6.914180625,-13.9214379
481,-13.37716739,-14.27532826,-6.877750513,-13.89699968
482,-13.36341297,-14.26174597,-6.841041119,-13.8729394
483,-13.34865308,-14.24794317,-6.804056762,-13.84925121
484,-13.33290326,-14.23392327,-6.766801694,-13.82592936
485,-13.31618988,-14.22038741,-6.729280103,-13.80296818
486,-13.29855712,-14.20834208,-6.691504734,-13.7803621
487,-13.28001921,-14.19776423,-6.653552827,-13.75810562
488,-13.26059014,-14.18863117,-6.61542711,-13.73707947
489,-13.2402837,-14.18092054,-6.577130273,-13.71637848
490,-13.21912112,-14.17461036,-6.538664962,-13.69599764
491,-13.19759409,-14.1696021,-6.500033781,-13.67593199
492,-13.17570825,-14.16422859,-6.461779959,-13.65617665
493,-13.15346914,-14.15849549,-6.425411512,-13.63672683
494,-13.13088223,-14.15240835,-6.390899282,-13.61779736
495,-13.1079529,-14.14597264,-6.358214564,-13.59916063
496,-13.08477968,-14.13919377,-6.327329094,-13.58081212
497,-13.06139615,-14.13207703,-6.298215048,-13.56274737
498,-13.03780554,-14.12455279,-6.269895063,-13.544962
499,-13.01401107,-14.11659237,-6.241050653,-13.52745167
500,-12.99001588,-14.10820252,-6.211689928,-13.51021215
501,-12.965866,-14.09938987,-6.181820874,-13.50507486
502,-12.94160671,-14.09016097,-6.151451352,-13.50001703
503,-12.91723971,-14.08052226,-6.120589101,-13.49503741
504,-12.89276667,-14.07083436,-6.090328807,-13.49013481
505,-12.86818923,-14.06185624,-6.061451754,-13.48530802
506,-12.84353562,-14.05357691,-6.03393655,-13.48055588
507,-12.81889035,-14.04598558,-6.007762134,-13.47587723
508,-12.79425329,-14.0390716,-5.98290777,-13.46865409
509,-12.76962432,-14.0328245,-5.959353043,-13.46154265
510,-12.74500331,-14.02723396,-5.935559655,-13.45454119
511,-12.72039013,-14.02225813,-5.910989081,-13.44764801
512,-12.69587428,-14.01788604,-5.885653339,-13.44086143
513,-12.67145569,-14.01410834,-5.859564265,-13.43417981
514,-12.64713286,-14.01091585,-5.832733508,-13.42484163
515,-12.62290431,-14.00829951,-5.805172537,-13.41564787
516,-12.59876857,-14.00625041,-5.776987682,-13.40659629
517,-12.57465094,-14.0045627,-5.748199772,-13.39768469
518,-12.55052354,-14.00309515,-5.718818133,-13.38891092
519,-12.52638652,-14.00184437,-5.688851947,-13.38027282
520,-12.50224002,-14.000807,-5.658310254,-13.37176832
521,-12.47808419,-13.99997973,-5.627294846,-13.37339006
522,-12.45480686,-13.99935933,-5.59748512,-13.37498671
523,-12.43340182,-13.99899474,-5.568862428,-13.37655867
524,-12.4138401,-13.9990573,-5.541408413,-13.37810632
525,-12.3960932,-13.99954039,-5.515105002,-13.37963004
526,-12.38013305,-14.00043752,-5.4899344,-13.3811302
527,-12.36551062,-14.00174228,-5.465499225,-13.37698126
528,-12.35062496,-14.00344837,-5.440363616,-13.37289648
529,-12.33548013,-14.00554958,-5.414538405,-13.36887488
530,-12.32008015,-14.00798744,-5.388034256,-13.36491547
531,-12.30442896,-14.01074867,-5.36086167,-13.36101729
532,-12.28853044,-14.01382825,-5.333030983,-13.3571794
533,-12.27271154,-14.01722128,-5.304606499,-13.35340087
534,-12.25698709,-14.0209229,-5.275690186,-13.35670715
535,-12.24135563,-14.02492833,-5.24628965,-13.35996229
536,-12.22581571,-14.02908535,-5.21641238,-13.3631671
537,-12.21036593,-14.03324592,-5.186065748,-13.36632235
538,-12.19514801,-14.03741001,-5.155257014,-13.3694288
539,-12.18022123,-14.04157754,-5.124813998,-13.3724872
540,-12.1655811,-14.04574848,-5.095469651,-13.37549831
541,-12.15122318,-14.04992276,-5.067206984,-13.3686713
542,-12.13714311,-14.05410032,-5.040009268,-13.36194988
543,-12.12331875,-14.05828107,-5.013860034,-13.35533239
544,-12.10972315,-14.06246493,-4.988743066,-13.34881725
545,-12.09635279,-14.06665188,-4.964515282,-13.34240287
546,-12.08320416,-14.07084186,-4.941104262,-13.33608768
547,-12.07027385,-14.07503482,-4.918497375,-13.33658932
548,-12.0576063,-14.07923072,-4.896682184,-13.33708321
549,-12.04541681,-14.08344026,-4.875646446,-13.33756946
550,-12.03369801,-14.08766632,-4.855378106,-13.33804818
551,-12.02244261,-14.09190864,-4.835756797,-13.33851951
552,-12.01164344,-14.09616697,-4.816752169,-13.33898354
553,-12.00129346,-14.10044106,-4.798354684,-13.3394404
554,-11.99128199,-14.10473067,-4.780554953,-13.33332455
555,-11.98159493,-14.1091242,-4.763343732,-13.32730328
556,-11.97222726,-14.11374552,-4.746711919,-13.32137512
557,-11.96317403,-14.1185911,-4.730239169,-13.31553865
558,-11.95443038,-14.12365748,-4.71392302,-13.30979244
559,-11.94674755,-14.12894123,-4.697761051,-13.30413509
560,-11.94049314,-14.134439,-4.681750878,-13.29856524
561,-11.93564506,-14.14014641,-4.665890153,-13.28833683
562,-11.93218156,-14.14604021,-4.650187165,-13.27826662
563,-11.93008123,-14.15211751,-4.634696002,-13.26835214
564,-11.9292541,-14.15837548,-4.619413389,-13.25859098
565,-11.92957938,-14.16481132,-4.604336101,-13.24898078
566,-11.93103926,-14.17142229,-4.589460963,-13.23951921
567,-11.93361619,-14.17820567,-4.574784847,-13.23636847
568,-11.93729288,-14.18515488,-4.560391191,-13.23326646
569,-11.94201971,-14.19226558,-4.546463074,-13.23021242
570,-11.9475916,-14.19953526,-4.532993296,-13.22720561
571,-11.95399548,-14.20696148,-4.519974769,-13.2242453
572,-11.9612185,-14.21454181,-4.507400514,-13.22133078
573,-11.96924798,-14.22227386,-4.495263661,-13.21846132
574,-11.97807144,-14.23014494,-4.48362872,-13.21120984
575,-11.98647671,-14.23813137,-4.472567126,-13.20407051
576,-11.99432113,-14.24623137,-4.46207001,-13.19704158
577,-12.00161339,-14.25444319,-4.452128644,-13.19012136
578,-12.00836203,-14.26276509,-4.442734433,-13.18330816
579,-12.01457545,-14.27119537,-4.433878914,-13.17660032
580,-12.02039385,-14.27973237,-4.425645498,-13.16731674
581,-12.02590032,-14.28804106,-4.418078078,-13.15817673
582,-12.03109967,-14.29611173,-4.411166354,-13.14917808
583,-12.03599665,-14.30394807,-4.404900186,-13.14031858
584,-12.04059594,-14.3115537,-4.399269591,-13.1315961
585,-12.04495095,-14.31893219,-4.394264739,-13.12300851
586,-12.04914727,-14.32608705,-4.389963814,-13.11455373
587,-12.05318735,-14.33307574,-4.386379359,-13.10421924
588,-12.0570736,-14.33993705,-4.383500294,-13.09404457
589,-12.06080842,-14.34667293,-4.38131571,-13.08402725
590,-12.06453812,-14.35328533,-4.379814867,-13.07416485
591,-12.06936234,-14.35977616,-4.37898719,-13.06445498
592,-12.07526414,-14.3661473,-4.380203663,-13.05489526
593,-12.08222688,-14.37241166,-4.383509415,-13.04548339
594,-12.09023413,-14.37860681,-4.388872137,-13.03518448
595,-12.09926975,-14.38473381,-4.396260017,-13.02504483
596,-12.10921809,-14.39079371,-4.405641736,-13.015062
597,-12.12004854,-14.39678756,-4.416819033,-13.00523355
598,-12.13174743,-14.40271638,-4.428341019,-12.9955571
599,-12.14430135,-14.40858117,-4.440202364,-12.9860303
600,-12.15769707,-14.41446937,-4.452397818,-12.97671761
601,-12.17178964,-14.42039325,-4.464922215,-12.96754895
602,-12.18648035,-14.42635225,-4.477770469,-12.95852208
603,-12.20175993,-14.43234582,-4.490952997,-12.94963481
604,-12.21761928,-14.43837344,-4.504507829,-12.94088498
605,-12.23404943,-14.44443458,-4.518429206,-12.93227047
606,-12.25106914,-14.45054458,-4.53271146,-12.92378918
607,-12.26872232,-14.45671793,-4.547349009,-12.9160607
608,-12.28699918,-14.46295366,-4.56233636,-12.90845174
609,-12.30589007,-14.46925081,-4.577705751,-12.90096045
610,-12.3253855,-14.47560843,-4.59350304,-12.89358502
611,-12.34547288,-14.48202557,-4.609721609,-12.88632364
612,-12.36610785,-14.48853853,-4.626354943,-12.87917457
613,-12.38728195,-14.49536255,-4.643396628,-12.88029299
614,-12.40898684,-14.50249282,-4.660840349,-12.88139412
615,-12.43121432,-14.5099246,-4.678712739,-12.88247822
616,-12.4539563,-14.51765324,-4.697031062,-12.88354555
617,-12.47623238,-14.52567414,-4.71578842,-12.88459638
618,-12.49784538,-14.53398277,-4.734978024,-12.88563096
619,-12.51880554,-14.54261484,-4.75459319,-12.88664953
620,-12.53912296,-14.55157643,-4.774627336,-12.89429372
621,-12.55880758,-14.56086244,-4.796125789,-12.90181969
622,-12.57801065,-14.57046785,-4.819441548,-12.90922927
623,-12.596847,-14.58038773,-4.844546509,-12.91652427
624,-12.61532231,-14.59061721,-4.871413,-12.92370644
625,-12.63344216,-14.60113888,-4.900013782,-12.93077754
626,-12.65121206,-14.61193081,-4.930322031,-12.93773929
627,-12.66871389,-14.62298881,-4.960805415,-12.95069999
628,-12.68612163,-14.63430876,-4.991284056,-12.96346025
629,-12.70343674,-14.64588663,-5.021758029,-12.97602317
630,-12.72066066,-14.65771842,-5.052227405,-12.9883918
631,-12.73779478,-14.66979387,-5.082692255,-13.00056916
632,-12.75484699,-14.68200519,-5.113210536,-13.01255819
633,-12.77193538,-14.69435027,-5.144823388,-13.02940343
634,-12.78905938,-14.70682704,-5.177513883,-13.04598817
635,-12.80621844,-14.71943347,-5.211265355,-13.06231642
636,-12.82341203,-14.73216756,-5.246061396,-13.07839215
637,-12.84063959,-14.74502732,-5.281885851,-13.09421927
638,-12.85798687,-14.75808865,-5.318704847,-13.10980162
639,-12.87547428,-14.77138271,-5.356435619,-13.12514299
640,-12.89309966,-14.78490591,-5.395064065,-13.14450015
641,-12.91086088,-14.79865469,-5.434576303,-13.16355796
642,-12.92875582,-14.81262558,-5.474958665,-13.18232103
643,-12.94677988,-14.82681513,-5.516197696,-13.20079393
644,-12.96492886,-14.84121977,-5.557794027,-13.21898114
645,-12.98320082,-14.85583581,-5.598908791,-13.23688709
646,-13.00159387,-14.87065998,-5.639549435,-13.25451613
647,-13.02010614,-14.88568905,-5.67972329,-13.27592626
648,-13.03873333,-14.90091986,-5.719437575,-13.29700529
649,-13.05746736,-14.91634929,-5.758699399,-13.31775833
650,-13.07630659,-14.93197427,-5.797560008,-13.33819042
651,-13.09524939,-14.94754047,-5.836065433,-13.35830653
652,-13.11429415,-14.96304055,-5.874221167,-13.37811155
653,-13.1334656,-14.97847552,-5.912032617,-13.40142843
654,-13.15398534,-14.99384639,-5.949505109,-13.42438471
655,-13.17583251,-15.00915416,-5.986643884,-13.44698598
656,-13.19898658,-15.02439979,-6.023493655,-13.46923771
657,-13.22342734,-15.03981044,-6.060077146,-13.49114532
658,-13.24913489,-15.05553116,-6.096398476,-13.51271413
659,-13.27485964,-15.07155717,-6.132461698,-13.53394937
660,-13.30021958,-15.08788374,-6.168270805,-13.55751095
661,-13.32522037,-15.10450623,-6.203829727,-13.58070815
662,-13.34986755,-15.12142005,-6.239297679,-13.6035466
663,-13.3741666,-15.1385476,-6.274705196,-13.62603186
664,-13.39816975,-15.15565664,-6.310053212,-13.64816938
665,-13.42192745,-15.17274746,-6.345342649,-13.66996454
666,-13.44544349,-15.18982035,-6.380574412,-13.69189849
667,-13.46872161,-15.20687556,-6.415749392,-13.71349323
668,-13.49176549,-15.22391339,-6.450938694,-13.73475401
669,-13.51465,-15.2409341,-6.486142098,-13.75568599
670,-13.5375944,-15.25800518,-6.521359383,-13.77629426
671,-13.56059776,-15.2751351,-6.556590336,-13.79658382
672,-13.58365916,-15.29232296,-6.591834746,-13.8165596
673,-13.60677771,-15.30956786,-6.627260973,-13.83710983
674,-13.62995252,-15.32686891,-6.66376524,-13.85734225
675,-13.65295392,-15.34422525,-6.701330875,-13.87726178
676,-13.67578213,-15.36180583,-6.739941463,-13.89687325
677,-13.69843985,-15.3797665,-6.779580845,-13.91618143
678,-13.72092972,-15.39810138,-6.82023311,-13.935191
679,-13.74325431,-15.41680468,-6.861421153,-13.9539066
680,-13.76659055,-15.43587071,-6.902136901,-13.97650123
681,-13.79135365,-15.45529386,-6.942387658,-13.99874644
682,-13.81752156,-15.47503194,-6.982180615,-14.02064763
683,-13.84507255,-15.49487686,-7.021522851,-14.04221011
684,-13.87398522,-15.51482698,-7.060421339,-14.06343913
685,-13.90352749,-15.53488067,-7.099477193,-14.08433984
686,-13.93289958,-15.55503633,-7.139348265,-14.1088361
687,-13.96210412,-15.57529239,-7.180021945,-14.13295352
688,-13.99114371,-15.59564728,-7.221485823,-14.15669797
689,-14.02002089,-15.61619477,-7.263727677,-14.1800752
690,-14.04875507,-15.63695723,-7.306735476,-14.20309091
691,-14.07740985,-15.65793135,-7.34961931,-14.22575067
692,-14.10598646,-15.67911384,-7.391868892,-14.24806001
693,-14.1344861,-15.70050149,-7.433494029,-14.27306581
694,-14.16290997,-15.72209112,-7.474504379,-14.2976849
695,-14.19125923,-15.74404943,-7.51490945,-14.32192325
696,-14.22082541,-15.76659884,-7.554718603,-14.34578676
697,-14.2516464,-15.7897302,-7.594946377,-14.36928121
698,-14.2837028,-15.81343452,-7.635854386,-14.39241233
699,-14.3169755,-15.83770293,-7.67743211,-14.4182983
700,-14.35144569,-15.86252671,-7.719669191,-14.44378395
701,-14.38601047,-15.887858,-7.762555432,-14.46887546
702,-14.42020361,-15.91311157,-7.806080795,-14.49357893
703,-14.45403088,-15.93828863,-7.849923446,-14.51790036
704,-14.48749792,-15.96339037,-7.894061149,-14.54184566
705,-14.52061032,-15.98841794,-7.93848934,-14.56542064
706,-14.55399813,-16.01337249,-7.983203527,-14.59141767
707,-14.58844527,-16.03825516,-8.028199287,-14.61701265
708,-14.62393536,-16.06326952,-8.073347261,-14.64221181
709,-14.66045226,-16.08850007,-8.117582544,-14.66702126
710,-14.6979801,-16.11394346,-8.160919252,-14.69144703
711,-14.73620339,-16.13959638,-8.203371282,-14.71549505
712,-14.77378346,-16.16545561,-8.244952315,-14.73917117
713,-14.81073025,-16.19151796,-8.285675821,-14.76533621
714,-14.84705356,-16.21777154,-8.325893817,-14.7910966
715,-14.88276303,-16.24419628,-8.36656264,-14.81645861
716,-14.91786815,-16.27078952,-8.407675317,-14.8414284
717,-14.95249643,-16.29754865,-8.449224983,-14.86601202
718,-14.98666465,-16.32447112,-8.491204881,-14.89021546
719,-15.02037991,-16.3515544,-8.533608357,-14.91676615
720,-15.05364922,-16.378796,-8.576369079,-14.94290622
721,-15.08647948,-16.40613924,-8.619399321,-14.96864204
722,-15.11878717,-16.43358113,-8.662694915,-14.99397986
723,-15.15053557,-16.46112016,-8.706251758,-15.01892582
724,-15.18173332,-16.4887548,-8.750065808,-15.04348599
725,-15.21238895,-16.5164836,-8.79413309,-15.06766634
726,-15.24251083,-16.54430509,-8.838545903,-15.09380766
727,-15.2722599,-16.57255983,-8.883368882,-15.11954469
728,-15.30186111,-16.60145842,-8.928595682,-15.14488371
729,-15.33131677,-16.63099091,-8.974220059,-15.16983085
730,-15.36062912,-16.66114749,-9.020235863,-15.19439218
731,-15.38980038,-16.69191852,-9.066637043,-15.21857368
732,-15.41883971,-16.72329449,-9.113396533,-15.2423812
733,-15.44778799,-16.75501921,-9.160501255,-15.26866054
734,-15.47664661,-16.78634048,-9.207945871,-15.29453348
735,-15.50541697,-16.81726452,-9.255725124,-15.32000628
736,-15.53410043,-16.84779749,-9.303833838,-15.34508515
737,-15.56269832,-16.87794543,-9.352266919,-15.36977617
738,-15.59125814,-16.9077143,-9.40097607,-15.39408534
739,-15.61978591,-16.93710995,-9.449951928,-15.42122332
740,-15.64828212,-16.96631036,-9.49919037,-15.44794162
741,-15.67674726,-16.99534083,-9.548687334,-15.47424671
742,-15.70518181,-17.02420399,-9.598438822,-15.50014499
743,-15.73360776,-17.05290244,-9.64844077,-15.52564276
744,-15.76203749,-17.08143871,-9.698686986,-15.5507462
745,-15.79047096,-17.10981532,-9.749173693,-15.57546141
746,-15.81890809,-17.13794589,-9.799897171,-15.60303862
747,-15.84734885,-17.16575296,-9.850853758,-15.63018934
748,-15.87578634,-17.19324153,-9.902039851,-15.65692018
749,-15.9042094,-17.22041653,-9.953462338,-15.68323763
750,-15.93261826,-17.24728281,-10.00515671,-15.70914807
751,-15.96101314,-17.27384514,-10.05711877,-15.73465781
752,-15.98939426,-17.30011727,-10.10934436,-15.76357411
753,-16.01776362,-17.32615153,-10.16182943,-15.79204321
754,-16.04613443,-17.3519516,-10.21456994,-15.82007205
755,-16.07450668,-17.37752109,-10.26748225,-15.84766741
756,-16.10288033,-17.40286358,-10.32042702,-15.87483601
757,-16.13125538,-17.42798256,-10.37340375,-15.90158445
758,-16.15963179,-17.45288151,-10.42641196,-15.92791922
759,-16.18805223,-17.47758847,-10.47945116,-15.9582172
760,-16.21652281,-17.50211274,-10.53252086,-15.98804661
761,-16.24504273,-17.52645713,-10.58571049,-16.01741471
762,-16.27361124,-17.55062442,-10.63909911,-16.04632863
763,-16.30222758,-17.57461736,-10.69268365,-16.0747954
764,-16.33096819,-17.59843865,-10.74646106,-16.10282193
765,-16.35988147,-17.62209334,-10.80042838,-16.13041503
766,-16.38896475,-17.64558715,-10.85458265,-16.16075623
767,-16.4182154,-17.66892258,-10.90879359,-16.19062821
768,-16.44763084,-17.69210208,-10.96300151,-16.22003822
769,-16.47719961,-17.71512805,-11.01720645,-16.2489934
770,-16.50690264,-17.73800288,-11.07140846,-16.27750078
771,-16.53673785,-17.76073228,-11.12560759,-16.3055673
772,-16.56670319,-17.78336357,-11.17980388,-16.33589403
773,-16.59679665,-17.80589825,-11.23391067,-16.36575175
774,-16.62701455,-17.82833782,-11.28791308,-16.39514772
775,-16.65733752,-17.85068375,-11.34181272,-16.42408908
776,-16.68776395,-17.8729375,-11.39561118,-16.45258287
777,-16.71829223,-17.89510048,-11.44931003,-16.48063599
778,-16.7489208,-17.91717337,-11.50291081,-16.50825527
779,-16.77964809,-17.93915728,-11.55640142,-16.5383468
780,-16.81044715,-17.96105357,-11.60978357,-16.56797297
781,-16.8413117,-17.98286361,-11.66305892,-16.59714096
782,-16.87224075,-18.00458872,-11.71622913,-16.62585788
783,-16.90323328,-18.02623022,-11.76929584,-16.65413068
784,-16.93428833,-18.04780283,-11.82207485,-16.68196624
785,-16.96536405,-18.06933321,-11.87357981,-16.71362648
786,-16.99642975,-18.09082201,-11.92383041,-16.7447971
787,-17.02748561,-18.11226988,-11.97284606,-16.77548566
788,-17.05853175,-18.13367745,-12.02064585,-16.80569962
789,-17.08956835,-18.15504534,-12.06724859,-16.83544632
790,-17.12059831,-18.17637417,-12.11269231,-16.86473299
791,-17.15162777,-18.1978129,-12.1570372,-16.89356674
792,-17.18265673,-18.2193627,-12.20030027,-16.92472705
793,-17.2136852,-18.24102188,-12.24249824,-16.95540546
794,-17.24471318,-18.26278872,-12.28364758,-16.98560943
795,-17.27581351,-18.28466158,-12.32376452,-17.01534629
796,-17.30816996,-18.30663881,-12.36350352,-17.04462328
797,-17.3417631,-18.32863503,-12.40357987,-17.07344749
798,-17.37657382,-18.35059816,-12.44398837,-17.10182593
799,-17.41258327,-18.3725287,-12.48472386,-17.1323096
800,-17.44977294,-18.39442715,-12.5257813,-17.16232184
801,-17.48781096,-18.41629401,-12.5671557,-17.19186994
802,-17.52660582,-18.43812978,-12.60865959,-17.22096107
803,-17.56614582,-18.45993762,-12.65018448,-17.24960231
804,-17.60641943,-18.48172589,-12.69173002,-17.27780061
805,-17.64741531,-18.50349488,-12.73329591,-17.30880674
806,-17.68896741,-18.52524489,-12.77488182,-17.33933337
807,-17.73093631,-18.54697621,-12.81648745,-17.36938789
808,-17.77331556,-18.56868913,-12.8578298,-17.39897763
809,-17.81609883,-18.59038395,-12.89883756,-17.42810975
810,-17.85927985,-18.61208817,-12.93951589,-17.45679135
811,-17.90242421,-18.63380498,-12.97986989,-17.48502938
812,-17.94445386,-18.65553417,-13.01990458,-17.51587256
813,-17.98538604,-18.67727555,-13.05962489,-17.54623875
814,-18.02523772,-18.69902894,-13.09879994,-17.57613533
815,-18.06402561,-18.72079415,-13.13742507,-17.60556955
816,-18.10176545,-18.7425525,-13.17550878,-17.63454857
817,-18.13844669,-18.76428763,-13.21305944,-17.66307943
818,-18.17408571,-18.7859999,-13.2500853,-17.69116906
819,-18.20869862,-18.80768965,-13.28664022,-17.72118295
820,-18.2423013,-18.82935725,-13.32312031,-17.75073267
821,-18.27490937,-18.85100302,-13.35952673,-17.7798254
822,-18.30674031,-18.87263129,-13.39586062,-17.80846822
823,-18.33786707,-18.8942624,-13.4321231,-17.83666807
824,-18.36830054,-18.91589632,-13.46831528,-17.86443181
825,-18.39805143,-18.93753299,-13.50397065,-17.89519323
826,-18.4271303,-18.95917238,-13.53778831,-17.92547893
827,-18.45558271,-18.98081444,-13.56979666,-17.95529625
828,-18.48345205,-19.00245914,-13.60002369,-17.98465245
829,-18.51074734,-19.02411356,-13.62849694,-18.01355465
830,-18.53747747,-19.04577931,-13.65524355,-18.04200989
831,-18.56365116,-19.06745623,-13.68091252,-18.07002505
832,-18.58930274,-19.08914413,-13.70637621,-18.10008758
833,-18.61451634,-19.11084285,-13.73163781,-18.12968518
834,-18.63929872,-19.13255222,-13.75670042,-18.15882506
835,-18.66365657,-19.15426963,-13.78156714,-18.18751429
836,-18.68759645,-19.17599186,-13.80624098,-18.21575984
837,-18.71112481,-19.19771881,-13.83024657,-18.24356857
838,-18.7343089,-19.21945044,-13.85324631,-18.27266145
839,-18.75715437,-19.24118665,-13.87525576,-18.3013044
840,-18.77966645,-19.26292738,-13.89629024,-18.32950439
841,-18.80185029,-19.28467135,-13.91636483,-18.35726827
842,-18.82371098,-19.30640375,-13.93549437,-18.38460278
843,-18.84529674,-19.32812477,-13.95470033,-18.41151456
844,-18.86662725,-19.34983459,-13.97434112,-18.43801014
845,-18.88770646,-19.37153337,-13.99441001,-18.46722525
846,-18.90853827,-19.3932213,-14.01490039,-18.49598854
847,-18.92912648,-19.41489853,-14.03580573,-18.524307
848,-18.94947979,-19.4365695,-14.05711962,-18.55218752
849,-18.96960717,-19.45823603,-14.07876226,-18.57963686
850,-18.98951212,-19.47989817,-14.10071992,-18.6066617
851,-19.00919806,-19.50155601,-14.12298775,-18.6332686
852,-19.0286684,-19.5232096,-14.14556093,-18.66262234
853,-19.04794118,-19.54485901,-14.16843474,-18.69152211
854,-19.06707133,-19.56649306,-14.19160558,-18.71997495
855,-19.08606104,-19.58809112,-14.21508753,-18.74798777
856,-19.1049125,-19.60965376,-14.23887578,-18.77556737
857,-19.12362784,-19.63118151,-14.26296559,-18.80272045
858,-19.14220917,-19.65267492,-14.28735229,-18.83216966
859,-19.1615879,-19.67413452,-14.3120313,-18.86116345
860,-19.18178724,-19.69556084,-14.33715893,-18.88970884
861,-19.2027945,-19.71697293,-14.36333136,-18.91781278
862,-19.2245972,-19.73837127,-14.39053243,-18.94548209
863,-19.24718303,-19.75975606,-14.41874623,-18.97272349
864,-19.26972333,-19.78112752,-14.4479571,-18.99954361
865,-19.29187758,-19.80248584,-14.47814962,-19.02837913
866,-19.31365173,-19.82383124,-14.50912467,-19.05676872
867,-19.33505168,-19.84514524,-14.54055479,-19.08471926
868,-19.3560832,-19.86641708,-14.57243296,-19.11223754
869,-19.37716441,-19.88764742,-14.60475224,-19.13933025
870,-19.39880396,-19.9088369,-14.63750581,-19.16600397
871,-19.42099322,-19.92998614,-14.67068696,-19.1944623
872,-19.4437237,-19.95109578,-14.70420211,-19.22248053
873,-19.46698702,-19.97216517,-14.73796785,-19.25006545
874,-19.49054026,-19.99319138,-14.7719803,-19.27722377
875,-19.51337498,-20.01417508,-14.80623564,-19.30396208
876,-19.53550231,-20.03511691,-14.84073012,-19.33028689
877,-19.55693317,-20.05601754,-14.87546004,-19.35620458
878,-19.57767835,-20.0768776,-14.91022156,-19.38316042
879,-19.59774844,-20.09769771,-14.9449218,-19.4096994
880,-19.61724929,-20.11844426,-14.9795617,-19.43582794
881,-19.63619671,-20.13911452,-15.0141422,-19.46155241
882,-19.65459925,-20.15970965,-15.04866421,-19.48687905
883,-19.67246534,-20.18023081,-15.08312865,-19.51181401
884,-19.68980328,-20.20067917,-15.11750062,-19.53636335
885,-19.70676823,-20.22105583,-15.15177485,-19.56164427
886,-19.72343718,-20.24135186,-15.18595285,-19.58653423
887,-19.73981468,-20.26155978,-15.22003611,-19.61103926
888,-19.75590526,-20.28168095,-15.2540261,-19.63516532
889,-19.77171334,-20.30171671,-15.28792425,-19.65891827
890,-19.78717991,-20.32166838,-15.32158803,-19.68230388
891,-19.80222115,-20.34153727,-15.35502107,-19.70651096
892,-19.81684364,-20.36131878,-15.38822693,-19.73034368
893,-19.83105387,-20.38098597,-15.42120913,-19.75380782
894,-19.8448582,-20.40054062,-15.45397112,-19.77690909
895,-19.85830093,-20.41998446,-15.48649529,-19.7996531
896,-19.87159046,-20.43931921,-15.51867316,-19.82204537
897,-19.88472914,-20.45854656,-15.55051008,-19.84409134
898,-19.89771931,-20.47766816,-15.58201134,-19.86779986
899,-19.91056327,-20.49717199,-15.61318211,-19.89114173
900,-19.92326328,-20.51716701,-15.64402752,-19.91412261
901,-19.93580644,-20.53764563,-15.67455638,-19.93674809
902,-19.94819351,-20.55860036,-15.70478179,-19.95902367
903,-19.96042689,-20.58002385,-15.73470845,-19.98095476
904,-19.97250896,-20.60190885,-15.76434098,-20.00254668
905,-19.98444206,-20.62390458,-15.79368393,-20.02551814
906,-19.99617339,-20.64558225,-15.82274178,-20.04813434
907,-20.00767533,-20.66694677,-15.85150977,-20.07040079
908,-20.01895143,-20.688003,-15.8799822,-20.09232288
909,-20.0300052,-20.70875569,-15.90816363,-20.11390595
910,-20.04084006,-20.72920954,-15.93605859,-20.13515523
911,-20.05148869,-20.74937164,-15.96367148,-20.15680966
912,-20.0620009,-20.76927385,-15.99100668,-20.1781292
913,-20.07237881,-20.78892018,-16.01803148,-20.19911903
914,-20.08262449,-20.8083146,-16.0447291,-20.21978425
915,-20.09273999,-20.82746098,-16.0711046,-20.24012988
916,-20.10272973,-20.84636318,-16.09716297,-20.26016087
917,-20.11261237,-20.86502497,-16.12290911,-20.27988208
918,-20.12238955,-20.88342826,-16.14834784,-20.2998304
919,-20.13206292,-20.90156854,-16.17341493,-20.31947022
920,-20.14163407,-20.91944989,-16.19809774,-20.33880631
921,-20.15110459,-20.93707631,-16.22240221,-20.35784336
922,-20.16114679,-20.95445174,-16.24633418,-20.37658601
923,-20.17185346,-20.97158007,-16.26989942,-20.3950388
924,-20.18321433,-20.98851388,-16.2931036,-20.41432168
925,-20.19521928,-21.00534414,-16.31601449,-20.43330636
926,-20.20785835,-21.02207244,-16.33864008,-20.45199743
927,-20.22049978,-21.03870036,-16.36098478,-20.47039945
928,-20.23274677,-21.05522945,-16.38305293,-20.48851688
929,-20.24460541,-21.07166125,-16.40484881,-20.50635412
930,-20.25608172,-21.08799725,-16.42637635,-20.52391551
931,-20.26718161,-21.10424827,-16.44763725,-20.54066219
932,-20.27792936,-21.12041568,-16.46863563,-20.55714988
933,-20.28836429,-21.13650077,-16.48937554,-20.57338259
934,-20.29849124,-21.15250482,-16.509861,-20.58936425
935,-20.30831498,-21.16842908,-16.53009593,-20.60509876
936,-20.3178402,-21.18427478,-16.55007319,-20.62058994
937,-20.3270747,-21.20007355,-16.56976593,-20.63584154
938,-20.33605358,-21.21584392,-16.58917855,-20.65219749
939,-20.34478077,-21.23158634,-16.60831538,-20.6683005
940,-20.35326018,-21.24730124,-16.62718068,-20.68415447
941,-20.36149563,-21.26298904,-16.64577866,-20.69976326
942,-20.3694909,-21.27865016,-16.66413853,-20.71513066
943,-20.37729416,-21.29428256,-16.68229845,-20.73026041
944,-20.38491705,-21.30988,-16.70026152,-20.74552273
945,-20.39236236,-21.32544301,-16.71803078,-20.76054902
946,-20.39963283,-21.34097212,-16.73560923,-20.77534292
947,-20.40673117,-21.35646786,-16.75299981,-20.78990804
948,-20.41369196,-21.37193074,-16.77015788,-20.80424791
949,-20.42054053,-21.38736127,-16.78705242,-20.81836601
950,-20.42727861,-21.40276265,-16.80368752,-20.83226578
951,-20.43390792,-21.4181356,-16.8200672,-20.8468569
952,-20.44043013,-21.43348057,-16.83619539,-20.86122237
953,-20.44687073,-21.44879799,-16.85207599,-20.87536568
954,-20.45328138,-21.46408828,-16.8677965,-20.88929026
955,-20.45966254,-21.47935186,-16.8833893,-20.9029995
956,-20.46601466,-21.49458076,-16.89885635,-20.91649672
957,-20.47233819,-21.50976838,-16.9141996,-20.93066489
958,-20.47863214,-21.52491537,-16.92942096,-20.94461395
959,-20.48487556,-21.54002235,-16.94452232,-20.95834729
960,-20.49106923,-21.55508995,-16.95949495,-20.97186824
961,-20.49721393,-21.57011877,-16.97433959,-20.98518009
962,-20.50331042,-21.58520419,-16.98905823,-20.99828607
963,-20.50935943,-21.600782,-17.00365282,-21.01118937
964,-20.51534488,-21.61684458,-17.01812526,-21.02513037
965,-20.52126368,-21.63338445,-17.03247103,-21.03885577
966,-20.52711687,-21.6503942,-17.04657626,-21.0523689
967,-20.53290545,-21.66786659,-17.06044467,-21.06567306
968,-20.53863042,-21.68579445,-17.07407993,-21.07877147
969,-20.54434639,-21.70353761,-17.08748564,-21.0916673
970,-20.55009782,-21.72095548,-17.10066536,-21.10436371
971,-20.55588415,-21.7380531,-17.11362845,-21.11997281
972,-20.56170486,-21.75483541,-17.1264003,-21.13534052
973,-20.5675594,-21.7713073,-17.13898386,-21.15047056
974,-20.57345567,-21.78747356,-17.15138206,-21.16536661
975,-20.57941363,-21.80360809,-17.16359774,-21.1800323
976,-20.58543235,-21.82003742,-17.17563375,-21.19447119
977,-20.59151088,-21.83675701,-17.18761923,-21.21159308
978,-20.59764829,-21.85376234,-17.19977162,-21.22845019
979,-20.60384249,-21.87104902,-17.21208834,-21.2450466
980,-20.61005625,-21.88861268,-17.22456684,-21.26138635
981,-20.61628927,-21.90637913,-17.23720463,-21.2774734
982,-20.62254125,-21.92363108,-17.24999924,-21.29331166
983,-20.6288119,-21.94037651,-17.26282148,-21.30890499
984,-20.63510093,-21.95662323,-17.27555686,-21.32601729
985,-20.64145299,-21.97237896,-17.28820671,-21.34286495
986,-20.64788022,-21.9876513,-17.30077236,-21.35945207
987,-20.65438148,-22.00244773,-17.31325512,-21.37578266
988,-20.66095562,-22.01681197,-17.32565625,-21.3918607
989,-20.66760152,-22.03076444,-17.33794347,-21.40769009
990,-20.67432216,-22.04431152,-17.35010307,-21.42327468
991,-20.68112027,-22.05745946,-17.362137,-21.44035947
992,-20.68799464,-22.07021443,-17.37404721,-21.45718005
993,-20.69494409,-22.08258253,-17.38583562,-21.4737405
994,-20.70196746,-22.09458201,-17.39750412,-21.49004485
995,-20.70907121,-22.10624012,-17.40898019,-21.50609704
996,-20.71627598,-22.11756213,-17.42025289,-21.52190099
997,-20.7235802,-22.12855325,-17.43132535,-21.53919698
998,-20.73098233,-22.13921859,-17.44220068,-21.55622548
999,-20.73848087,-22.1495632,-17.45288192,-21.57299064
1000,-20.74607432,-22.15959202,-17.46337206,-21.58949653
