time,route1,route2,route4,route5,route6,route7,route8,route9
1,-0.028,-0.2078,-0.0053,0.0034,-0.0149,0.0039,0.1131,0.1287
2,-0.028248248,-0.202965165,-0.004598699,0.003376777,-0.013395596,0.003922623,0.111068769,0.127493393
3,-0.028496496,-0.19813033,-0.003897397,0.003353554,-0.011891191,0.003945245,0.109037538,0.126286787
4,-0.028744745,-0.193295495,-0.003196096,0.00333033,-0.010386787,0.003967868,0.107006306,0.12508018
5,-0.028992993,-0.188460661,-0.002494795,0.003307107,-0.008882382,0.00399049,0.104975075,0.123873574
6,-0.029241241,-0.183625826,-0.001793493,0.003283884,-0.007377978,0.004013113,0.102943844,0.122666967
7,-0.029489489,-0.178790991,-0.001092192,0.003260661,-0.005873574,0.004035736,0.100912613,0.12146036
8,-0.029737738,-0.173956156,-0.000390891,0.003237437,-0.004369169,0.004058358,0.098881381,0.120253754
9,-0.029985986,-0.169121321,0.00031041,0.003214214,-0.002864765,0.004080981,0.09685015,0.119047147
10,-0.030245946,-0.164286486,0.000932432,0.004118919,-0.001491892,0.004033333,0.095394595,0.118024324
11,-0.030506607,-0.160370571,0.001136036,0.006487688,-0.000813213,0.003614815,0.095793994,0.117027027
12,-0.030767267,-0.157427628,0.00133964,0.008856456,-0.000134535,0.003196296,0.096193393,0.11602973
13,-0.031027928,-0.154484685,0.001543243,0.011225225,0.000544144,0.002777778,0.096592793,0.115032432
14,-0.031288589,-0.151541742,0.001746847,0.013593994,0.001222823,0.002359259,0.096992192,0.114035135
15,-0.031549249,-0.148598799,0.00195045,0.015962763,0.001901502,0.001940741,0.097391592,0.113037838
16,-0.03180991,-0.145655856,0.002154054,0.018331532,0.00258018,0.001522222,0.097790991,0.112040541
17,-0.032070571,-0.142712913,0.002357658,0.0207003,0.003258859,0.001103704,0.09819039,0.111043243
18,-0.030943844,-0.13976997,0.002561261,0.023069069,0.003937538,0.000685185,0.09858979,0.11174955
19,-0.029640541,-0.136827027,0.002354054,0.022654054,0.004500901,0.000482883,0.098783784,0.113005405
20,-0.028337237,-0.133884084,0.001268168,0.021434835,0.004817618,0.000743043,0.09874955,0.114261261
21,-0.027033934,-0.130542943,0.000182282,0.020215616,0.005134334,0.001003203,0.098715315,0.115517117
22,-0.025730631,-0.12719009,-0.000903604,0.018996396,0.005451051,0.001263363,0.098681081,0.116772973
23,-0.024427327,-0.123837237,-0.001989489,0.017777177,0.005767768,0.001523524,0.098646847,0.118028829
24,-0.023124024,-0.120484384,-0.003075375,0.016557958,0.006084484,0.001783684,0.098612613,0.119284685
25,-0.021820721,-0.117131532,-0.004161261,0.015338739,0.006401201,0.002043844,0.098578378,0.120540541
26,-0.021177277,-0.113778679,-0.005247147,0.01411952,0.006717918,0.002304004,0.098544144,0.120898498
27,-0.020668368,-0.110425826,-0.006333033,0.012987788,0.007034635,0.002564164,0.09850991,0.120738438
28,-0.020159459,-0.107072973,-0.006921622,0.012302703,0.007789189,0.003051351,0.098710811,0.120578378
29,-0.019650551,-0.10372012,-0.006966867,0.011617618,0.009022122,0.003786587,0.099007508,0.120418318
30,-0.019141642,-0.102423724,-0.007012112,0.010932533,0.010255055,0.004521822,0.099304204,0.120258258
31,-0.018632733,-0.103569369,-0.007057357,0.010247447,0.011487988,0.005257057,0.099600901,0.120098198
32,-0.018123824,-0.104715015,-0.007102603,0.009562362,0.012720921,0.005992292,0.099897598,0.119938138
33,-0.017614915,-0.105860661,-0.007147848,0.008877277,0.013953854,0.006727528,0.100194294,0.119778078
34,-0.017048348,-0.107006306,-0.007193093,0.008192192,0.015186787,0.007462763,0.100490991,0.11929009
35,-0.016464965,-0.108151952,-0.007238338,0.007507107,0.01641972,0.008197998,0.100787688,0.11848979
36,-0.015881582,-0.109297598,-0.007283584,0.006847648,0.017652653,0.008933233,0.101084384,0.117689489
37,-0.015298198,-0.110443243,-0.006961261,0.006209009,0.018157658,0.00883964,0.101705405,0.116889189
38,-0.014714815,-0.111588889,-0.00642963,0.00557037,0.018248148,0.008274074,0.102344444,0.116088889
39,-0.014131431,-0.112734535,-0.005897998,0.004931732,0.018338639,0.007708509,0.102983483,0.115288589
40,-0.013548048,-0.109252252,-0.005366366,0.004293093,0.018429129,0.007142943,0.103622523,0.114488288
41,-0.012964665,-0.105489489,-0.004834735,0.003654454,0.01851962,0.006577377,0.104261562,0.113687988
42,-0.012817818,-0.101726727,-0.004303103,0.003015816,0.01861011,0.006011812,0.104900601,0.113310511
43,-1.28E-02,-0.097963964,-0.003771471,0.002377177,0.018700601,0.005446246,0.10553964,0.113593694
44,-0.012867467,-0.094201201,-0.00323984,0.001738539,0.018791091,0.004880681,0.106178679,0.113876877
45,-0.012892292,-0.090438438,-0.002708208,0.004482282,0.018881582,0.004315115,0.106935435,0.11416006
46,-0.012917117,-0.086675676,-0.00150991,0.007443243,0.020305405,0.004704505,0.108213514,0.114443243
47,-0.012941942,-0.082912913,-0.000141241,0.010404204,0.02206997,0.005337938,0.109491592,0.114726426
48,-0.012966767,-0.07915015,0.001227427,0.013365165,0.023834535,0.005971371,0.11076967,0.11500961
49,-0.012991592,-0.075306306,0.002596096,0.016326126,0.025599099,0.006604805,0.112047748,0.115292793
50,-0.012179179,-0.071354354,0.003964765,0.019287087,0.027363664,0.007238238,0.113325826,0.115932733
51,-0.010937938,-0.067402402,0.005333433,0.022248048,0.029128228,0.007871672,0.114603904,0.117545646
52,-0.009696697,-0.06345045,0.006702102,0.025209009,0.030892793,0.008505105,0.115881982,0.119158559
53,-0.008455455,-0.059498498,0.008070771,0.027047848,0.032657357,0.009138539,0.11716006,0.120771471
54,-0.007214214,-0.055546547,0.009439439,0.026583383,0.034421922,0.009771972,0.117832733,0.122384384
55,-0.005972973,-0.051594595,0.011056757,0.026118919,0.034067568,0.011627027,0.117672973,0.123997297
56,-0.004731732,-0.047642643,0.012685586,0.025654454,0.033615115,0.013538639,0.117513213,0.12561021
57,-0.00349049,-0.043690691,0.014314414,0.02518999,0.033162663,0.01545025,0.117353453,0.127223123
58,-0.002196697,-0.039738739,0.015943243,0.024725526,0.03271021,0.017361862,0.117193694,0.128771171
59,-0.000868569,-0.038285285,0.017572072,0.024261061,0.032257758,0.019273473,0.117033934,0.129940841
60,0.00045956,-0.037066066,0.019200901,0.023796597,0.031805305,0.021185085,0.116874174,0.131110511
61,0.001787688,-0.035846847,0.02082973,0.023332132,0.031352853,0.023096697,0.116714414,0.13228018
62,0.003115816,-0.034627628,0.022458559,0.023283083,0.0309004,0.025008308,0.116554655,0.13344985
63,0.004443944,-0.033408408,0.024158959,0.023399199,0.030596296,0.02687958,0.117243243,0.13461952
64,0.005772072,-0.032189189,0.02640991,0.023515315,0.031433333,0.028440541,0.118372973,0.135789189
65,0.0071002,-0.03096997,0.028660861,0.023631431,0.03227037,0.030001502,0.119502703,0.136958859
66,0.009231532,-0.029750751,0.030911812,0.023747548,0.033107407,0.031562462,0.120632432,0.138122222
67,0.012024324,-0.028531532,0.033162763,0.023863664,0.033944444,0.033123423,0.121762162,0.139033333
68,0.014817117,-0.026971772,0.035413714,0.02397978,0.034781481,0.034684384,0.122891892,0.139944444
69,0.01760991,-0.024901201,0.037664665,0.024095896,0.035618519,0.036245345,0.124021622,0.140855556
70,0.020402703,-0.022830631,0.039915616,0.024507508,0.036455556,0.037806306,0.125151351,0.141766667
71,0.023195495,-0.02076006,0.042166567,0.02748008,0.037292593,0.039367267,0.126281081,0.142677778
72,0.025988288,-0.018689489,0.044035836,0.030452653,0.038517518,0.041005806,0.12786006,0.143588889
73,0.028781081,-0.016618919,0.044895495,0.033425225,0.040768468,0.04284955,0.129491892,0.1445
74,0.030474775,-0.014548348,0.045755155,0.036397798,0.043019419,0.044693293,0.131123724,0.145411111
75,0.031033333,-0.012477778,0.046614815,0.03937037,0.04527037,0.046537037,0.132755556,0.147555556
76,0.031591892,-0.010407207,0.047474474,0.042342943,0.047521321,0.048380781,0.134387387,0.149833333
77,0.03215045,-0.008336637,0.048334134,0.045315516,0.049772272,0.050224525,0.136019219,0.152111111
78,0.032709009,-0.00419009,0.049193794,0.048288088,0.052023223,0.052068268,0.137651051,0.154388889
79,0.033267568,0.000224324,0.050053453,0.050724324,0.054274174,0.053912012,0.139282883,0.156666667
80,0.033826126,0.004638739,0.050913113,0.052605405,0.056525125,0.055755756,0.140860661,0.158944444
81,0.034384685,0.009053153,0.051846346,0.054486486,0.058555355,0.058085085,0.142081682,0.161222222
82,0.035245946,0.013467568,0.052875676,0.056367568,0.060297297,0.061048649,0.143302703,0.1635
83,0.0364996,0.017881982,0.053905005,0.058248649,0.062039239,0.064012212,0.144523724,0.16523964
84,0.037753253,0.022296396,0.054934334,0.06012973,0.063781181,0.066975776,0.145744745,0.166827928
85,0.039006907,0.026710811,0.055963664,0.062010811,0.065523123,0.069939339,0.146965766,0.168416216
86,0.040260561,0.031125225,0.056992993,0.063891892,0.067265065,0.072902903,0.148186787,0.170004505
87,0.041514214,0.034739339,0.058022322,0.065772973,0.069007007,0.075866466,0.149407808,0.171592793
88,0.042767868,0.036999099,0.059051652,0.066898498,0.070748949,0.07883003,0.150628829,0.173181081
89,0.044021522,0.039258859,0.060080981,0.06792032,0.072490891,0.081793594,0.152409009,0.174769369
90,0.045453954,0.041518619,0.061807808,0.068942142,0.074789489,0.083798098,0.155147748,0.176357658
91,0.047179279,0.043778378,0.064013514,0.069963964,0.07747027,0.085144144,0.157886486,0.177094595
92,0.048904605,0.046038138,0.066219219,0.070985786,0.080151051,0.08649019,0.160625225,0.17739009
93,0.05062993,0.048297898,0.068424925,0.072007608,0.082831832,0.087836236,0.163363964,0.177685586
94,0.052355255,0.050557658,0.070630631,0.073029429,0.085512613,0.089182282,0.166102703,0.177981081
95,0.054080581,0.052817417,0.072836336,0.074051251,0.088193393,0.090528328,0.168841441,0.178276577
96,0.055805906,0.055077177,0.075042042,0.075703003,0.090874174,0.091874374,0.17158018,0.178572072
97,0.057531231,0.059174775,0.077247748,0.079081982,0.093554955,0.09322042,0.174318919,0.178867568
98,0.059588889,0.063578679,0.079453453,0.082460961,0.096235736,0.094566466,0.176746847,0.179163063
99,0.062344444,0.067982583,0.082407908,0.08583994,0.098423023,0.09552963,0.178972072,0.181037538
100,0.0651,0.072386486,0.085609009,0.089218919,0.100447748,0.096366667,0.181197297,0.184275676
101,0.067855556,0.07679039,0.08881011,0.092597898,0.102472472,0.097203704,0.183422523,0.187513814
102,0.070611111,0.081194294,0.092011211,0.095976877,0.104497197,0.098040741,0.185647748,0.190751952
103,0.073366667,0.085598198,0.095212312,0.099355856,0.106521922,0.098877778,0.187872973,0.19399009
104,0.076122222,0.090002102,0.098413413,0.102734835,0.108546647,0.099714815,0.190098198,0.197228228
105,0.078877778,0.094406006,0.101614515,0.104516216,0.110571371,0.100551852,0.192323423,0.200466366
106,0.081359159,0.098903604,0.104815616,0.105456757,0.112596096,0.101388889,0.194548649,0.203704505
107,0.083084484,0.103580781,0.108016717,0.106397297,0.114620821,0.102225926,0.195860961,0.206702703
108,0.08480981,0.108257958,0.109877477,0.107337838,0.117614715,0.104661061,0.197002102,0.209362162
109,0.086535135,0.112935135,0.111608108,0.108278378,0.120702703,0.107251351,0.198143243,0.212021622
110,0.08826046,0.117612312,0.113338739,0.109218919,0.123790691,0.109841642,0.199284384,0.214681081
111,0.089985786,0.122289489,0.115069369,0.110159459,0.126878679,0.112431932,0.200425526,0.217340541
112,0.091711111,0.126966667,0.1168,0.1111,0.129966667,0.115022222,0.201566667,0.22
113,0.093436436,0.131643844,0.118530631,0.112084585,0.133054655,0.117612513,0.202707808,0.222659459
114,0.095463664,0.136321021,0.120261261,0.114046947,0.136142643,0.120202803,0.203848949,0.225318919
115,0.098628829,0.140998198,0.121991892,0.116009309,0.139230631,0.122793093,0.20506036,0.228169369
116,0.101793994,0.143533033,0.123752953,0.117971672,0.142202503,0.125407407,0.207091592,0.231481381
117,0.104959159,0.145624625,0.125913413,0.119934034,0.14365035,0.128337037,0.209122823,0.234793393
118,0.108124324,0.147716216,0.128073874,0.121896396,0.145098198,0.131266667,0.211154054,0.238105405
119,0.111289489,0.149807808,0.130234334,0.123858759,0.146546046,0.134196296,0.213185285,0.241417417
120,0.114454655,0.151899399,0.132394795,0.125821121,0.147993894,0.137125926,0.215216517,0.244729429
121,0.11761982,0.153990991,0.134555255,0.127783483,0.149441742,0.140055556,0.217247748,0.248041441
122,0.1208002,0.156082583,0.136715716,0.129730831,0.15088959,0.142985185,0.219278979,0.251353453
123,0.124064665,0.158174174,0.138876176,0.131658358,0.152337437,0.145914815,0.22131021,0.254490991
124,0.127329129,0.160265766,0.141036637,0.133585886,0.153785285,0.148844444,0.223759459,0.256781081
125,0.130593594,0.163351652,0.143431331,0.135513413,0.155423123,0.151836537,0.227114414,0.259071171
126,0.133858058,0.168606907,0.14660981,0.137440941,0.157696697,0.155037638,0.230469369,0.261361261
127,0.137122523,0.173862162,0.149788288,0.139368468,0.15997027,0.158238739,0.233824324,0.263651351
128,0.140386987,0.179117417,0.152966767,0.141295996,0.162243844,0.16143984,0.237179279,0.265941441
129,0.143651451,0.184372673,0.156145245,0.143223524,0.164517417,0.164640941,0.240534234,0.268231532
130,0.146768168,0.189627928,0.159323724,0.145151051,0.166790991,0.167842042,0.243889189,0.270521622
131,0.148505906,0.194883183,0.162502202,0.146916917,0.169064565,0.171043143,0.247244144,0.272893393
132,0.150243644,0.200138438,0.165680681,0.148647047,0.171338138,0.174244244,0.250599099,0.276857958
133,0.151981381,0.205393694,0.168859159,0.150377177,0.173611712,0.177445345,0.253493694,0.280822523
134,0.153719119,0.210648949,0.171773373,0.152107307,0.176299299,0.180540741,0.256015616,0.284787087
135,0.155456857,0.214727027,0.174273173,0.153837437,0.179636136,0.18347037,0.258537538,0.288751652
136,0.157194595,0.218510811,0.176772973,0.155567568,0.182972973,0.1864,0.261059459,0.292716216
137,0.158932332,0.222294595,0.179272773,0.157297698,0.18630981,0.18932963,0.263581381,0.296680781
138,0.160754655,0.226078378,0.181772573,0.159027828,0.189646647,0.192259259,0.266103303,0.300645345
139,0.16459009,0.229862162,0.184272372,0.16089009,0.192983483,0.195188889,0.268625225,0.30460991
140,0.168425526,0.233645946,0.186772172,0.163258859,0.19632032,0.198118519,0.271147147,0.307444745
141,0.172260961,0.23742973,0.189271972,0.165627628,0.199657157,0.201048148,0.273669069,0.31019039
142,0.176096396,0.241213514,0.191771772,0.167996396,0.202993994,0.203977778,0.275695495,0.312936036
143,0.179931832,0.244997297,0.195003904,0.170365165,0.206281181,0.207490791,0.27758979,0.315681682
144,0.183767267,0.248696997,0.198838438,0.172733934,0.209527528,0.211483684,0.279484084,0.318427327
145,0.187602703,0.252186486,0.202672973,0.175102703,0.212773874,0.215476577,0.281378378,0.321172973
146,0.191438138,0.255675976,0.206507508,0.177471471,0.21602022,0.219469469,0.283272673,0.323918619
147,0.194308809,0.259165465,0.210342042,0.17984024,0.219266567,0.223462362,0.285166967,0.326664264
148,0.197163664,0.262654955,0.214176577,0.183500601,0.222512913,0.227455255,0.287061261,0.328230631
149,0.200018519,0.266144444,0.218011111,0.188040741,0.225759259,0.231448148,0.288955556,0.329511111
150,0.202873373,0.269633934,0.221845646,0.192580881,0.229005606,0.235441041,0.290903904,0.330791592
151,0.205728228,0.273123423,0.22568018,0.197121021,0.232251952,0.239433934,0.294852252,0.332072072
152,0.208583083,0.276612913,0.229602803,0.201661161,0.235826627,0.242081481,0.298800601,0.333352553
153,0.211437938,0.280102402,0.233561762,0.206201301,0.239536737,0.244174074,0.302748949,0.334633033
154,0.214292793,0.282886486,0.237520721,0.210741441,0.243246847,0.246266667,0.306697297,0.335913514
155,0.217688689,0.285461562,0.24147968,0.215281582,0.246956957,0.248359259,0.310645646,0.337193994
156,0.221126927,0.288036637,0.245438639,0.219821722,0.250667067,0.250451852,0.314593994,0.340870871
157,0.224565165,0.290611712,0.249397598,0.224658559,0.254377177,0.252544444,0.318542342,0.34566036
158,0.228003403,0.293186787,0.253356557,0.229500601,0.258087287,0.254637037,0.322490691,0.35044985
159,0.231441642,0.295761862,0.257315516,0.234342643,0.261797397,0.25672963,0.325904505,0.355239339
160,0.23487988,0.298336937,0.261274474,0.239184685,0.265507508,0.258822222,0.327821622,0.360028829
161,0.238318118,0.300912012,0.263398999,0.244026727,0.268099299,0.26065976,0.329738739,0.364818318
162,0.241756356,0.303487087,0.265242743,0.248868769,0.27051992,0.262458258,0.331655856,0.369607808
163,0.244740541,0.306791892,0.267086486,0.253710811,0.272940541,0.264256757,0.333572973,0.374397297
164,0.247657457,0.312204805,0.26893023,0.258552853,0.275361161,0.266055255,0.33549009,0.378786186
165,0.250574374,0.317617718,0.270773974,0.261952953,0.277781782,0.267853754,0.337407207,0.382861562
166,0.253491291,0.323030631,0.272617718,0.262905105,0.280202402,0.269652252,0.339324324,0.386936937
167,0.256408208,0.328443544,0.274461461,0.263857257,0.282623023,0.271450751,0.341241441,0.391012312
168,0.259325125,0.333856456,0.276305205,0.264809409,0.285043644,0.273249249,0.343991592,0.395087688
169,0.262242042,0.339269369,0.278170571,0.265761562,0.287512913,0.275104204,0.347574775,0.399163063
170,0.265158959,0.344682282,0.280828729,0.266713714,0.291765966,0.279029229,0.351157958,0.403238438
171,0.270108008,0.350095195,0.283486887,0.267665866,0.296019019,0.282954254,0.354741141,0.407313814
172,0.27551982,0.355508108,0.286145045,0.268618018,0.300272072,0.286879279,0.358324324,0.410994595
173,0.280931632,0.357672973,0.288803203,0.26957017,0.304525125,0.290804304,0.361907508,0.414171171
174,0.286343443,0.358713514,0.291461361,0.272099099,0.308778178,0.294729329,0.365490691,0.417347748
175,0.291755255,0.359754054,0.29411952,0.27512973,0.313031231,0.298654354,0.369073874,0.420524324
176,0.297167067,0.360794595,0.296777678,0.27816036,0.317284284,0.302579379,0.372657057,0.423700901
177,0.302578879,0.361835135,0.299435836,0.281190991,0.321537337,0.306504404,0.37671952,0.426877477
178,0.307990691,0.362875676,0.301944745,0.284221622,0.325510811,0.310423123,0.380953153,0.430054054
179,0.310805506,0.363916216,0.3037998,0.287252252,0.328259459,0.314314214,0.385186787,0.433230631
180,0.312791491,0.364956757,0.305654855,0.290282883,0.331008108,0.318205305,0.38942042,0.436457958
181,0.314777477,0.365997297,0.30750991,0.293313514,0.333756757,0.322096396,0.393654054,0.439794595
182,0.316763463,0.367494294,0.309364965,0.296492192,0.336505405,0.325987487,0.397887688,0.443131231
183,0.318749449,0.370531832,0.31122002,0.300533033,0.339254054,0.329878579,0.402121321,0.446467868
184,0.320735435,0.373569369,0.313075075,0.304573874,0.342002703,0.33376967,0.406354955,0.449804505
185,0.322721421,0.376606907,0.31493013,0.308614715,0.344751351,0.337660761,0.410588589,0.453141141
186,0.324707407,0.379644444,0.316785185,0.312655556,0.3475,0.341551852,0.413188889,0.456477778
187,0.32745976,0.382681982,0.320229129,0.316696396,0.350213514,0.345575676,0.415745045,0.459814414
188,0.330538038,0.38571952,0.326687888,0.320737237,0.35286036,0.349851351,0.418301201,0.463388889
189,0.333616316,0.388757057,0.333146647,0.324778078,0.355507207,0.354127027,0.420857357,0.467944444
190,0.336694595,0.391794595,0.339605405,0.328818919,0.358154054,0.358402703,0.423413514,0.4725
191,0.339772873,0.394832132,0.346064164,0.332748048,0.360800901,0.362678378,0.42596967,0.477055556
192,0.342851151,0.397434234,0.352522923,0.33657988,0.363447748,0.366954054,0.428525826,0.481611111
193,0.345929429,0.399862162,0.358981682,0.340411712,0.366094595,0.37122973,0.431081982,0.486166667
194,0.349007708,0.40229009,0.36544044,0.344243544,0.368741441,0.375505405,0.433765465,0.490722222
195,0.353022923,0.404718018,0.371899199,0.348075375,0.371388288,0.379781081,0.436926426,0.495277778
196,0.357553453,0.407145946,0.376748949,0.351907207,0.374531532,0.383446246,0.440087387,0.499764865
197,0.362083984,0.409573874,0.380017918,0.355739039,0.378162462,0.386511612,0.443248348,0.503384685
198,0.366614515,0.412001802,0.383286887,0.359570871,0.381793393,0.389576977,0.446409309,0.507004505
199,0.371145045,0.41442973,0.386555856,0.363402703,0.385424324,0.392642342,0.44957027,0.510624324
200,0.375675576,0.416857658,0.389824825,0.36566006,0.389055255,0.395707708,0.452731231,0.514244144
201,0.380206106,0.419682883,0.393093794,0.367784985,0.392686186,0.398773073,0.455892192,0.517863964
202,0.384736637,0.424097297,0.396362763,0.36990991,0.396317117,0.401838438,0.459053153,0.521483784
203,0.389113714,0.428511712,0.399631732,0.372034835,0.399948048,0.404903804,0.462724625,0.525103604
204,0.393383584,0.432926126,0.402900701,0.37415976,0.403578979,0.407969169,0.467026727,0.528723423
205,0.397653453,0.437340541,0.405959459,0.376284685,0.407224925,0.41125976,0.471328829,0.530164865
206,0.401923323,0.441754955,0.408911712,0.37840961,0.410878478,0.414664464,0.475630931,0.531494595
207,0.406193193,0.446169369,0.411863964,0.380534535,0.414532032,0.418069169,0.479933033,0.532824324
208,0.410463063,0.450583784,0.414816216,0.383178378,0.418185586,0.421473874,0.484235135,0.534154054
209,0.414732933,0.454998198,0.417768468,0.386975375,0.421839139,0.424878579,0.488537237,0.535483784
210,0.419002803,0.459412613,0.420720721,0.390772372,0.425492693,0.428283283,0.492839339,0.536813514
211,0.422598799,0.463034234,0.423672973,0.394569369,0.429146246,0.431687988,0.497141441,0.538143243
212,0.425602603,0.466292492,0.426625225,0.398366366,0.4327998,0.435092693,0.499913213,0.539472973
213,0.428606406,0.469550751,0.429577477,0.402163363,0.436453353,0.438497397,0.501978679,0.543263363
214,0.43161021,0.472809009,0.433376877,0.40596036,0.44046997,0.440328829,0.504044144,0.54756036
215,0.434614014,0.476067267,0.437358458,0.409757357,0.444564665,0.441821922,0.50610961,0.551857357
216,0.437617818,0.479325526,0.44134004,0.413554354,0.448659359,0.443315015,0.508175075,0.556154354
217,0.440621622,0.482583784,0.445321622,0.417667568,0.452754054,0.444808108,0.510240541,0.560451351
218,0.443625425,0.485842042,0.449303203,0.421917417,0.456848749,0.446301201,0.512306006,0.564748348
219,0.44796987,0.4891003,0.453284785,0.426167267,0.460943443,0.447794294,0.514371471,0.569045345
220,0.453791291,0.49230991,0.457266366,0.430417117,0.465038138,0.449287387,0.516436937,0.573342342
221,0.459612713,0.495284384,0.461247948,0.434666967,0.469132833,0.45078048,0.520352252,0.578214114
222,0.465434134,0.498258859,0.46522953,0.438916817,0.473227528,0.452273574,0.524426126,0.583323724
223,0.471255556,0.501233333,0.467955556,0.443166667,0.477244444,0.456644444,0.5285,0.588433333
224,0.477076977,0.504207808,0.470658959,0.447416517,0.48125996,0.461067167,0.532573874,0.593542943
225,0.482898398,0.507182282,0.473362362,0.451345045,0.485275475,0.46548989,0.536647748,0.598652553
226,0.48871982,0.510156757,0.476065766,0.451867568,0.489290991,0.469912613,0.540721622,0.603762162
227,0.493172272,0.513131231,0.478769169,0.45239009,0.493306507,0.474335335,0.544795495,0.608871772
228,0.495729229,0.516105706,0.481472573,0.452912613,0.497322022,0.478758058,0.548869369,0.613981381
229,0.498286186,0.51908018,0.484175976,0.453435135,0.501337538,0.483180781,0.552948649,0.617728829
230,0.500843143,0.522848949,0.486879379,0.453957658,0.505353053,0.487603504,0.557056757,0.620511411
231,0.5034001,0.527032132,0.489792593,0.45448018,0.509336537,0.491737938,0.561164865,0.623293994
232,0.505957057,0.531215315,0.493977778,0.455002703,0.513125826,0.494124625,0.565272973,0.626076577
233,0.508514014,0.535398498,0.498162963,0.455525225,0.516915115,0.496511311,0.569381081,0.628859159
234,0.511070971,0.539581682,0.502348148,0.457941642,0.520704404,0.498897998,0.573489189,0.631641742
235,0.514420721,0.543764865,0.506533333,0.462458559,0.524493694,0.501284685,0.577597297,0.634424324
236,0.519162262,0.547948048,0.510718519,0.466975475,0.528282983,0.503671371,0.581705405,0.637206907
237,0.523903804,0.552131231,0.514903704,0.471492392,0.532072272,0.506058058,0.585813514,0.640822523
238,0.528645345,0.556314414,0.519088889,0.476009309,0.535861562,0.508444745,0.589309009,0.645402703
239,0.533386887,0.56036997,0.523274074,0.480526226,0.539650851,0.510831431,0.591865165,0.649982883
240,0.538128428,0.56365976,0.527037237,0.485043143,0.542742442,0.513694595,0.594421321,0.654563063
241,0.54286997,0.56694955,0.52981982,0.48956006,0.544212913,0.517664865,0.596977477,0.659143243
242,0.547611512,0.570239339,0.532602402,0.494076977,0.545683383,0.521635135,0.599533634,0.663723423
243,0.551786286,0.573529129,0.535384985,0.498143443,0.547153854,0.525605405,0.60208979,0.668303604
244,0.554678378,0.576818919,0.538167568,0.502137838,0.548624324,0.529575676,0.604645946,0.672883784
245,0.55757047,0.580108709,0.54095015,0.506132232,0.550094795,0.533545946,0.607202102,0.677409309
246,0.560462563,0.583398498,0.543732733,0.510126627,0.551565265,0.537516216,0.609758258,0.681829429
247,0.563354655,0.586688288,0.546515315,0.514121021,0.553035736,0.541486486,0.613395495,0.68624955
248,0.566246747,0.589978078,0.549297898,0.518115415,0.554506206,0.545456757,0.617663363,0.69066967
249,0.569138839,0.592633634,0.551908709,0.52210981,0.557257157,0.549276076,0.621931231,0.69508979
250,0.572030931,0.594914414,0.554318018,0.526104204,0.56151021,0.552918318,0.626199099,0.69950991
251,0.575118519,0.597195195,0.556727327,0.530220521,0.565763263,0.556560561,0.630466967,0.70393003
252,0.578792593,0.599475976,0.559136637,0.534702603,0.570016316,0.560202803,0.634734835,0.70835015
253,0.582466667,0.601756757,0.561545946,0.539184685,0.574269369,0.563845045,0.639002703,0.712283784
254,0.586140741,0.604037538,0.563955255,0.543666767,0.578522422,0.567487287,0.643270571,0.714487688
255,0.589814815,0.606318318,0.566364565,0.548148849,0.582775475,0.57112953,0.647538438,0.716691592
256,0.593488889,0.608599099,0.568773874,0.552630931,0.587028529,0.574771772,0.651618018,0.718895495
257,0.597162963,0.61087988,0.571183183,0.557113013,0.591281582,0.578414014,0.655669069,0.721099399
258,0.600837037,0.613183483,0.573963864,0.561595095,0.594995095,0.579365566,0.65972012,0.723303303
259,0.604664865,0.615663964,0.576972673,0.566077177,0.598377177,0.578664264,0.663771171,0.725507207
260,0.609133333,0.618144444,0.579981481,0.569203704,0.601759259,0.577962963,0.667822222,0.727711111
261,0.613601802,0.620624925,0.58299029,0.571560861,0.605141341,0.577261662,0.671873273,0.729963063
262,0.61807027,0.623105405,0.585999099,0.573918018,0.608523423,0.57656036,0.675924324,0.732659459
263,0.622538739,0.625585886,0.589007908,0.576275175,0.611905506,0.575859059,0.679975375,0.735355856
264,0.627007207,0.628066366,0.592016717,0.578632332,0.615287588,0.575157758,0.683786186,0.738052252
265,0.631475676,0.630546847,0.595025526,0.580989489,0.61866967,0.574456456,0.685554955,0.740748649
266,0.635944144,0.633027327,0.598034334,0.583346647,0.622051752,0.573755155,0.687323724,0.743445045
267,0.640426226,0.635507808,0.600734835,0.585703804,0.624420821,0.577044244,0.689092492,0.746141441
268,0.644993994,0.639640541,0.603347748,0.588094595,0.626502102,0.581466967,0.690861261,0.748837838
269,0.649561762,0.644874775,0.605960661,0.591752252,0.628583383,0.58588969,0.69263003,0.751534234
270,0.65412953,0.650109009,0.608573574,0.59540991,0.630664665,0.590312412,0.694398799,0.755876276
271,0.658697297,0.655343243,0.611186486,0.599067568,0.632745946,0.594735135,0.696167568,0.760259459
272,0.663265065,0.660577477,0.613799399,0.602725225,0.634827227,0.599157858,0.697936336,0.764642643
273,0.667832833,0.665811712,0.616412312,0.606382883,0.636908509,0.603580581,0.700278979,0.769025826
274,0.672400601,0.671045946,0.619025225,0.610040541,0.63898979,0.608003303,0.703725225,0.773409009
275,0.676817217,0.67628018,0.621638138,0.613698198,0.641071071,0.612426026,0.707171471,0.777792192
276,0.679510711,0.681514414,0.62474975,0.617355856,0.645847447,0.615777077,0.710617718,0.782175375
277,0.682204204,0.686324324,0.627894294,0.621345045,0.650801802,0.619057357,0.714063964,0.786558559
278,0.684897698,0.686608108,0.631038839,0.625803904,0.655756156,0.622337638,0.71751021,0.790163964
279,0.687591191,0.686891892,0.634183383,0.630262763,0.660710511,0.625617918,0.720956456,0.793636036
280,0.690284685,0.687175676,0.637327928,0.634721622,0.665664865,0.628898198,0.724402703,0.797108108
281,0.692978178,0.687459459,0.640472472,0.63918048,0.670619219,0.632178478,0.727848949,0.80058018
282,0.695671672,0.687743243,0.643617017,0.643639339,0.675573574,0.635458759,0.731770871,0.804052252
283,0.698386186,0.688027027,0.646761562,0.648098198,0.680527928,0.638739039,0.736038739,0.807524324
284,0.701948549,0.688310811,0.650163764,0.652557057,0.685268669,0.64218999,0.740306607,0.810996396
285,0.705510911,0.688594595,0.655955155,0.657015916,0.688028629,0.647223524,0.744574474,0.814468468
286,0.709073273,0.688878378,0.661746547,0.657509009,0.690788589,0.652257057,0.748842342,0.818571171
287,0.712635636,0.690981982,0.667537938,0.657021321,0.693548549,0.657290591,0.75311021,0.822905105
288,0.716197998,0.69445045,0.673329329,0.656533634,0.696308509,0.662324124,0.757378078,0.827239039
289,0.71976036,0.697918919,0.679120721,0.656045946,0.699068468,0.667357658,0.761645946,0.831572973
290,0.723322723,0.701387387,0.684912112,0.655558258,0.701828428,0.672391191,0.765913814,0.835906907
291,0.726885085,0.704855856,0.690703504,0.655070571,0.704588388,0.677424725,0.769315916,0.840240841
292,0.729486486,0.708324324,0.696494895,0.654582883,0.707348348,0.682458258,0.772522523,0.844574775
293,0.732055856,0.711792793,0.701212212,0.654095195,0.710337638,0.686554154,0.775729129,0.848908709
294,0.734625225,0.715261261,0.702818418,0.654675576,0.713991191,0.687934134,0.778935736,0.853175075
295,0.737194595,0.71872973,0.704424625,0.65981952,0.717644745,0.689314114,0.782142342,0.857398198
296,0.739763964,0.722162763,0.706030831,0.664963463,0.721298298,0.690694094,0.785348949,0.861621321
297,0.742333333,0.725011111,0.707637037,0.670107407,0.724951852,0.692074074,0.788555556,0.865844444
298,0.744902703,0.727859459,0.709243243,0.675251351,0.728605405,0.693454054,0.791762162,0.870067568
299,0.747472072,0.730707808,0.710849449,0.680395295,0.732258959,0.694834034,0.794947748,0.874290691
300,0.750799299,0.733556156,0.712455656,0.685539239,0.735912513,0.696214014,0.797754955,0.878513814
301,0.7542003,0.736404505,0.714061862,0.690683183,0.739566066,0.697593994,0.800562162,0.882736937
302,0.757601301,0.739252853,0.715362262,0.695827127,0.742518619,0.700677077,0.803369369,0.886521622
303,0.761002302,0.742101201,0.716233233,0.702560561,0.744486787,0.706151752,0.806176577,0.889845946
304,0.764403303,0.74494955,0.717104204,0.710456456,0.746454955,0.711626426,0.808983784,0.89317027
305,0.767804304,0.747797898,0.717975175,0.718352352,0.748423123,0.717101101,0.811790991,0.896494595
306,0.771205305,0.750058559,0.718846146,0.726248248,0.750391291,0.722575776,0.814598198,0.899818919
307,0.774606306,0.751824324,0.719717117,0.734144144,0.752359459,0.72805045,0.817405405,0.903143243
308,0.776373273,0.75359009,0.720588088,0.74204004,0.754327628,0.733525125,0.820648649,0.906467568
309,0.777862763,0.755355856,0.721459059,0.749935936,0.756295796,0.7389998,0.824962162,0.909791892
310,0.779352252,0.757121622,0.72233003,0.757831832,0.758263964,0.744474474,0.829275676,0.912755856
311,0.780841742,0.758887387,0.726278579,0.765727728,0.76086977,0.749038238,0.833589189,0.915095195
312,0.782331231,0.760653153,0.7324998,0.767861061,0.763946446,0.752929329,0.837902703,0.917434535
313,0.783820721,0.762418919,0.738721021,0.769788589,0.767023123,0.75682042,0.842216216,0.919773874
314,0.78531021,0.764184685,0.744942242,0.771716116,0.7700998,0.760711512,0.84652973,0.922113213
315,0.7867997,0.765922222,0.751163463,0.773643644,0.773176476,0.764602603,0.850843243,0.924452553
316,0.790885586,0.7667,0.757384685,0.775571171,0.776253153,0.768493694,0.855156757,0.926791892
317,0.795627127,0.767477778,0.763605906,0.777498699,0.77932983,0.772384785,0.859007808,0.929131231
318,0.800368669,0.768255556,0.769827127,0.779426226,0.782406507,0.776275876,0.862442643,0.931503604
319,0.80511021,0.769033333,0.776048348,0.781353754,0.785483183,0.780166967,0.865877477,0.933978378
320,0.809851752,0.769811111,0.778547447,0.782694394,0.789365766,0.78178989,0.869312312,0.936453153
321,0.814593293,0.770588889,0.779701201,0.782961461,0.79353964,0.782592993,0.872747147,0.938927928
322,0.819334835,0.771366667,0.780854955,0.783228529,0.797713514,0.783396096,0.876181982,0.941402703
323,0.824076376,0.772144444,0.782008709,0.783495596,0.801887387,0.784199199,0.879616817,0.943877477
324,0.828615315,0.772922222,0.783162462,0.783762663,0.806061261,0.785002302,0.883051652,0.946352252
325,0.833083784,0.774575676,0.784316216,0.78402973,0.810235135,0.785805405,0.886486486,0.948827027
326,0.837552252,0.777056156,0.78546997,0.784296797,0.814409009,0.786608509,0.888118619,0.951533033
327,0.842020721,0.779536637,0.786623724,0.784563864,0.818582883,0.787411612,0.889191291,0.955903904
328,0.846489189,0.782017117,0.787777477,0.784830931,0.822756757,0.788214715,0.890263964,0.960274775
329,0.850957658,0.784497598,0.788890791,0.786225726,0.824949049,0.791373473,0.891336637,0.964645646
330,0.855426126,0.786978078,0.789999299,0.788013914,0.826905906,0.794812112,0.892409309,0.969016517
331,0.859894595,0.789458559,0.791107808,0.789802102,0.828862763,0.798250751,0.893481982,0.973387387
332,0.861223423,0.791939039,0.792216316,0.79159029,0.83081962,0.801689389,0.894554655,0.977758258
333,0.861111712,0.79441952,0.793324825,0.793378478,0.832776476,0.805128028,0.895627327,0.982129129
334,0.861,0.7969,0.794433333,0.795166667,0.834733333,0.808566667,0.8967,0.9865
335,0.860888288,0.797625225,0.795541842,0.796954855,0.83669019,0.812005305,0.90018048,0.988223724
336,0.860776577,0.79835045,0.79665035,0.798743043,0.838647047,0.815443944,0.903660961,0.989947447
337,0.860664865,0.799075676,0.797929429,0.801131832,0.840670571,0.818910811,0.907141441,0.991671171
338,0.860553153,0.799800901,0.80225035,0.807564665,0.843882983,0.822881081,0.910621922,0.993394895
339,0.860441441,0.800526126,0.806571271,0.813997497,0.847095395,0.826851351,0.914102402,0.995118619
340,0.863210811,0.801251351,0.810892192,0.82043033,0.850307808,0.830821622,0.917582883,0.996842342
341,0.867679279,0.801976577,0.815213113,0.826863163,0.85352022,0.834791892,0.921063363,0.998566066
342,0.872147748,0.802701802,0.819534034,0.833295996,0.856732633,0.838762162,0.924543844,1.00028979
343,0.876616216,0.803427027,0.823854955,0.839728829,0.859945045,0.842732432,0.928113514,1.003797297
344,0.881084685,0.804601502,0.828175876,0.846161662,0.863157457,0.846702703,0.931970571,1.007552553
345,0.885553153,0.806251652,0.832496797,0.852594494,0.86636987,0.850672973,0.935827628,1.011307808
346,0.890021622,0.807901802,0.836306006,0.856588889,0.869507808,0.853934535,0.939684685,1.015063063
347,0.89449009,0.809551952,0.838217618,0.858307407,0.87236957,0.854567968,0.943541742,1.018818318
348,0.897281281,0.811202102,0.840129229,0.860025926,0.875231331,0.855201401,0.947398799,1.022573574
349,0.89882042,0.812852252,0.842040841,0.861744444,0.878093093,0.855834835,0.951255856,1.026328829
350,0.90035956,0.814502402,0.843952452,0.863462963,0.880954855,0.856468268,0.955112913,1.030084084
351,0.901898699,0.816152553,0.845864064,0.865181481,0.883816617,0.857101702,0.95896997,1.033494895
352,0.903437838,0.817802703,0.847775676,0.8669,0.886678378,0.857735135,0.961978378,1.036794595
353,0.904976977,0.819452853,0.849687287,0.868618519,0.88954014,0.858368569,0.964043844,1.040094294
354,0.906516116,0.82145015,8.52E-01,0.870337037,0.892401902,0.859002002,0.966109309,1.043393994
355,0.908055255,0.823457658,0.85425045,0.872749249,0.895330931,0.860951351,0.968174775,1.046693694
356,0.909831431,0.825465165,0.858152853,0.875234134,0.898373674,0.865125225,0.97024024,1.049993393
357,0.91182983,0.827472673,0.862055255,0.877719019,0.901416416,0.869299099,0.972305706,1.053293093
358,0.913828228,0.82948018,0.865957658,0.880203904,0.904459159,0.873472973,0.974371171,1.056592793
359,0.915826627,0.831487688,0.86986006,0.882688789,0.907501902,0.877646847,0.976436637,1.060509309
360,0.917825025,0.833495195,0.873762462,0.885173674,0.910544645,0.881820721,0.978502102,1.064781682
361,0.919823423,0.835502703,0.877664865,0.887658559,0.913587387,0.885994595,0.981459459,1.069054054
362,0.921821822,0.83751021,0.881567267,0.890143443,0.91663013,0.890168468,0.98478018,1.073326426
363,0.92382022,0.839397598,0.88546967,0.893104805,0.919672873,0.894342342,0.988100901,1.077598799
364,0.925772973,0.841142342,0.890579279,0.897215315,0.921544444,0.898678378,0.991421622,1.081871171
365,0.927672072,0.842887087,0.896755255,0.901325826,0.922381481,0.903157658,0.994742342,1.086143544
366,0.929571171,0.844631832,0.902931231,0.905436336,0.923218519,0.907636937,0.998063063,1.090415916
367,0.93147027,0.846376577,0.909107207,0.909546847,0.924055556,0.912116216,1.001383784,1.092317117
368,0.933369369,0.848121321,0.915283183,0.913657357,0.924892593,0.916595495,1.004704505,1.09196006
369,0.935268468,0.849866066,0.921459159,0.917767868,0.92572963,0.921074775,1.008025225,1.091603003
370,0.937167568,0.851610811,0.927635135,0.921878378,0.926566667,0.925554054,1.012016216,1.091245946
371,0.939066667,0.853355556,0.933811111,0.925988889,0.927403704,0.930033333,1.016044444,1.090888889
372,0.941426226,0.8551003,0.939987087,0.928391291,0.928240741,0.934512613,1.020072673,1.090531832
373,0.944467267,0.856190991,0.944093994,0.929993694,0.929749249,0.936087387,1.024100901,1.090174775
374,0.947508308,0.857242042,0.947272472,0.931596096,0.931559059,0.936358859,1.028129129,1.089817718
375,0.950549349,0.858293093,0.950450951,0.933198498,0.933368869,0.93663033,1.032157357,1.090397598
376,0.95359039,0.859344144,0.953629429,0.934800901,0.935178679,0.936901802,1.036185586,1.092441441
377,0.956631431,0.860395195,0.956807908,0.936403303,0.936988488,0.937173273,1.040213814,1.094485285
378,0.959672472,0.861446246,0.959986386,0.938005706,0.938798298,0.937444745,1.043598799,1.096529129
379,0.962713514,0.862497297,0.963164865,0.939608108,0.940608108,0.937716216,1.044135135,1.098572973
380,0.965212212,0.863548348,0.966343343,0.941316216,0.942417918,0.937987688,1.044671471,1.100616817
381,0.966689289,0.864599399,0.969521822,0.944451351,0.944227728,0.938259159,1.045207808,1.102660661
382,0.968166366,0.865745045,0.96877958,0.947586486,0.947296396,0.940173874,1.045744144,1.104704505
383,0.969643443,0.867016817,0.967343043,0.950721622,0.950587988,0.94237958,1.04628048,1.106996096
384,0.971120521,0.868288589,0.965906507,0.953856757,0.95387958,0.944585285,1.046816817,1.109963363
385,0.972597598,0.86956036,0.96446997,0.956991892,0.957171171,0.946790991,1.047353153,1.112930631
386,0.974074675,0.870832132,0.963033433,0.960127027,0.960462763,0.948996697,1.047889489,1.115897898
387,0.975551752,0.872103904,0.961596897,0.963262162,0.963754354,0.951202402,1.049391592,1.118865165
388,0.977201802,0.873375676,0.96016036,0.966397297,0.967045946,0.953408108,1.052221622,1.121832432
389,0.979274675,0.874647447,0.958723824,0.96923003,0.970337538,0.955613814,1.055051652,1.1247997
390,0.981347548,0.875919219,0.957293393,0.971703303,0.973625025,0.957853854,1.057881682,1.127766967
391,0.98342042,0.877190991,0.956546847,0.974176577,0.976452853,0.963939339,1.060711712,1.13077027
392,0.985493293,0.876886787,0.9558003,0.97664985,0.979280681,0.970024825,1.063541742,1.133983784
393,0.987566166,0.876434835,0.955053754,0.979123123,0.982108509,0.97611031,1.066371772,1.137197297
394,0.989639039,0.875982883,0.954307207,0.981596396,0.984936336,0.982195796,1.069201802,1.140410811
395,0.991711912,0.875530931,0.953560661,0.98406967,0.987764164,0.988281281,1.072031832,1.143624324
396,0.99383994,0.875078979,0.952814114,0.986542943,0.990591992,0.994366767,1.074659159,1.146837838
397,0.996148649,0.874627027,0.952067568,0.989016216,0.99341982,1.000452252,1.077181081,1.150051351
398,0.998457357,0.874175075,0.951321021,0.9930002,0.996247648,1.006537738,1.079703003,1.153264865
399,1.000766066,0.873723123,0.950783684,0.997261662,0.998961361,1.011620921,1.082224925,1.15649009
400,1.003074775,0.873271171,0.951281381,1.001523123,1.001110511,1.011745345,1.084746847,1.160183784
401,1.005383483,0.873634835,0.951779079,1.005784585,1.00325966,1.01186977,1.087268769,1.163877477
402,1.007692192,0.875221922,0.952276777,1.010046046,1.005408809,1.011994194,1.089790691,1.167571171
403,1.010000901,0.876809009,0.952774474,1.014307508,1.007557958,1.012118619,1.092312613,1.171264865
404,1.012118018,0.878396096,0.953272172,1.018568969,1.009707107,1.012243043,1.094834535,1.174958559
405,1.013346847,0.879983183,0.95376987,1.02283043,1.011856256,1.012367467,1.097478979,1.178652252
406,1.014575676,0.88157027,0.954267568,1.025959459,1.014005405,1.012491892,1.100137838,1.182345946
407,1.015804505,0.883157357,0.954765265,1.025355656,1.016154555,1.012616316,1.102796697,1.18603964
408,1.017033333,0.884744444,0.955962963,1.024751852,1.017640741,1.013707407,1.105455556,1.186888889
409,1.018262162,0.886331532,0.958598498,1.024148048,1.017765165,1.016784084,1.108114414,1.187430631
410,1.019490991,0.887918619,0.961234034,1.023544244,1.01788959,1.019860761,1.110773273,1.187972372
411,1.02071982,0.889300901,0.96386957,1.02294044,1.018014014,1.022937437,1.113432132,1.188514114
412,1.021971171,0.890656757,0.966505105,1.022336637,1.018138438,1.026014114,1.116090991,1.189055856
413,1.023386186,0.892012613,0.969140641,1.021732833,1.018262863,1.029090791,1.118685285,1.189597598
414,1.024801201,0.893368468,0.971776176,1.021129029,1.018387287,1.032167467,1.120853453,1.190139339
415,1.026216216,0.894724324,0.974411712,1.022233333,1.018511712,1.035244144,1.123021622,1.190681081
416,1.027631231,0.89608018,0.977047247,1.024381481,1.018636136,1.038320821,1.12518979,1.192443243
417,1.029046246,0.897436036,0.979666266,1.02652963,1.020516817,1.041628729,1.127357958,1.194548649
418,1.030461261,0.898791892,0.982267868,1.028677778,1.02424955,1.04518048,1.129526126,1.196654054
419,1.031876276,0.900147748,0.984869469,1.030825926,1.027982282,1.048732232,1.131694294,1.198759459
420,1.033314515,0.901597297,0.987471071,1.032974074,1.031715015,1.052283984,1.133862462,1.200864865
421,1.035089489,0.903205405,0.990072673,1.035122222,1.035447748,1.055835736,1.136030631,1.20297027
422,1.036864464,0.904813514,0.992674274,1.03727037,1.03918048,1.059387487,1.137891892,1.205075676
423,1.038639439,0.906421622,0.995275876,1.039426126,1.042913213,1.062939239,1.139227027,1.207181081
424,1.040414414,0.90802973,0.997877477,1.042456757,1.046645946,1.066490991,1.140562162,1.209059459
425,1.042189389,0.909637838,1.000479079,1.045487387,1.050378679,1.070042743,1.141897297,1.21082012
426,1.043964364,0.911245946,1.001575375,1.048518018,1.051385786,1.074317918,1.143232432,1.212580781
427,1.045739339,0.912854054,1.001846847,1.051548649,1.050899399,1.078989489,1.144567568,1.214341441
428,1.047501902,0.914462162,1.002118318,1.054579279,1.050413013,1.083661061,1.145902703,1.216102102
429,1.047737738,0.91607027,1.00238979,1.05760991,1.049926627,1.088332633,1.147237838,1.217862763
430,1.047973574,0.917137838,1.002661261,1.060640541,1.04944024,1.093004204,1.148572973,1.219623423
431,1.048209409,0.918115315,1.002932733,1.063671171,1.048953854,1.097675776,1.150667868,1.221384084
432,1.048445245,0.919092793,1.003204204,1.066402503,1.048467467,1.102347347,1.153258258,1.22297958
433,1.048681081,0.92007027,1.003475676,1.068678378,1.047981081,1.107018919,1.155848649,1.224432432
434,1.048916917,0.921047748,1.003747147,1.070954254,1.047494695,1.11169049,1.158439039,1.225885285
435,1.049152753,0.922025225,1.003781782,1.07323013,1.048939439,1.112882382,1.161029429,1.227338138
436,1.049388589,0.923002703,1.003759159,1.075506006,1.050851051,1.113233033,1.16361982,1.228790991
437,1.049317317,0.92398018,1.003736537,1.077781882,1.052762663,1.113583684,1.16621021,1.230243844
438,1.04923043,0.924957658,1.003713914,1.080057758,1.054674274,1.113934334,1.168800601,1.231696697
439,1.049143544,0.92516036,1.003691291,1.082333634,1.056585886,1.114284985,1.171390991,1.23314955
440,1.049056657,0.923878078,1.003668669,1.08460951,1.058497497,1.114635636,1.171732733,1.23471982
441,1.04896977,0.922595796,1.003646046,1.087185986,1.060409109,1.114986286,1.171652853,1.236455856
442,1.048882883,0.921313514,1.003623423,1.089845045,1.062320721,1.115336937,1.171572973,1.238191892
443,1.048795996,0.920031231,1.003600801,1.092504104,1.064232332,1.115687588,1.171493093,1.239927928
444,1.048709109,0.918748949,1.002072472,1.095163163,1.066013013,1.118253153,1.171413213,1.241663964
445,1.050155556,0.917466667,1.000488889,1.097822222,1.067788889,1.1209,1.171333333,1.2434
446,1.051781582,0.916184384,0.998905305,1.100481281,1.069564765,1.123546847,1.171253453,1.245136036
447,1.053407608,0.914902102,0.997321722,1.10314034,1.071340641,1.126193694,1.171173574,1.246872072
448,1.055033634,0.91361982,0.995738138,1.105799399,1.073116517,1.128840541,1.171336036,1.248363063
449,1.05665966,0.910465165,0.994154555,1.108402402,1.074892392,1.131487387,1.174325826,1.249261862
450,1.058285686,0.906923123,0.992570971,1.110736336,1.076668268,1.134134234,1.177315616,1.250160661
451,1.059911712,0.903381081,0.990987387,1.11307027,1.078444144,1.136781081,1.180305405,1.251059459
452,1.061537738,0.899839039,0.989691091,1.115404204,1.080054655,1.139673173,1.183295195,1.251958258
453,1.063194995,0.896296997,0.990426326,1.117738138,1.080495796,1.144299499,1.186284985,1.252857057
454,1.064858258,0.892754955,0.991161562,1.120072072,1.080936937,1.148925826,1.189274775,1.253755856
455,1.066521522,0.889212913,0.991896797,1.122406006,1.081378078,1.153552152,1.192264565,1.254654655
456,1.068184785,0.885670871,0.992632032,1.12473994,1.081819219,1.158178478,1.195254354,1.25553033
457,1.069848048,0.882128829,0.993367267,1.127073874,1.08226036,1.162804805,1.198179279,1.256293694
458,1.071511311,0.879567868,0.994102503,1.1281,1.082701502,1.167431131,1.200963664,1.257057057
459,1.073174575,0.879147447,0.994837738,1.1281,1.083142643,1.172057457,1.203748048,1.25782042
460,1.074837838,0.878727027,0.995572973,1.1281,1.083583784,1.176683784,1.206532432,1.258583784
461,1.075501001,0.878306607,0.995818118,1.1281,1.084197898,1.180506106,1.209316817,1.259347147
462,1.075885786,0.877886186,0.994822723,1.1281,1.08524985,1.182293293,1.212101201,1.260110511
463,1.076270571,0.877465766,0.993827327,1.1281,1.086301802,1.18408048,1.214885586,1.260873874
464,1.076655355,0.877045345,0.992831932,1.1281,1.087353754,1.185867668,1.21766997,1.261667868
465,1.07704014,0.876624925,0.991836537,1.1281,1.088405706,1.187654855,1.220454354,1.263059159
466,1.077424925,0.876204505,0.990841141,1.1281,1.089457658,1.189442042,1.222103604,1.26445045
467,1.07780971,0.875784084,0.989845746,1.127483383,1.09050961,1.191229229,1.222833934,1.265841742
468,1.078194494,0.875641141,0.98885035,1.126833133,1.091561562,1.193016416,1.223564264,1.267233033
469,1.078957658,0.875567568,0.987854955,1.126182883,1.092613514,1.194803604,1.224294595,1.268624324
470,1.079863764,0.875493994,0.98712983,1.125532633,1.093695495,1.196435636,1.225024925,1.270015616
471,1.08076987,0.87542042,0.986745245,1.124882382,1.094815315,1.197872172,1.225755255,1.271406907
472,1.081675976,0.875346847,0.986360661,1.124232132,1.095935135,1.199308709,1.226485586,1.272798198
473,1.082582082,0.875273273,0.985976076,1.123581882,1.097054955,1.200745245,1.227215916,1.2746003
474,1.083488188,0.8751997,0.985591491,1.122931632,1.098174775,1.202181782,1.227946246,1.276434835
475,1.084394294,0.875126126,0.985206907,1.122457057,1.099294595,1.203618318,1.22982973,1.278269369
476,1.0853004,0.875052553,0.984822322,1.122329329,1.100414414,1.205054855,1.232020721,1.280103904
477,1.086389289,0.874384384,0.984437738,1.122201602,1.101534234,1.206491391,1.234211712,1.281938438
478,1.087568468,0.87222973,0.984053153,1.122073874,1.102654054,1.207927928,1.236402703,1.283772973
479,1.088747648,0.870075075,0.983287387,1.121946146,1.104121021,1.209827327,1.238593694,1.285607508
480,1.089926827,0.86792042,0.982269369,1.121818418,1.105817718,1.212033033,1.240784685,1.287442042
481,1.091106006,0.865765766,0.981251351,1.121690691,1.107514414,1.214238739,1.242975676,1.286908108
482,1.092285185,0.863611111,0.980233333,1.121562963,1.109211111,1.216444444,1.245166667,1.2858
483,1.093464364,0.861456456,0.979215315,1.121435235,1.110907808,1.21865015,1.247345946,1.284691892
484,1.094643544,0.859301802,0.978197297,1.120744144,1.112604505,1.220855856,1.249091892,1.283583784
485,1.094278378,0.857147147,0.977179279,1.119838438,1.114301201,1.223061562,1.250837838,1.282475676
486,1.092937838,0.854992492,0.976161261,1.118932733,1.115997898,1.225267267,1.252583784,1.281367568
487,1.091597297,0.853956757,0.975143243,1.118027027,1.117694595,1.227472973,1.25432973,1.280259459
488,1.090256757,0.853252553,0.972515415,1.117121321,1.117549049,1.228637037,1.256075676,1.279151351
489,1.088916216,0.852548348,0.969382182,1.116215616,1.116825125,1.229474074,1.257821622,1.278724324
490,1.087575676,0.851844144,0.966248949,1.11530991,1.116101201,1.230311111,1.259567568,1.278613514
491,1.086235135,0.85113994,0.963115716,1.114404204,1.115377277,1.231148148,1.261313514,1.278502703
492,1.084894595,0.850435736,0.959982482,1.11367027,1.114653353,1.231985185,1.262744144,1.278391892
493,1.083671471,0.849731532,0.956849249,1.114297297,1.113929429,1.232822222,1.263291892,1.278281081
494,1.082541942,0.849027327,0.953716016,1.114924324,1.113205506,1.233659259,1.26383964,1.27817027
495,1.081412412,0.848323123,0.950582783,1.115551351,1.112481582,1.234496296,1.264387387,1.278059459
496,1.080282883,0.847286486,0.94744955,1.116178378,1.111757658,1.235333333,1.264935135,1.277948649
497,1.079153353,0.845289489,0.945846647,1.116805405,1.11145015,1.235233433,1.265482883,1.278169369
498,1.078023824,0.843292492,0.944376176,1.117432432,1.111178679,1.235052452,1.266030631,1.27864955
499,1.076894294,0.841295495,0.942905706,1.118059459,1.110907207,1.234871471,1.266578378,1.27912973
500,1.075764765,0.839298498,0.941435235,1.118686486,1.110635736,1.23469049,1.267126126,1.27960991
501,1.074554555,0.837301502,0.939964765,1.118518118,1.110364264,1.23450951,1.266880781,1.28009009
502,1.073263664,0.835304505,0.938494294,1.117554354,1.110092793,1.234328529,1.265842342,1.28057027
503,1.071972773,0.833307508,0.937023824,1.116590591,1.109821321,1.234147548,1.264803904,1.28105045
504,1.070681882,0.831310511,0.935553353,1.115626827,1.10954985,1.233966567,1.263765465,1.281530631
505,1.069390991,0.829313514,0.934112613,1.114663063,1.109362162,1.233868468,1.262727027,1.282059459
506,1.0681001,0.82855015,0.933015415,1.113699299,1.110142643,1.234728128,1.261688589,1.28265045
507,1.066809209,0.828213814,0.931918218,1.112735536,1.110923123,1.235587788,1.26065015,1.283241441
508,1.065518318,0.827877477,0.930821021,1.111771772,1.111703604,1.236447447,1.259611712,1.283832432
509,1.064601802,0.827541141,0.929723824,1.110808008,1.112484084,1.237307107,1.258573273,1.284423423
510,1.064154955,0.827204805,0.928626627,1.112782683,1.113264565,1.238166767,1.258644745,1.285014414
511,1.063708108,0.826868468,0.927529429,1.115128228,1.114045045,1.239026426,1.259112613,1.285605405
512,1.063261261,0.826532132,0.926432232,1.117473774,1.114825526,1.239886086,1.25958048,1.286196396
513,1.062814414,0.826195796,0.925335035,1.119819319,1.115606006,1.240745746,1.260048348,1.286428228
514,1.062367568,0.825859459,0.926275676,1.122164865,1.116,1.241813514,1.260516216,1.285886486
515,1.061920721,0.826032432,0.933707207,1.12451041,1.115162963,1.243544144,1.260984084,1.285344745
516,1.061473874,0.827924324,0.941138739,1.126855956,1.114325926,1.245274775,1.261451952,1.284803003
517,1.06107027,0.829816216,0.94857027,1.129201502,1.113488889,1.247005405,1.26191982,1.284261261
518,1.060735135,0.831708108,0.956001802,1.130771872,1.112651852,1.248736036,1.262387688,1.28371952
519,1.0604,0.8336,0.963433333,1.130307407,1.111814815,1.250466667,1.263966667,1.283177778
520,1.060064865,0.835491892,0.970864865,1.129842943,1.110977778,1.252197297,1.265575676,1.282636036
521,1.05972973,0.837383784,0.978296396,1.129378478,1.110140741,1.253927928,1.267184685,1.282276877
522,1.059394595,0.839275676,0.985727928,1.128914014,1.109303704,1.255658559,1.268793694,1.282670871
523,1.059059459,0.841167568,0.991582883,1.12844955,1.10884955,1.256677477,1.270402703,1.283064865
524,1.058724324,0.843059459,0.995055455,1.127985085,1.108973974,1.256620921,1.272011712,1.283458859
525,1.057986987,0.844410811,0.998528028,1.127520621,1.109098398,1.256564364,1.273620721,1.283852853
526,1.056435435,0.845545946,1.002000601,1.127056156,1.109222823,1.256507808,1.27522973,1.284246847
527,1.054883884,0.846681081,1.005473173,1.126537738,1.109347247,1.256451251,1.276576877,1.284640841
528,1.053332332,0.847816216,1.008945746,1.125991992,1.109471672,1.256394695,1.276942042,1.285034835
529,1.051780781,0.848951351,1.012418318,1.125446246,1.109596096,1.256338138,1.277307207,1.285344144
530,1.050229229,0.850086486,1.015890891,1.124900501,1.109720521,1.256281582,1.277672372,1.284580781
531,1.048677678,0.851221622,1.019363463,1.124354755,1.109844945,1.256225025,1.278037538,1.283817417
532,1.047126126,0.852356757,1.016390991,1.123809009,1.109540541,1.255443243,1.278402703,1.283054054
533,1.045166166,0.853491892,1.008303403,1.123263263,1.108895796,1.254085886,1.278767868,1.282290691
534,1.042125125,0.854410511,1.000215816,1.122717518,1.108251051,1.252728529,1.279133033,1.281527327
535,1.039084084,0.854463063,0.992128228,1.122135736,1.107606306,1.251371171,1.279498198,1.280763964
536,1.036043043,0.854515616,0.984040641,1.120893293,1.106961562,1.250013814,1.279363063,1.280000601
537,1.033002002,0.854568168,0.975953053,1.119650851,1.106316817,1.248656456,1.27860991,1.279237237
538,1.029960961,0.854620721,0.967865465,1.118408408,1.105672072,1.247299099,1.277856757,1.277864865
539,1.02691992,0.854673273,0.959777878,1.117165966,1.105027327,1.245941742,1.277103604,1.276461261
540,1.023878879,0.854725826,0.95169029,1.115923524,1.104382583,1.244584384,1.27635045,1.275057658
541,1.021064865,0.854778378,0.951167568,1.114681081,1.103721622,1.243843243,1.275597297,1.273654054
542,1.019066466,0.854830931,0.953633433,1.113438639,1.103054254,1.243345546,1.274844144,1.27225045
543,1.017068068,0.854883483,0.956099299,1.112196196,1.102386887,1.242847848,1.274090991,1.270846847
544,1.01506967,0.855094595,0.958565165,1.110739339,1.10171952,1.24235015,1.273337838,1.269443243
545,1.013071271,0.855378378,0.961031031,1.109009209,1.101052152,1.241852452,1.2735997,1.26803964
546,1.011072873,0.855662162,0.963496897,1.107279079,1.100384785,1.241354755,1.27433003,1.265104505
547,1.009074474,0.855945946,0.965962763,1.105548949,1.099717417,1.240857057,1.27506036,1.261854054
548,1.007076076,0.85622973,0.968428629,1.103818819,1.09905005,1.240359359,1.275790691,1.258603604
549,1.004977578,0.856513514,0.970894494,1.102088689,1.098382683,1.239861662,1.276521021,1.255353153
550,1.002358559,0.856797297,0.9701,1.100358559,1.096248649,1.238828829,1.277251351,1.252102703
551,0.99973954,0.857081081,0.968844444,1.098628428,1.093907207,1.23772032,1.277981682,1.248852252
552,0.997120521,0.857364865,0.967588889,1.096898298,1.091565766,1.236611812,1.278712012,1.245601802
553,0.994501502,0.857378378,0.966333333,1.094783784,1.089224324,1.235503303,1.279442342,1.242351351
554,0.991882482,0.856085586,0.965077778,1.092589189,1.086882883,1.234394795,1.277660661,1.23930991
555,0.989263463,0.854792793,0.963822222,1.090394595,1.084541441,1.233286286,1.275663664,1.236354955
556,0.986644444,0.8535,0.962566667,1.0882,1.0822,1.232177778,1.273666667,1.2334
557,0.984028028,0.852207207,0.961311111,1.086005405,1.079858559,1.231069269,1.27166967,1.230445045
558,0.981433834,0.850914414,0.960004705,1.083810811,1.077590791,1.230006006,1.269672673,1.22749009
559,0.97883964,0.849621622,0.957312613,1.081616216,1.077330631,1.230175676,1.267675676,1.224535135
560,0.976245445,0.848328829,0.954620521,1.079421622,1.07707047,1.230345345,1.265678679,1.22158018
561,0.973651251,0.847036036,0.951928428,1.077467267,1.07681031,1.230515015,1.263681682,1.218625225
562,0.971057057,0.845743243,0.949236336,1.076387387,1.07655015,1.230684685,1.261700901,1.215569369
563,0.968462863,0.845465766,0.946544244,1.075307508,1.07628999,1.230854354,1.259806607,1.212442042
564,0.965868669,0.845718018,0.943852152,1.074227628,1.07602983,1.231024024,1.257912312,1.209314715
565,0.963252252,0.84597027,0.94116006,1.073147748,1.07576967,1.231193694,1.256018018,1.206187387
566,0.960198799,0.846222523,0.938467968,1.072067868,1.07550951,1.231363363,1.254123724,1.20306006
567,0.957145345,0.846474775,0.936037938,1.070987988,1.075141441,1.231387688,1.252229429,1.199932733
568,0.954091892,0.846727027,0.934691892,1.069908108,1.074327027,1.230810811,1.250335135,1.196805405
569,0.951038438,0.846979279,0.933345846,1.068828228,1.073512613,1.230233934,1.248440841,1.193678078
570,0.947984985,0.847231532,0.9319998,1.068063664,1.072698198,1.229657057,1.246546547,1.191355255
571,0.944931532,0.847483784,0.930653754,1.067506306,1.071883784,1.22908018,1.245035135,1.189963964
572,0.941878078,0.847434234,0.929307708,1.066948949,1.071069369,1.228503303,1.244110811,1.188572673
573,0.938824625,0.845573874,0.927961662,1.066391592,1.070254955,1.227926426,1.243186486,1.187181381
574,0.937975075,0.843713514,0.926615616,1.065834234,1.069440541,1.22734955,1.242262162,1.18579009
575,0.937143443,0.841853153,0.92526957,1.065276877,1.068626126,1.226772673,1.241337838,1.184398799
576,0.936311812,0.839992793,0.925156757,1.06471952,1.067155055,1.225703303,1.240413514,1.183007508
577,0.93548018,0.838132432,0.927294595,1.064162162,1.064485586,1.223735135,1.239489189,1.181616216
578,0.934648549,0.836272072,0.929432432,1.063604805,1.061816116,1.221766967,1.238564865,1.179850751
579,0.933816917,0.834411712,0.93157027,1.060342242,1.059146647,1.219798799,1.237640541,1.177363664
580,0.932985285,0.832551351,0.933708108,1.057056156,1.056477177,1.217830631,1.236903604,1.174876577
581,0.932153654,0.830690991,0.935845946,1.05377007,1.053807708,1.215862462,1.236275976,1.172389489
582,0.928268168,0.828103904,0.937983784,1.050483984,1.051138238,1.213894294,1.235648348,1.169902402
583,0.924172072,0.825087387,0.940121622,1.047197898,1.048468769,1.211926126,1.235020721,1.167415315
584,0.920075976,0.822070871,0.942259459,1.043911812,1.045799299,1.209957958,1.234393093,1.164928228
585,0.91597988,0.819054354,0.944583083,1.040625726,1.043704605,1.207827227,1.233765465,1.162441141
586,0.911883784,0.816037838,0.947082883,1.03733964,1.042154955,1.205542342,1.233137838,1.159632432
587,0.907787688,0.813021321,0.949582683,1.035022523,1.040605305,1.203257457,1.23251021,1.15568018
588,0.903691592,0.810004805,0.952082482,1.034290991,1.039055656,1.200972573,1.231882583,1.151727928
589,0.899595495,0.806988288,0.954582282,1.033559459,1.037506006,1.198687688,1.229530631,1.147775676
590,0.8966996,0.803971772,0.957082082,1.032827928,1.035956356,1.196402803,1.226917417,1.143823423
591,0.893968869,0.800936036,0.959581882,1.032096396,1.034406707,1.194117918,1.224304204,1.139871171
592,0.891238138,0.797751351,0.962081682,1.031364865,1.032857057,1.191833033,1.221690991,1.135918919
593,0.888507407,0.794566667,0.964581481,1.030633333,1.031307407,1.189548148,1.219077778,1.131966667
594,0.885776677,0.791381982,0.962242843,1.029901802,1.029453453,1.186905706,1.216464565,1.12809009
595,0.883045946,0.788197297,0.957548649,1.02917027,1.027451351,1.184089189,1.213851351,1.124913514
596,0.880315215,0.785012613,0.952854454,1.027583483,1.025449249,1.181272673,1.211238138,1.121736937
597,0.877584484,0.781827928,0.94816026,1.025737237,1.023447147,1.178456156,1.208656156,1.11856036
598,0.874363664,0.778643243,0.943466066,1.023890991,1.021445045,1.17563964,1.20633964,1.115383784
599,0.871037137,0.775458559,0.938771872,1.022044745,1.019442943,1.172823123,1.204023123,1.112207207
600,0.867710611,0.772273874,0.934077678,1.020198498,1.017440841,1.170006607,1.201706607,1.109030631
601,0.864384084,0.770413514,0.929383483,1.018352252,1.015438739,1.16719009,1.19939009,1.105854054
602,0.861057558,0.769436036,0.924689289,1.016506006,1.013436637,1.164373574,1.197073574,1.102677477
603,0.857731031,0.768458559,0.918536637,1.01465976,1.011152252,1.16055966,1.194757057,1.10044985
604,0.854404505,0.767481081,0.912089189,1.012725225,1.008810811,1.156544144,1.192440541,1.098245946
605,0.851077978,0.766503604,0.905641742,1.01031001,1.006469369,1.152528629,1.190124024,1.096042042
606,0.847171371,0.765526126,0.899194294,1.007894795,1.004127928,1.148513113,1.187830931,1.093838138
607,0.843087688,0.764548649,0.892746847,1.00547958,1.001786486,1.144497598,1.185582883,1.091634234
608,0.839004004,0.763571171,0.886299399,1.003064364,0.999445045,1.140482082,1.183334835,1.08943033
609,0.83492032,0.762593694,0.879851952,1.000649149,0.997103604,1.136466567,1.181086787,1.087226426
610,0.830836637,0.761478378,0.873404505,0.998233934,0.994762162,1.132451051,1.178838739,1.085022523
611,0.826752953,0.758892793,0.866957057,0.995818719,0.992420721,1.128435536,1.176590691,1.081736036
612,0.822669269,0.756307207,0.866956056,0.993403504,0.988902102,1.126707107,1.174342643,1.078263964
613,0.818585586,0.753721622,0.867012613,0.990597297,0.985372973,1.124999099,1.172094595,1.074791892
614,0.814686887,0.751136036,0.867069169,0.987462162,0.981843844,1.123291091,1.169846547,1.07131982
615,0.810863864,0.74855045,0.867125726,0.984327027,0.978314715,1.121583083,1.166184685,1.067847748
616,0.807040841,0.745964865,0.867182282,0.981191892,0.974785586,1.119875075,1.161494595,1.064375676
617,0.803217818,0.743379279,0.867238839,0.978056757,0.971256456,1.118167067,1.156804505,1.060903604
618,0.799394795,0.740793694,0.867295395,0.974921622,0.967727327,1.116459059,1.152114414,1.057431532
619,0.795571772,0.738208108,0.867351952,0.971786486,0.964198198,1.114751051,1.147424324,1.053454955
620,0.791748749,0.736193093,0.867483383,0.968651351,0.960839239,1.113019219,1.142734234,1.049293393
621,0.787925726,0.734606006,0.868037638,0.965516216,0.958441241,1.111152853,1.138044144,1.045131832
622,0.784954054,0.733018919,0.868591892,0.963181081,0.956043243,1.109286486,1.133354054,1.04097027
623,0.782434334,0.731431832,0.869146146,0.960905205,0.953645245,1.10742012,1.128663964,1.036808709
624,0.779914615,0.729844745,0.8697004,0.958629329,0.951247247,1.105553754,1.125891592,1.032647147
625,0.777394895,0.728257658,0.870254655,0.956353453,0.948849249,1.103687387,1.123552252,1.028485586
626,0.774875175,0.726670571,0.870808909,0.954077578,0.946451251,1.101821021,1.121212913,1.024324024
627,0.772355455,0.725083483,0.871363163,0.951801702,0.944053253,1.099954655,1.118873574,1.021175976
628,0.769835736,0.723496396,0.871917417,0.949525826,0.941655255,1.098088288,1.116534234,1.018676577
629,0.767316016,0.721834835,0.871728929,0.94724995,0.939565566,1.096113313,1.114194895,1.016177177
630,0.765351852,0.718944444,0.869885185,0.945044444,0.938162963,1.093896296,1.111855556,1.013677778
631,0.763763063,0.716054054,0.868041441,0.942989189,0.93676036,1.091679279,1.109516216,1.011178378
632,0.762174274,0.713163664,0.866197698,0.940933934,0.935357758,1.089462262,1.107235135,1.008678979
633,0.760585485,0.710273273,0.864353954,0.938878679,0.933955155,1.087245245,1.106002703,1.00617958
634,0.758996697,0.707382883,0.86251021,0.936823423,0.932552553,1.085028228,1.10477027,1.00368018
635,0.757407908,0.704492492,0.860666466,0.934768168,0.93114995,1.082811211,1.103537838,1.000424024
636,0.755819119,0.701602102,0.858822723,0.932712913,0.929747347,1.080594194,1.102305405,0.996373273
637,0.75423033,0.698711712,0.856978979,0.930657658,0.928344745,1.078377177,1.101072973,0.992322523
638,0.751065465,0.695821321,0.856944344,0.928602402,0.925753754,1.076096496,1.099840541,0.988271772
639,0.74655976,0.694482883,0.858957758,0.924995796,0.921817417,1.073743744,1.098608108,0.984221021
640,0.742054054,0.694451351,0.860971171,0.920745946,0.917881081,1.071390991,1.097375676,0.98017027
641,0.737548348,0.69441982,0.862984585,0.916496096,0.913944745,1.069038238,1.095482583,0.97611952
642,0.733042643,0.694388288,0.864997998,0.912246246,0.910008408,1.066685485,1.091967868,0.972068769
643,0.728536937,0.694356757,0.867011411,0.907996396,0.906072072,1.064332733,1.088453153,0.967774775
644,0.724031231,0.694325225,0.869024825,0.903746547,0.902135736,1.06197998,1.084938438,0.963059159
645,0.719525526,0.694293694,0.871038238,0.899496697,0.898199399,1.059627227,1.081423724,0.958343544
646,0.71513994,0.694262162,0.873051652,0.895246847,0.894263063,1.057274474,1.077909009,0.953627928
647,0.710882482,0.694230631,0.873501502,0.891298699,0.891257758,1.054516617,1.074394294,0.948912312
648,0.706625025,0.694181982,0.873026426,0.89023043,0.888803203,1.051519119,1.07087958,0.944196697
649,0.702367568,0.693551351,0.872551351,0.889162162,0.886348649,1.048521622,1.067364865,0.939481081
650,0.69811011,0.692920721,0.872076276,0.888093894,0.883894094,1.045524124,1.064624925,0.934765465
651,0.693852653,0.69229009,0.871601201,0.887025626,0.88143954,1.042526627,1.062582282,0.930482282
652,0.689595195,0.691659459,0.871126126,0.885957357,0.878984985,1.039529129,1.06053964,0.92753964
653,0.685337738,0.691028829,0.870651051,0.884889089,0.87653043,1.036531632,1.058496997,0.924596997
654,0.681637337,0.690398198,0.870175976,0.883820821,0.874075876,1.033534134,1.056454354,0.921654354
655,0.678683183,0.689767568,0.869700901,0.882752553,0.871621321,1.030536637,1.054411712,0.918711712
656,0.675729029,0.689136937,0.867907307,0.880389389,0.868783684,1.026915516,1.052369069,0.915769069
657,0.672774875,0.688506306,0.865758158,0.876638839,0.865842743,1.023126226,1.050326426,0.912826426
658,0.669820721,0.686145946,0.863609009,0.872888288,0.862901802,1.019336937,1.048283784,0.909883784
659,0.666866567,0.682151952,0.86145986,0.869137738,0.859960861,1.015547648,1.045675075,0.906866066
660,0.663912412,0.678157958,0.859310711,0.865387187,0.85701992,1.011758358,1.042890691,0.903307808
661,0.660958258,0.674163964,0.857161562,0.861636637,0.854078979,1.007969069,1.040106306,0.89974955
662,0.657672573,0.67016997,0.855012412,0.857886086,0.851138038,1.00417978,1.037321922,0.896191291
663,0.653824725,0.666175976,0.852863263,0.854135536,0.848197097,1.00039049,1.034537538,0.892633033
664,0.649976877,0.662181982,0.850714114,0.850384985,0.845256156,0.996601201,1.031753153,0.889074775
665,0.646129029,0.658187988,0.847193994,0.847362362,0.84177968,0.991483784,1.028968769,0.885516517
666,0.642281181,0.654193994,0.843596997,0.844447848,0.838273173,0.986291892,1.026184384,0.881958258
667,0.638433333,0.6502,0.84,0.841533333,0.834766667,0.9811,1.0234,0.8784
668,0.634585485,0.647299099,0.836403003,0.838618819,0.83126016,0.975908108,1.021391592,0.875937538
669,0.630737638,0.644398198,0.832806006,0.835704304,0.827753654,0.970716216,1.019383183,0.873475075
670,0.626905405,0.641497297,0.829209009,0.83278979,0.824247147,0.965524324,1.017374775,0.871012613
671,0.623107207,0.638596396,0.825612012,0.829875275,0.820740641,0.960332432,1.015366366,0.86855015
672,0.619309009,0.635695495,0.822015015,0.826960761,0.817234134,0.955140541,1.013357958,0.866087688
673,0.615510811,0.632794595,0.818683483,0.824091291,0.813695195,0.950252553,1.01134955,0.863625225
674,0.611712613,0.629893694,0.817586286,0.821350951,0.809883283,0.947922422,1.009341141,0.861162763
675,0.607914414,0.626992793,0.816489089,0.818610611,0.806071371,0.945592292,1.007332733,0.8587003
676,0.604116216,0.624091892,0.815391892,0.81587027,0.802259459,0.943262162,1.004597297,0.854291892
677,0.600318018,0.621941441,0.814294695,0.81312993,0.798447548,0.940932032,0.999519219,0.849613213
678,0.596926627,0.620585586,0.813197497,0.81038959,0.794635636,0.938601902,0.994441141,0.844934535
679,0.594704805,0.61922973,0.8121003,0.807649249,0.790823724,0.936271772,0.989363063,0.840255856
680,0.592482983,0.617873874,0.811003103,0.804908909,0.787011812,0.933941642,0.984284985,0.835577177
681,0.590261161,0.616518018,0.809905906,0.802168569,0.7831999,0.931611512,0.979206907,0.830898498
682,0.588039339,0.615162162,0.808307207,0.799991291,0.779688288,0.929134234,0.974128829,0.82621982
683,0.585817518,0.613806306,0.805321021,0.798121822,0.777007508,0.92624985,0.969050751,0.821541141
684,0.583595696,0.61245045,0.802334835,0.796252352,0.774326727,0.923365465,0.963972673,0.81810991
685,0.581373874,0.611094595,0.799348649,0.794382883,0.771645946,0.920481081,0.960154054,0.815081081
686,0.578779179,0.609738739,0.796362462,0.792513413,0.768965165,0.917596697,0.957734835,0.812052252
687,0.574707908,0.605891592,0.793376276,0.790643944,0.766284384,0.914712312,0.955315616,0.809023423
688,0.570636637,0.601971171,0.79039009,0.788774474,0.763603604,0.911827928,0.952896396,0.805994595
689,0.566565365,0.598050751,0.787403904,0.786905005,0.760922823,0.908943544,0.950477177,0.802965766
690,0.562494094,0.59413033,0.784417718,0.784934635,0.758242042,0.906059159,0.948057958,0.799936937
691,0.558422823,0.59020991,0.781172072,0.780139039,0.755407508,0.902554955,0.945638739,0.796908108
692,0.554351552,0.586289489,0.777575075,0.775343443,0.752364765,0.898211411,0.94321952,0.793106306
693,0.55028028,0.582369069,0.773978078,0.770547848,0.749322022,0.893867868,0.9408003,0.788858559
694,0.546140541,0.578448649,0.770381081,0.765752252,0.746279279,0.889524324,0.937894595,0.784610811
695,0.541597598,0.574528228,0.766784084,0.760956657,0.743236537,0.885180781,0.934790691,0.780363063
696,0.537054655,0.571328529,0.763187087,0.756161061,0.740193794,0.880837237,0.931686787,0.776115315
697,0.532511712,0.568984685,0.75959009,0.751365465,0.737151051,0.876493694,0.928582883,0.771867568
698,0.527968769,0.566640841,0.755993093,0.74656987,0.734108308,0.87215015,0.925478979,0.76761982
699,0.523425826,0.564296997,0.752396096,0.742912212,0.731065566,0.867806607,0.922375075,0.763372072
700,0.518882883,0.561953153,0.74910961,0.740810511,0.727401802,0.864744745,0.919271171,0.759168468
701,0.51433994,0.559609309,0.746044244,0.738708809,0.723295796,0.862595596,0.916167267,0.755006907
702,0.509988589,0.557265465,0.742978879,0.736607107,0.71918979,0.860446446,0.913063363,0.750845345
703,0.507605405,0.554921622,0.739913514,0.734505405,0.715083784,0.858297297,0.909645946,0.746683784
704,0.505222222,0.552577778,0.736848148,0.732403704,0.710977778,0.856148148,0.906211111,0.742522222
705,0.502839039,0.550233934,0.733782783,0.730302002,0.706871772,0.853998999,0.902776276,0.738360661
706,0.500455856,0.549089189,0.730717417,0.7282003,0.702765766,0.85184985,0.899341441,0.734199099
707,0.498072673,0.548017117,0.727652052,0.726098599,0.69865976,0.849700701,0.895906607,0.730037538
708,0.495689489,0.546945045,0.724586687,0.72283954,0.694553754,0.847551552,0.892471772,0.72651021
709,0.493306306,0.545872973,0.721933333,0.71930961,0.691784685,0.845545345,0.889036937,0.723973874
710,0.490847447,0.544800901,0.719422222,0.71577968,0.689477177,0.843588488,0.885602102,0.721437538
711,0.486118318,0.543728829,0.716911111,0.71224975,0.68716967,0.841631632,0.882167267,0.718901201
712,0.481389189,0.542656757,0.7144,0.70871982,0.684862162,0.839674775,0.878732432,0.716364865
713,0.47666006,0.541584685,0.711888889,0.70518989,0.682554655,0.837717918,0.875297598,0.713828529
714,0.471930931,0.540512613,0.709377778,0.70165996,0.680247147,0.835761061,0.871862763,0.711292192
715,0.467201802,0.537395495,0.706866667,0.69813003,0.67793964,0.833804204,0.868427928,0.708755856
716,0.462472673,0.531551652,0.704355556,0.694183383,0.675632132,0.831847347,0.864993093,0.7058
717,0.457743544,0.525707808,0.701844444,0.688551752,0.673324625,0.82989049,0.861558258,0.7017
718,0.453014414,0.519863964,0.698730931,0.68292012,0.671057958,0.824778679,0.858123423,0.6976
719,0.449351151,0.51402012,0.695552452,0.677288488,0.668795696,0.819326627,0.854688589,0.6935
720,0.445714314,0.508176276,0.692373974,0.671656857,0.666533433,0.813874575,0.851537237,0.6894
721,0.442077477,0.502332432,0.689195495,0.666025225,0.664271171,0.808422523,0.848775676,0.6853
722,0.438440641,0.496488589,0.686017017,0.660393594,0.662008909,0.80297047,0.846014114,0.6812
723,0.434803804,0.490644745,0.682838539,0.654761962,0.659746647,0.797518418,0.843252553,0.6771
724,0.431166967,0.484800901,0.67966006,0.64913033,0.657484384,0.792066366,0.840490991,0.673010811
725,0.42753013,0.481964865,0.676481582,0.64468989,0.655222122,0.786614314,0.837729429,0.668984685
726,0.423893293,0.479410811,0.673352853,0.64109029,0.652785385,0.781436236,0.834967868,0.664958559
727,0.420005405,0.476856757,0.670977477,0.637490691,0.647706607,0.780406907,0.832206306,0.660932432
728,0.416095495,0.474302703,0.668602102,0.633891091,0.642627828,0.779377578,0.829444745,0.656906306
729,0.412185586,0.471748649,0.666226727,0.630291491,0.637549049,0.778348248,0.826773273,0.65288018
730,0.408275676,0.469194595,0.663851351,0.626691892,0.63247027,0.777318919,0.824148649,0.648854054
731,0.404365766,0.466640541,0.661475976,0.623092292,0.627391491,0.77628959,0.821524024,0.644827928
732,0.400455856,0.464086486,0.659100601,0.619492693,0.622312713,0.77526026,0.818899399,0.640811111
733,0.396545946,0.461532432,0.656725225,0.615893093,0.617233934,0.774230931,0.816274775,0.637166667
734,0.392636036,0.459466066,0.65434985,0.613402002,0.612155155,0.773201602,0.81365015,0.633522222
735,0.389325926,0.458131231,0.652174675,0.61094034,0.607171471,0.771426527,0.811025526,0.629877778
736,0.386111111,0.456796396,0.650704204,0.608478679,0.602522523,0.767026426,0.808400901,0.626233333
737,0.382896296,0.455461562,0.649233734,0.606017017,0.597873574,0.762626326,0.805776276,0.622588889
738,0.379681481,0.454126727,0.647763263,0.603555355,0.593224625,0.758226226,0.801089189,0.618944444
739,0.376466667,0.452791892,0.646292793,0.601093694,0.588575676,0.753826126,0.796159459,0.6153
740,0.373251852,0.451457057,0.644822322,0.598632032,0.583926727,0.749426026,0.79122973,0.611655556
741,0.370037037,0.450122222,0.643351852,0.59617037,0.579277778,0.745025926,0.7863,0.608877778
742,0.366822222,0.448787387,0.641881381,0.592682883,0.574628829,0.740625826,0.78137027,0.606193694
743,0.365369169,0.447452553,0.640410911,0.587387988,0.56997988,0.736225726,0.776440541,0.60350961
744,0.364338939,0.443483183,0.638144144,0.582093093,0.566811612,0.732949049,0.771510811,0.600825526
745,0.363308709,0.439173874,0.634581081,0.576798198,0.566053754,0.731501201,0.766581081,0.598141441
746,0.362278478,0.434864565,0.631018018,0.571503303,0.565295896,0.730053353,0.761947147,0.595457357
747,0.361248248,0.430555255,0.627454955,0.566208408,0.564538038,0.728605506,0.759265465,0.592773273
748,0.360218018,0.426245946,0.623891892,0.560913514,0.56378018,0.727157658,0.756583784,0.590089189
749,0.359187788,0.421936637,0.620328829,0.555618619,0.563022322,0.72570981,0.753902102,0.585838739
750,0.358157558,0.417627327,0.616765766,0.550323724,0.562264464,0.724261962,0.75122042,0.581147748
751,0.353422222,0.413318018,0.613202703,0.546291592,0.561506607,0.722814114,0.748538739,0.576456757
752,0.347451852,0.409008709,0.60963964,0.54268038,0.560748749,0.721366266,0.745857057,0.571765766
753,0.341481481,0.404793093,0.605465966,0.539069169,0.558152953,0.718367467,0.743175375,0.567074775
754,0.335511111,0.400736036,0.600771772,0.535457958,0.55399039,0.714046547,0.740493694,0.562383784
755,0.329540741,0.396678979,0.596077578,0.531846747,0.549827828,0.709725626,0.737778378,0.557692793
756,0.32357037,0.392621922,0.591383383,0.528235536,0.545665265,0.705404705,0.735005405,0.553001802
757,0.3176,0.388564865,0.586689189,0.524624324,0.541502703,0.701083784,0.732232432,0.548943243
758,0.31162963,0.384507808,0.581994995,0.521013113,0.53734014,0.696762863,0.729459459,0.545212613
759,0.307639239,0.380450751,0.577300801,0.517522022,0.533177578,0.692441942,0.726686486,0.541481982
760,0.304523724,0.376393694,0.572606607,0.514781682,0.529015015,0.688121021,0.723913514,0.537751351
761,0.301408208,0.372336637,0.567912412,0.512041341,0.524852452,0.6838001,0.721140541,0.534020721
762,0.298292693,0.36827958,0.56464955,0.509301001,0.520974575,0.680546747,0.718367568,0.53029009
763,0.295177177,0.362663964,0.562002703,0.506560661,0.517219219,0.677752853,0.715594595,0.526559459
764,0.292061662,0.356788589,0.559355856,0.50382032,0.513463864,0.674958959,0.711695796,0.522828829
765,0.288946146,0.350913213,0.556709009,0.50107998,0.509708509,0.672165065,0.707062763,0.519666366
766,0.285830631,0.345037838,0.554062162,0.49833964,0.505953153,0.669371171,0.70242973,0.516994595
767,0.28246997,0.339162462,0.551415315,0.495599299,0.502197798,0.666577277,0.697796697,0.514322823
768,0.27896967,0.333287087,0.548768468,0.492657457,0.498442442,0.663783383,0.693163664,0.511651051
769,0.275469369,0.327411712,0.546121622,0.489533934,0.494687087,0.660989489,0.688530631,0.508979279
770,0.271969069,0.321536336,0.543474775,0.48641041,0.490931732,0.658195596,0.683897598,0.506307508
771,0.268468769,0.315660961,0.539992893,0.483286887,0.488943544,0.654236537,0.679264565,0.503635736
772,0.264968468,0.312178378,0.536373273,0.480163363,0.487246847,0.650085285,0.674631532,0.500963964
773,0.261468168,0.313281982,0.532753654,0.47703984,0.48555015,0.645934034,0.671632132,0.497608108
774,0.257967868,0.314385586,0.529134034,0.473916316,0.483853453,0.641782783,0.668939039,0.493286486
775,0.255245946,0.315489189,0.525514414,0.470792793,0.482156757,0.637631532,0.666245946,0.488964865
776,0.253086186,0.316592793,0.521894795,0.467669269,0.48046006,0.63348028,0.663552853,0.484643243
777,0.250926426,0.317696396,0.518275175,0.463102703,0.478763363,0.629329029,0.66085976,0.480321622
778,0.248766667,0.3188,0.514655556,0.4584,0.477066667,0.625177778,0.658166667,0.476
779,0.246606907,0.319903604,0.511018118,0.453697297,0.475328729,0.621005305,0.655473574,0.471678378
780,0.244447147,0.321007207,0.506391792,0.448994595,0.471301902,0.615655055,0.65278048,0.467356757
781,0.242287387,0.322110811,0.501765465,0.444291892,0.467275075,0.610304805,0.650108108,0.463514414
782,0.240127628,0.319652553,0.497139139,0.439589189,0.463248248,0.604954555,0.647677477,0.46083033
783,0.237252152,0.316457357,0.492512813,0.434886486,0.459221421,0.599604304,0.645246847,0.458146246
784,0.233727027,0.313262162,0.487886486,0.430183784,0.455194595,0.594254054,0.642816216,0.455462162
785,0.230201902,0.310066967,0.48326016,0.426223824,0.451167768,0.588903804,0.640385586,0.452778078
786,0.226676777,0.306871772,0.478633834,0.423982783,0.447140941,0.583553554,0.637954955,0.450093994
787,0.223151652,0.303676577,0.474007508,0.421741742,0.443114114,0.578203303,0.635524324,0.44740991
788,0.219626527,0.300481381,0.46971952,0.419500701,0.439045245,0.573561762,0.633093694,0.444725826
789,0.216101401,0.297286186,0.467004805,0.41725966,0.434780881,0.572215716,0.630663063,0.441858859
790,0.212576276,0.294090991,0.46429009,0.415018619,0.430516517,0.57086967,0.627911712,0.438103604
791,0.209062763,0.291572973,0.461575375,0.412777578,0.426252152,0.569523624,0.624465465,0.434348348
792,0.205562462,0.290532432,0.458860661,0.410536537,0.421987788,0.568177578,0.621019219,0.430593093
793,0.202062162,0.289491892,0.456145946,0.408295495,0.417723423,0.566831532,0.617572973,0.426837838
794,0.198561862,0.288451351,0.453431231,0.405557958,0.413459059,0.565485485,0.614126727,0.423082583
795,0.195061562,0.287410811,0.450716517,0.402596997,0.409194695,0.564139439,0.61068048,0.419327327
796,0.191561261,0.28637027,0.448001802,0.399636036,0.40493033,0.562793393,0.607234234,0.415572072
797,0.188060961,0.28532973,0.445465866,0.396675075,0.401392492,0.560838739,0.603787988,0.411882282
798,0.184560661,0.284289189,0.443282783,0.393714114,0.399288589,0.557682883,0.600341742,0.409469069
799,0.181412613,0.283248649,0.4410997,0.390753153,0.397184685,0.554527027,0.595747748,0.407055856
800,0.178768769,0.282208108,0.438916617,0.387792192,0.395080781,0.551371171,0.590224625,0.404642643
801,0.176124925,0.280452853,0.436733534,0.384831231,0.392976877,0.548215315,0.584701502,0.402229429
802,0.173481081,0.278518919,0.43455045,0.381666667,0.390872973,0.545059459,0.579178378,0.399816216
803,0.170837237,0.276584985,0.432367367,0.376081481,0.388769069,0.541903604,0.573655255,0.397403003
804,0.168193393,0.274651051,0.430184284,0.370496296,0.386665165,0.538747748,0.568132132,0.39498979
805,0.16554955,0.272717117,0.428001201,0.364911111,0.384561261,0.535591892,0.562609009,0.392576577
806,0.162905706,0.270783183,0.425218318,0.359325926,0.381717417,0.532279079,0.557085886,0.388748348
807,0.16005045,0.268849249,0.421824925,0.353740741,0.37812042,0.528806507,0.551562763,0.384808408
808,0.156810811,0.266915315,0.418431532,0.348155556,0.374523423,0.525333934,0.548778378,0.380868468
809,0.153571171,0.264981381,0.415038138,0.34257037,0.370926426,0.521861361,0.546724324,0.376928529
810,0.150331532,0.262678078,0.411644745,0.336985185,0.367329429,0.518388789,0.54467027,0.372988589
811,0.147091892,0.259451351,0.408251351,0.333578378,0.363732432,0.514916216,0.542616216,0.369048649
812,0.143852252,0.256224625,0.404857958,0.332672673,0.360135435,0.511443644,0.540562162,0.365108709
813,0.140612613,0.252997898,0.401464565,0.331766967,0.356538438,0.507971071,0.538508108,0.361168769
814,0.137372973,0.249771171,0.398071171,0.330861261,0.352941441,0.504498498,0.536454054,0.358675676
815,0.134455556,0.246544444,0.39347037,0.329955556,0.349781481,0.50172963,0.5344,0.356533333
816,0.132295796,0.243317718,0.388233233,0.32904985,0.346851852,0.499331632,0.532309309,0.354390991
817,0.130136036,0.240090991,0.382996096,0.328144144,0.343922222,0.496933634,0.528863063,0.352248649
818,0.127976276,0.236864264,0.377758959,0.327238438,0.340992593,0.494535636,0.525416817,0.350106306
819,0.125816517,0.233637538,0.372521822,0.326332733,0.338062963,0.492137638,0.521970571,0.347963964
820,0.123656757,0.230564865,0.367284685,0.322533333,0.335133333,0.48973964,0.518524324,0.345821622
821,0.121496997,0.227537838,0.362047548,0.318237037,0.332203704,0.487341642,0.515078078,0.343679279
822,0.119337237,0.224510811,0.35681041,0.313940741,0.329274074,0.484943644,0.511631832,0.341452853
823,0.116874174,0.221483784,0.351573273,0.309644444,0.326344444,0.482545646,0.508185586,0.339187387
824,0.113460761,0.218456757,0.346999199,0.305348148,0.323525325,0.47988979,0.504739339,0.336921922
825,0.110047347,0.21542973,0.342576476,0.301051852,0.320731431,0.477175075,0.501458258,0.334656456
826,0.106633934,0.212402703,0.338153754,0.296755556,0.317937538,0.47446036,0.49863964,0.332390991
827,0.103220521,0.209375676,0.333731031,0.292459259,0.315143644,0.471745646,0.495821021,0.330125526
828,0.099807107,0.206348649,0.329308308,0.288490891,0.31234975,0.469030931,0.493002402,0.32786006
829,0.096393694,0.203445946,0.324885586,0.285553153,0.309555856,0.466316216,0.490183784,0.325594595
830,0.09298028,0.200902402,0.320462863,0.282615415,0.306761962,0.463601502,0.487365165,0.322852553
831,0.089723423,0.198358859,0.31604014,0.279677678,0.303968068,0.460886787,0.484546547,0.319737538
832,0.087154054,0.195815315,0.311617417,0.27673994,0.301174174,0.458172072,0.481727928,0.316622523
833,0.084584685,0.193271772,0.308912412,0.273802202,0.297873774,0.454389289,0.478909309,0.313507508
834,0.082015315,0.190728228,0.306254254,0.270864464,0.29455956,0.450577377,0.475725526,0.310392492
835,0.079445946,0.188184685,0.303596096,0.267926727,0.291245345,0.446765465,0.472176577,0.307277477
836,0.076876577,0.185641141,0.300937938,0.264988989,0.287931131,0.442953554,0.468627628,0.304162462
837,0.074307207,0.183097598,0.29827978,0.261875876,0.284616917,0.439141642,0.465078679,0.301047447
838,0.071737838,0.180554054,0.295621622,0.258659459,0.281302703,0.43532973,0.46152973,0.297775676
839,0.069562462,0.17648018,0.292963463,0.255443043,0.277988488,0.431517818,0.457980781,0.294303604
840,0.070046547,0.171876577,0.290305305,0.252226627,0.274674274,0.427705906,0.454431832,0.290831532
841,0.070530631,0.167272973,0.287345345,0.24901021,0.27152973,0.424011111,0.450882883,0.287359459
842,0.071014715,0.162669369,0.282413614,0.245793794,0.269493694,0.421081481,0.447333934,0.283887387
843,0.071498799,0.158065766,0.277481882,0.242577377,0.267457658,0.418151852,0.444911712,0.280415315
844,0.071982883,0.153462162,0.27255015,0.239360961,0.265421622,0.415222222,0.442891892,0.276943243
845,0.072466967,0.148858559,0.267618418,0.236164565,0.263385586,0.412292593,0.440872072,0.273471171
846,0.072951051,0.144254955,0.262686687,0.234109309,0.26134955,0.409362963,0.438852252,0.27028018
847,0.073230631,0.139651351,0.257754955,0.232054054,0.259313514,0.406433333,0.436832432,0.267694595
848,0.070897097,0.135996697,0.252823223,0.229998799,0.257277477,0.403503704,0.434812613,0.265109009
849,0.068563564,0.135544745,0.247891491,0.227943544,0.255241441,0.400574074,0.432792793,0.262523423
850,0.06623003,0.135092793,0.244119219,0.225888288,0.252544745,0.398126727,0.430772973,0.259937838
851,0.063896496,0.134640841,0.243157758,0.223833033,0.248246446,0.396848549,0.428753153,0.257352252
852,0.061562963,0.134188889,0.242196296,0.221777778,0.243948148,0.39557037,0.4255,0.254766667
853,0.059229429,0.133736937,0.241234835,0.219722523,0.23964985,0.394292192,0.422213514,0.252181081
854,0.056895896,0.133284985,0.240273373,0.217427327,0.235351552,0.393014014,0.418927027,0.24972042
855,0.054563564,0.132833033,0.239311912,0.21477988,0.231053253,0.391735836,0.415640541,0.247775075
856,0.052304505,0.132381081,0.23835045,0.212132432,0.226754955,0.390457658,0.412354054,0.24582973
857,0.050045445,0.131929129,0.237388989,0.209484985,0.222456657,0.389179479,0.409067568,0.243884384
858,0.047786386,0.129615315,0.236427528,0.206837538,0.218158358,0.387901301,0.405781081,0.241939039
859,0.045527327,0.126556757,0.235292492,0.20419009,0.214641141,0.386204505,0.402494595,0.239993694
860,0.043268268,0.123498198,0.233946446,0.201542643,0.212073473,0.383998799,0.398857357,0.238048348
861,0.041009209,0.12043964,0.2326004,0.198895195,0.209505806,0.381793093,0.393904805,0.236103003
862,0.03875015,0.117381081,0.231254354,0.196247748,0.206938138,0.379587387,0.388952252,0.234090991
863,0.036491091,0.114322523,0.229908308,0.192458358,0.20437047,0.377381682,0.3839997,0.231234535
864,0.030646547,0.111263964,0.228562262,0.188371071,0.201802803,0.375175976,0.379047147,0.228378078
865,0.024651351,0.108205405,0.227216216,0.184283784,0.199235135,0.37297027,0.374094595,0.225521622
866,0.018656156,0.105146847,0.22587017,0.180196496,0.196667467,0.370764565,0.369142042,0.222665165
867,0.012660961,0.102399399,0.224524124,0.176109209,0.1940998,0.368558859,0.364189489,0.219808709
868,0.006665766,0.100896396,0.222625526,0.172021922,0.192036336,0.365800601,0.359236937,0.216952252
869,0.000670571,0.099393393,0.220374575,0.167934635,0.190294394,0.36268999,0.355453453,0.214095796
870,-0.005324625,0.09789039,0.218123624,0.163847347,0.188552452,0.359579379,0.353114114,0.211239339
871,-0.01131982,0.096387387,0.215872673,0.160073273,0.186810511,0.356468769,0.350774775,0.209167568
872,-0.015106406,0.094884384,0.213621722,0.157716116,0.185068569,0.353358158,0.348435435,0.207136036
873,-0.018656356,0.093381381,0.211370771,0.155358959,0.183326627,0.350247548,0.346096096,0.205104505
874,-0.022206306,0.091878378,0.20911982,0.153001802,0.181584685,0.347136937,0.343756757,0.203072973
875,-0.025756256,0.090375375,0.206868869,0.150644645,0.179842743,0.344026326,0.341417417,0.201041441
876,-0.029306206,0.088872372,0.204617918,0.148287487,0.178100801,0.340915716,0.339078078,0.19900991
877,-0.032856156,0.08741982,0.202915616,0.14593033,0.175792793,0.339442342,0.336738739,0.196978378
878,-0.036406106,0.08599039,0.201377277,0.143573173,0.173315616,0.338458258,0.335383183,0.194946847
879,-0.039956056,0.084560961,0.199838939,0.141216016,0.170838438,0.337474174,0.334481682,0.1946
880,-0.044168168,0.083131532,0.198300601,0.139433634,0.168361261,0.33649009,0.33358018,0.1946
881,-0.0485001,0.081702102,0.196762262,0.138086687,0.165884084,0.335506006,0.332678679,0.1946
882,-0.052832032,0.080272673,0.195223924,0.13673974,0.163406907,0.334521922,0.331777177,0.1946
883,-0.057163964,0.078843243,0.193685586,0.135392793,0.16092973,0.333537838,0.330875676,0.1946
884,-0.061495896,0.077413814,0.192147247,0.134045846,0.158452553,0.332553754,0.329974174,0.1946
885,-0.065827828,0.075984384,0.190608909,0.132698899,0.155975375,0.33156967,0.329072673,0.1946
886,-0.07015976,0.074533333,0.186474474,0.131351952,0.153603303,0.328441441,0.328171171,0.1946
887,-0.074491692,0.072977778,0.182142242,0.130005005,0.151239239,0.32514985,0.324841742,0.193389489
888,-0.077263864,0.071422222,0.17781001,0.128658058,0.148875175,0.321858258,0.321304204,0.191678078
889,-0.079622222,0.069866667,0.173477778,0.126677778,0.146511111,0.318566667,0.317766667,0.189966667
890,-0.081980581,0.068311111,0.169145546,0.124668969,0.144147047,0.315275075,0.314229129,0.188255255
891,-0.084338939,0.066755556,0.164813313,0.12266016,0.141782983,0.311983483,0.310691592,0.186543844
892,-0.086697297,0.0652,0.160481081,0.120651351,0.139418919,0.308691892,0.307154054,0.184832432
893,-0.089055656,0.063644444,0.156148849,0.118642543,0.137054855,0.3054003,0.303616517,0.183121021
894,-0.091414014,0.062088889,0.152020821,0.116633734,0.134650751,0.302070671,0.300078979,0.18140961
895,-0.093772372,0.060533333,0.149996096,0.114624925,0.131834234,0.298349249,0.296732432,0.179885586
896,-0.0945002,0.058148949,0.147971371,0.112616116,0.129017718,0.294627828,0.294404505,0.178494294
897,-0.094636737,0.055332132,0.145946647,0.110427127,0.126201201,0.290906406,0.292076577,0.177103003
898,-0.094773273,0.052515315,0.143921922,0.107895796,0.123384685,0.287184985,0.289748649,0.175711712
899,-0.09490981,0.049698498,0.141897197,0.105364464,0.120568168,0.283463564,0.287420721,0.17432042
900,-0.095046346,0.046881682,0.139872472,0.102833133,0.117751652,0.279742142,0.285092793,0.172929129
901,-0.095182883,0.044064865,0.137847748,0.100301802,0.114935135,0.276020721,0.282764865,0.171537838
902,-0.095319419,0.041248048,0.135823023,0.09777047,0.112118619,0.272299299,0.280436937,0.170146547
903,-0.095455956,0.038431231,0.133607708,0.095239139,0.109593594,0.268762863,0.278109009,0.168863664
904,-0.096265165,0.035614414,0.130813814,0.092707808,0.107953453,0.265787988,0.275591892,0.167706306
905,-0.097394695,0.032901201,0.12801992,0.090176476,0.106313313,0.262813113,0.272784685,0.166548949
906,-0.098524224,0.03080961,0.125226026,0.088147147,0.104673173,0.259838238,0.269977477,0.165391592
907,-0.099653754,0.028718018,0.122432132,0.086300901,0.103033033,0.256863363,0.26717027,0.164234234
908,-0.100783283,0.026626426,0.119638238,0.084454655,0.101392893,0.253888488,0.264363063,0.163076877
909,-0.101912813,0.024534835,0.116844344,0.082608408,0.099752753,0.250913614,0.261555856,0.16191952
910,-0.103042342,0.022443243,0.11405045,0.080762162,0.098112613,0.247938739,0.258748649,0.160762162
911,-0.104171872,0.020351652,0.111256557,0.078915916,0.096472472,0.244963864,0.255941441,0.159672072
912,-0.105016216,0.01826006,0.107785786,0.07706967,0.094335035,0.242481682,0.253134234,0.158711712
913,-0.105686486,0.016168468,0.103329129,0.075223423,0.091473273,0.240717117,0.250211712,0.157751351
914,-0.106356757,0.014076877,0.098872472,0.073514515,0.088611512,0.238952553,0.247221922,0.156790991
915,-0.107027027,0.01294985,0.094415816,0.072806206,0.08574975,0.237187988,0.244232132,0.155830631
916,-0.107697297,0.012392793,0.089959159,0.072097898,0.082887988,0.235423423,0.241242342,0.15487027
917,-0.108367568,0.011835736,0.085502503,0.07138959,0.080026226,0.233658859,0.238252553,0.15390991
918,-0.109037838,0.011278679,0.081045846,0.070681281,0.077164464,0.231894294,0.235262763,0.15294955
919,-0.109708108,0.010721622,0.076589189,0.069972973,0.074302703,0.23012973,0.232272973,0.151924324
920,-0.111114114,0.010164565,0.072132533,0.069264665,0.071440941,0.228365165,0.229283183,0.150668468
921,-0.113087688,0.009607508,0.067624625,0.068556356,0.069386386,0.226357157,0.226293393,0.149412613
922,-0.115061261,0.00905045,0.063077477,0.067848048,0.06794985,0.224162763,0.224879279,0.148156757
923,-0.117034835,0.008493393,0.05853033,0.066507808,0.066513313,0.221968368,0.223703904,0.146900901
924,-0.119008408,0.00784985,0.053983183,0.064557057,0.065076777,0.219773974,0.222528529,0.145645045
925,-0.120981982,0.006536036,0.049436036,0.062606306,0.06364024,0.21757958,0.221353153,0.144389189
926,-0.122955556,0.005222222,0.044888889,0.060655556,0.062203704,0.215385185,0.220177778,0.143133333
927,-0.124929129,0.003908408,0.040341742,0.058704805,0.060767167,0.213190791,0.219002402,0.141854655
928,-0.125836937,0.002594595,0.035794595,0.056754054,0.059330631,0.210996396,0.217827027,0.140364865
929,-0.125712813,0.001280781,0.031247447,0.054803303,0.057894094,0.208802002,0.216651652,0.138875075
930,-0.125588689,-3.30E-05,0.030311912,0.052852553,0.057614915,0.208569369,0.21541982,0.137385285
931,-0.125464565,-0.001346847,0.030741742,0.050901802,0.057773273,0.209078378,0.213708108,0.135895495
932,-0.12534044,-0.002660661,0.031171572,0.048524224,0.057931632,0.209587387,0.211996396,0.134405706
933,-0.125216316,-0.003974474,0.031601401,0.046097397,0.05808999,0.210096396,0.210284685,0.132915916
934,-0.125092192,-0.005931532,0.032031231,0.043670571,0.058248348,0.210605405,0.208572973,0.131426126
935,-0.124968068,-0.008317417,0.032461061,0.041243744,0.058406707,0.211114414,0.206861261,0.129936336
936,-0.123661161,-0.010703303,0.032890891,0.038816917,0.058565065,0.211623423,0.20514955,0.130296396
937,-0.120918018,-0.013089189,0.033320721,0.03639009,0.058723423,0.212132432,0.203437838,0.130702703
938,-0.118174875,-0.015475075,0.033750551,0.033963263,0.058881782,0.212641441,0.201726126,0.131109009
939,-0.115431732,-0.017860961,0.031948148,0.031536436,0.058139239,0.211318619,0.199948048,0.131515315
940,-0.112688589,-0.020246847,0.029855556,0.029548949,0.05727958,0.209757658,0.198042342,0.131921622
941,-0.109945445,-0.022632733,0.027762963,0.028666466,0.05641992,0.208196697,0.196136637,0.132327928
942,-0.107202302,-0.025018619,0.02567037,0.027783984,0.05556026,0.206635736,0.194230931,0.132734234
943,-0.104459159,-0.027158559,0.023577778,0.026901502,0.054700601,0.205074775,0.192325225,0.133140541
944,-0.104325425,-0.026675075,0.021485185,0.026019019,0.053840941,0.203513814,0.19041952,0.133189489
945,-0.108185686,-0.026191592,0.019392593,0.025136537,0.052981281,0.201952853,0.188513814,0.133177177
946,-0.112045946,-0.025708108,0.0173,0.024254054,0.052121622,0.200391892,0.186608108,0.133164865
947,-0.115906206,-0.025224625,0.015221421,0.023371572,0.05125045,0.198825926,0.184702402,0.133152553
948,-0.119766466,-0.024741141,0.013445546,0.022489089,0.050130631,0.197151852,0.182988288,0.13314024
949,-0.123626727,-0.024257658,0.01166967,0.021887688,0.049010811,0.195477778,0.181413514,0.133127928
950,-0.127486987,-0.023774174,0.009893794,0.021423223,0.047890991,0.193803704,0.179838739,0.133115616
951,-0.131347247,-0.023290691,0.008117918,0.020958759,0.046771171,0.19212963,0.178263964,0.133103303
952,-0.133937838,-0.022807207,0.006342042,0.020494294,0.045651351,0.190455556,0.176689189,0.132910811
953,-0.13404955,-0.022984384,0.004566166,0.02002983,0.044531532,0.188781481,0.175114414,0.132652252
954,-0.134161261,-0.023657057,0.00279029,0.019565365,0.043411712,0.187107407,0.17353964,0.132393694
955,-0.134272973,-0.02432973,0.001014414,0.019100901,0.042291892,0.185433333,0.171964865,0.132135135
956,-0.134384685,-0.025002402,-0.000356256,0.018636436,0.041029329,0.183683283,0.17039009,0.131876577
957,-0.134496396,-0.025675075,-0.000141341,0.018092092,0.039208208,0.181635936,0.169485586,0.131618018
958,-0.134608108,-0.026347748,7.36E-05,0.016303904,0.037387087,0.179588589,0.168732432,0.131359459
959,-0.13471982,-0.02702042,0.000288488,0.014515716,0.035565966,0.177541241,0.167979279,0.131100901
960,-0.135087287,-0.027693093,0.000503403,0.012727528,0.033744845,0.175493894,0.167226126,0.13118018
961,-0.136105105,-0.028365766,0.000718318,0.010939339,0.031923724,0.173446547,0.166472973,0.131475676
962,-0.137122923,-0.0290997,0.000933233,0.009151151,0.030102603,0.171399199,0.16571982,0.131771171
963,-0.138140741,-0.030844444,0.001148148,0.007362963,0.028281481,0.169351852,0.164966667,0.132066667
964,-0.139158559,-0.032589189,0.001363063,0.005574775,0.02646036,0.167304505,0.164213514,0.132362162
965,-0.140176376,-0.034333934,0.000318018,0.003786587,0.025213814,0.164735936,0.163455556,0.132657658
966,-0.141194194,-0.036078679,-0.00293964,0.002727127,0.024976276,0.161252052,0.162611111,0.132953153
967,-0.142212012,-0.037823423,-0.006197297,0.002564565,0.024738739,0.157768168,0.161766667,0.133248649
968,-0.143622222,-0.039568168,-0.009454955,0.002402002,0.024501201,0.154284284,0.160922222,0.13352012
969,-0.146377778,-0.041312913,-0.012712613,0.002239439,0.024263664,0.1508004,0.160077778,0.133766366
970,-0.149133333,-0.043057658,-0.01597027,0.002076877,0.024026126,0.147316517,0.159233333,0.134012613
971,-0.151888889,-0.044802402,-0.019227928,0.001914314,0.023788589,0.143832633,0.158388889,0.134258859
972,-0.154644444,-0.04591952,-0.022485586,0.001751752,0.023551051,0.140348749,0.157544444,0.134505105
973,-0.1574,-0.046508108,-0.025743243,0.001589189,0.023313514,0.136864865,0.1567,0.134751351
974,-0.160155556,-0.047096697,-0.025351051,0.001426627,0.021977477,0.134479479,0.155515315,0.134997598
975,-0.162911111,-0.047685285,-0.021618318,0.001031031,0.019636036,0.133099499,0.153495495,0.135243844
976,-0.165576276,-0.048273874,-0.017885586,0.00058979,0.017294595,0.13171952,0.151475676,0.135827928
977,-0.167798098,-0.048862462,-0.014152853,0.000148549,0.014953153,0.13033954,0.149455856,0.136997598
978,-0.17001992,-0.049451051,-0.01042012,-0.000292693,0.012611712,0.12895956,0.147436036,0.138167267
979,-0.172241742,-0.05003964,-0.006687387,-0.000733934,0.01027027,0.12757958,0.145416216,0.139336937
980,-0.174463564,-0.050628228,-0.002954655,-0.001175175,0.007928829,0.1261996,0.143396396,0.140506607
981,-0.176685385,-0.051205706,0.000778078,-0.001616416,0.005587387,0.12481962,0.141376577,0.141676276
982,-0.178907207,-0.051405405,0.004510811,-0.002057658,0.003245946,0.12343964,0.139356757,0.142845946
983,-0.181129029,-0.051605105,0.006717417,-0.002308909,0.002577077,0.123277477,0.13794955,0.144015616
984,-0.182966867,-0.051804805,0.008210511,-0.001902503,0.00269019,0.123684685,0.137093694,0.144872973
985,-0.181787688,-0.052004505,0.009703604,-0.001496096,0.002803303,0.124091892,0.136237838,0.144762162
986,-0.180608509,-0.052204204,0.011196697,-0.00108969,0.002916416,0.124499099,0.135381982,0.144651351
987,-0.179429329,-0.052403904,0.01268979,-0.000683283,0.00302953,0.124906306,0.134526126,0.144540541
988,-0.17825015,-0.052603604,0.014182883,-0.000276877,0.003142643,0.125313514,0.13367027,0.14442973
989,-0.177070971,-0.052803303,0.015675976,0.00012953,0.003255756,0.125720721,0.132814414,0.144318919
990,-0.175891792,-0.053003003,0.017169069,0.000535936,0.003368869,0.126127928,0.131958559,0.144208108
991,-0.174712613,-0.052981081,0.018662162,0.000942342,0.003481982,0.126535135,0.131102703,0.144097297
992,-0.17383964,-0.05274985,0.017426026,-3.71E-05,0.003538038,0.125316216,0.130708408,0.144189189
993,-0.178084685,-0.052518619,0.015672773,-0.001894995,0.003583283,0.123789189,0.130457357,0.145740541
994,-0.18232973,-0.052287387,0.01391952,-0.003752853,0.003628529,0.122262162,0.130206306,0.147291892
995,-0.186574775,-0.052056156,0.012166266,-0.005610711,0.003673774,0.120735135,0.129955255,0.148843243
996,-0.19081982,-0.051824925,0.010413013,-0.007468569,0.003719019,0.119208108,0.129704204,0.150394595
997,-0.195064865,-0.051593694,0.00865976,-0.009326426,0.003764264,0.117681081,0.129453153,0.151945946
998,-0.19930991,-0.051362462,0.006906507,-0.011184284,0.00380951,0.116154054,0.129202102,0.153497297
999,-0.203554955,-0.051131231,0.005153253,-0.013042142,0.003854755,0.114627027,0.128951051,0.155048649
1000,-0.2078,-0.0509,0.0034,-0.0149,0.0039,0.1131,0.1287,0.1566
