Var1,route1,route2,route3,route4,route5,route6,route7,route8,route9
1,6.5252,3.2912,4.214,2.5004,4.796,3.4352,1.9568,3.866,3.3104
2,6.503792,3.2657348,4.1677532,2.4672464,4.7737892,3.3982796,1.9209656,3.8417588,3.290342
3,6.482384,3.2402696,4.1215076,2.434094,4.7515796,3.3613592,1.8851312,3.8175176,3.2702852
4,6.460976,3.2148032,4.0752608,2.4009404,4.7293688,3.32444,1.8492968,3.7932752,3.2502272
5,6.4396472,3.189338,4.0290152,2.3677868,4.7071592,3.2875196,1.8134636,3.769034,3.2302004
6,6.4185584,3.1638668,3.9826472,2.3346404,4.6854056,3.2515436,1.7787308,3.7436564,3.2107508
7,6.3974708,3.1372004,3.9361364,2.302688,4.664486,3.2162528,1.744796,3.7165472,3.1913012
8,6.376382,3.1105328,3.8896268,2.2707368,4.6435676,3.1809608,1.7108624,3.6894392,3.1718516
9,6.3548252,3.0838664,3.843116,2.2387844,4.6226492,3.14567,1.6769288,3.66233,3.152432
10,6.3327788,3.0572,3.7966052,2.206832,4.6017296,3.1108112,1.6432976,3.635222,3.133286
11,6.3107312,3.0305264,3.750338,2.1748928,4.5808112,3.0782348,1.6112636,3.6064604,3.11414
12,6.2886848,3.0031388,3.7040912,2.1441416,4.5598916,3.0456572,1.5792296,3.5772656,3.094994
13,6.2654672,2.9757512,3.6578456,2.1133904,4.5389732,3.0130808,1.5471968,3.548072,3.0757544
14,6.2418224,2.9483636,3.6115988,2.0826404,4.5180536,2.9805044,1.5151628,3.5188784,3.0560012
15,6.2181776,2.920976,3.5654528,2.0518892,4.4970728,2.950736,1.4839316,3.48929,3.036248
16,6.1945328,2.893586,3.51947,2.0211572,4.4751212,2.92196,1.4529836,3.4580108,3.0164936
17,6.1674536,2.8659584,3.4734884,1.9916072,4.4531684,2.893184,1.4220356,3.4267316,2.996678
18,6.140294,2.8383308,3.4275068,1.9620572,4.4312168,2.864408,1.3910888,3.3954524,2.97662
19,6.1131356,2.8107032,3.381524,1.9325084,4.4092652,2.8369292,1.3604864,3.3641732,2.956562
20,6.085196,2.7830756,3.335984,1.9029584,4.386992,2.812226,1.3306244,3.3319784,2.936504
21,6.0545228,2.755448,3.2905304,1.8734384,4.3642652,2.7875216,1.3007624,3.2991356,2.9162132
22,6.0238484,2.7278204,3.245078,1.8453296,4.3415384,2.7628184,1.2709004,3.2662916,2.8952432
23,5.9931752,2.7001916,3.1996244,1.817222,4.3188116,2.738114,1.2410396,3.2334488,2.8742744
24,5.9610116,2.672564,3.1545608,1.7891132,4.2960848,2.7170684,1.2123968,3.200606,2.8533044
25,5.9271428,2.6449364,3.1104284,1.7610056,4.272566,2.6964356,1.183892,3.1659716,2.8320536
26,5.8932728,2.6173268,3.0662972,1.7329208,4.248806,2.675804,1.1553872,3.1313036,2.8101728
27,5.859404,2.5904204,3.0221648,1.7057744,4.225046,2.6551724,1.1268824,3.0966356,2.788292
28,5.8237184,2.563514,2.9780324,1.6786268,4.201286,2.6360972,1.0994168,3.0619676,2.7664112
29,5.7872936,2.5366064,2.9352956,1.6514804,4.1774336,2.6187236,1.073084,3.0266108,2.7440924
30,5.7508688,2.5097,2.8930136,1.6243328,4.1528984,2.6013488,1.0467512,2.9901176,2.720996
31,5.7144428,2.4828284,2.8507316,1.5972212,4.1283644,2.5839752,1.0204184,2.9536256,2.6978996
32,5.6771024,2.4571232,2.8084496,1.571276,4.1038292,2.5667252,0.9942728,2.9171324,2.674802
33,5.6397188,2.431418,2.7666752,1.5453296,4.0792952,2.5515236,0.971198,2.8806404,2.6513312
34,5.6023352,2.4057116,2.7267716,1.5193832,4.0546376,2.5363208,0.948122,2.8433408,2.6273228
35,5.5649516,2.3800064,2.6868668,1.493438,4.0298456,2.521118,0.9250472,2.805806,2.6033144
36,5.527568,2.3543336,2.6469632,1.4674916,4.0050524,2.5059164,0.9019724,2.76827,2.579306
37,5.4901832,2.3295896,2.6070596,1.4415464,3.9802592,2.4910592,0.8811464,2.7307352,2.554454
38,5.4527996,2.3048444,2.5691108,1.4156,3.9554672,2.4764,0.8615996,2.6931116,2.5286228
39,5.415842,2.2800992,2.5321136,1.3896536,3.930032,2.4617408,0.842054,2.6550548,2.5027904
40,5.379416,2.2553552,2.4951176,1.3637084,3.9044648,2.4470816,0.8225084,2.616998,2.476958
41,5.3429912,2.230658,2.4581204,1.3377524,3.8788976,2.4323036,0.8036096,2.5789412,2.4501896
42,5.3065652,2.2071152,2.4214016,1.311566,3.8533292,2.417102,0.7870496,2.5408856,2.4225344
43,5.2714592,2.1835712,2.3865188,1.2853796,3.8276216,2.4018992,0.7704896,2.5028288,2.3948792
44,5.2369508,2.1600272,2.351636,1.2591944,3.8012792,2.3866964,0.7539308,2.464772,2.367224
45,5.2024436,2.1364844,2.3167532,1.233008,3.7749368,2.3714948,0.7373708,2.4267164,2.3383664
46,5.1679352,2.113016,2.2818704,1.206746,3.7485944,2.3547788,0.72254,2.3886596,2.3085836
47,5.134916,2.0911544,2.2480808,1.1788784,3.722252,2.3376752,0.708152,2.3506028,2.2788008
48,5.102006,2.0692928,2.2150472,1.1510108,3.6953576,2.3205728,0.693764,2.3122952,2.2490192
49,5.069096,2.0474312,2.1820148,1.123142,3.667982,2.3034704,0.679376,2.273978,2.2177364
50,5.036354,2.0255684,2.1489812,1.0952744,3.6406064,2.2854488,0.6650912,2.2356608,2.1855236
51,5.0044028,2.0037908,2.1159752,1.0673348,3.6132308,2.2659032,0.6509744,2.1973436,2.1533096
52,4.9724504,1.9836104,2.0834708,1.0380248,3.5858564,2.2463564,0.6368576,2.1588392,2.1210956
53,4.940498,1.9634312,2.0509652,1.008716,3.5575628,2.2268108,0.6227408,2.1200012,2.0870552
54,4.9090844,1.9432508,2.0184608,0.9794072,3.529154,2.2072652,0.6086252,2.0811632,2.0521052
55,4.8784112,1.9230704,1.9859564,0.9500972,3.5007464,2.1848648,0.5932112,2.042324,2.0171564
56,4.8477368,1.9029956,1.953452,0.920696,3.4723376,2.1623324,0.5777372,2.003486,1.9822076
57,4.8170636,1.8847376,1.9209476,0.8897048,3.4437416,2.1398012,0.5622632,1.9640564,1.9461656
58,4.7870276,1.8664796,1.8884432,0.8587136,3.4145588,2.1172688,0.5467892,1.924436,1.9096976
59,4.757312,1.8482216,1.8559388,0.8277224,3.3853748,2.0932832,0.5301524,1.8848156,1.8732284
60,4.7275964,1.8299624,1.8234344,0.7967312,3.356192,2.0680364,0.5125064,1.8451952,1.8367604
61,4.6978808,1.811762,1.7906744,0.7657112,3.3270092,2.0427896,0.4948616,1.8053768,1.7993552
62,4.6690376,1.7944652,1.7579048,0.73424,3.2972108,2.0175428,0.4772156,1.7644532,1.7616704
63,4.6402808,1.7771672,1.7251364,0.7027688,3.2669948,1.9920764,0.4591952,1.7235296,1.7239868
64,4.611524,1.7598704,1.692368,0.6712976,3.2367788,1.96493,0.4382924,1.682606,1.6863032
65,4.5831128,1.7425724,1.6597112,0.6398264,3.2065616,1.9377824,0.4173884,1.6416812,1.6478696
66,4.5565916,1.7252912,1.6272068,0.6083696,3.1763456,1.910636,0.3964856,1.5997568,1.6092728
67,4.5300716,1.7082344,1.5947024,0.5771384,3.1461296,1.8834884,0.3755816,1.5570092,1.5706772
68,4.5035516,1.6911776,1.562198,0.5459072,3.1159136,1.8550208,0.3524156,1.5142604,1.5320816
69,4.4776688,1.6741196,1.5296936,0.514676,3.0856976,1.8259736,0.3282548,1.4715128,1.4929544
70,4.452746,1.6570628,1.4988284,0.4834448,3.0554816,1.7969264,0.304094,1.428764,1.4537516
71,4.4278232,1.640006,1.4681744,0.4522976,3.0253424,1.7678792,0.2799332,1.3837988,1.4145476
72,4.4029004,1.6229492,1.4375192,0.4222676,2.9953844,1.73831,0.2548784,1.3387052,1.3753436
73,4.3794164,1.6058924,1.4068652,0.3922376,2.9654276,1.707362,0.2274596,1.2936104,1.3364216
74,4.3567304,1.5888344,1.377032,0.3622076,2.9354696,1.676414,0.2000408,1.2485168,1.2975224
75,4.3340444,1.5717776,1.3487552,0.3321776,2.9055116,1.6454672,0.172622,1.2023552,1.258622
76,4.3113584,1.5546848,1.3204796,0.3022736,2.8762304,1.6145192,0.1452032,1.1541332,1.2197228
77,4.290374,1.5371468,1.2922028,0.273926,2.8473056,1.5821804,0.1156988,1.1059112,1.1808224
78,4.2696044,1.51961,1.2639272,0.2455772,2.8183808,1.549604,0.0858368,1.0576892,1.1419232
79,4.248836,1.502072,1.2390524,0.2172284,2.789456,1.5170276,0.0559748,1.0094672,1.103024
80,4.2282356,1.484534,1.2150044,0.1888808,2.7605408,1.48445,0.0261128,0.9589376,1.0641236
81,4.2087452,1.466978,1.1909564,0.1606664,2.7326492,1.4514032,-0.0045724,0.9075884,1.0252244
82,4.1892536,1.4492,1.1669084,0.134,2.7047564,1.4177408,-0.0363352,0.856238,0.986324
83,4.1697632,1.431422,1.1439056,0.1073336,2.6768648,1.3840784,-0.0680968,0.8048876,0.9474248
84,4.1505128,1.413644,1.1238212,0.0806672,2.6489732,1.350416,-0.0998596,0.7531196,0.9084764
85,4.1316608,1.3958672,1.1037368,0.0539996,2.6212688,1.3167464,-0.1316284,0.698642,0.8689688
86,4.11281,1.3781096,1.0836524,0.0274964,2.5938932,1.2825404,-0.1639336,0.6441632,0.8294624
87,4.093958,1.3605716,1.0635692,0.0027524,2.5665176,1.2483356,-0.1962388,0.5896856,0.7899548
88,4.075304,1.3430348,1.0457768,-0.0219928,2.539142,1.2141296,-0.228544,0.5352068,0.7501688
89,4.0567724,1.3254968,1.028864,-0.046738,2.5117664,1.1799248,-0.2608492,0.4789328,0.7085348
90,4.0382408,1.3079588,1.0119512,-0.071482,2.4842072,1.1457188,-0.2933152,0.4210664,0.6668996
91,4.019708,1.2904436,0.9950384,-0.0961192,2.4565724,1.111514,-0.3258916,0.3632,0.6252644
92,4.0006232,1.2731456,0.9785096,-0.119662,2.4289388,1.077308,-0.358468,0.3053336,0.5830772
93,3.981452,1.2558488,0.96371,-0.143206,2.4013052,1.0431032,-0.3910456,0.2474672,0.5384036
94,3.9622808,1.2385508,0.9489116,-0.16675,2.3735816,1.0089908,-0.4234348,0.186944,0.49373
95,3.9431792,1.221254,0.9341132,-0.1902928,2.3446568,0.9753284,-0.4549252,0.1262108,0.4490564
96,3.9246476,1.2039116,0.9193136,-0.2137456,2.315732,0.941666,-0.4864156,0.0654764,0.4036028
97,3.9061148,1.1861336,0.9046844,-0.2363284,2.2868072,0.9080036,-0.517906,0.004742,0.355586
98,3.8875832,1.1683556,0.89015,-0.25891,2.2578824,0.8743412,-0.5493964,-0.0567484,0.3075692
99,3.8692772,1.1505776,0.8756156,-0.2814928,2.2279736,0.8406788,-0.5802748,-0.1198288,0.2595524
100,3.851384,1.1327996,0.8610812,-0.3040756,2.1967244,0.8070164,-0.6109516,-0.182908,0.2108432
101,3.8334908,1.1149976,0.846494,-0.3265384,2.1654752,0.773354,-0.6416272,-0.2459884,0.1603952
102,3.8155976,1.0969796,0.8314304,-0.34792,2.134226,0.7396916,-0.672304,-0.3090676,0.1099472
103,3.7984688,1.0789616,0.816368,-0.3693004,2.1029768,0.7061192,-0.7024396,-0.3736468,0.0594992
104,3.7818536,1.0609436,0.8013044,-0.390682,2.0695208,0.672728,-0.7314868,-0.4388116,0.008438
105,3.7652384,1.0429256,0.786242,-0.4120636,2.0354312,0.6393368,-0.760534,-0.5039776,-0.0438328
106,3.7486232,1.0248572,0.7705868,-0.4334452,2.0013404,0.6059456,-0.7895824,-0.5691424,-0.0961048
107,3.7330844,1.0063592,0.7544672,-0.4548268,1.9672508,0.5725544,-0.8186296,-0.6343972,-0.1483756
108,3.7177472,0.9878612,0.7383476,-0.4762084,1.9328576,0.538916,-0.8464396,-0.7003444,-0.2010004
109,3.7024112,0.969362,0.7222268,-0.4975888,1.8964436,0.5052536,-0.8741296,-0.7662916,-0.2541832
110,3.6871016,0.950864,0.7060928,-0.5189704,1.8600284,0.4715912,-0.9018196,-0.8322388,-0.3073672
111,3.6720836,0.9323384,0.68918,-0.5403256,1.8236144,0.4379288,-0.9295096,-0.898186,-0.36055
112,3.6570668,0.9136004,0.6722672,-0.5614672,1.7872004,0.4042664,-0.9565336,-0.9642664,-0.4140004
113,3.6420488,0.8948612,0.6553532,-0.5826076,1.7500364,0.370604,-0.9828664,-1.030474,-0.4677904
114,3.627032,0.876122,0.6384404,-0.6037492,1.712072,0.3369416,-1.0091992,-1.0966828,-0.5215816
115,3.612014,0.857384,0.6211496,-0.6248896,1.6741076,0.3032792,-1.035532,-1.1628904,-0.5753728
116,3.5969972,0.8386724,0.6034436,-0.6460588,1.6361444,0.2696168,-1.0618072,-1.229098,-0.629164
117,3.5819792,0.8201744,0.5857376,-0.6674404,1.59818,0.2359544,-1.0873252,-1.2945952,-0.6829552
118,3.5662268,0.8016752,0.5680328,-0.688822,1.5599996,0.202292,-1.1128432,-1.3600216,-0.7367464
119,3.549932,0.7831772,0.5503268,-0.7102036,1.5217772,0.1686296,-1.1383612,-1.425448,-0.7905364
120,3.533636,0.7646792,0.5326208,-0.731584,1.483556,0.1349672,-1.1638804,-1.4908732,-0.8435056
121,3.51734,0.7462376,0.5149148,-0.753052,1.4453336,0.1013048,-1.1890456,-1.5556648,-0.8957764
122,3.4994744,0.7282196,0.49721,-0.7751548,1.4072588,0.0676424,-1.21402,-1.6190056,-0.9480484
123,3.4812608,0.7102016,0.479504,-0.7972564,1.3698116,0.03398,-1.2389956,-1.6823464,-1.0003192
124,3.4630484,0.6921836,0.4619024,-0.819358,1.3323644,0.0003176,-1.2639712,-1.745686,-1.05115
125,3.4447136,0.6741656,0.4444616,-0.8414608,1.294916,-0.0335332,-1.2888844,-1.8090268,-1.1009896
126,3.4245836,0.6563276,0.4270196,-0.8636824,1.2574688,-0.0680092,-1.3135876,-1.8701764,-1.1508304
127,3.4044536,0.6397508,0.4095788,-0.8867464,1.2205832,-0.1024864,-1.338292,-1.9303888,-1.20067
128,3.3843248,0.6231752,0.3921368,-0.9098092,1.1841692,-0.1369636,-1.3629952,-1.9906024,-1.2479656
129,3.3634064,0.6065984,0.3751472,-0.932872,1.1477552,-0.1714408,-1.3876996,-2.0508148,-1.2938548
130,3.3407204,0.5900216,0.3582344,-0.9559348,1.11134,-0.2065768,-1.4130628,-2.1105976,-1.339744
131,3.3180344,0.5736632,0.3413216,-0.9790924,1.074926,-0.2418676,-1.4385808,-2.1663796,-1.3856332
132,3.2953484,0.5587688,0.3244088,-1.0028752,1.0396712,-0.2771596,-1.4641,-2.2221604,-1.4285632
133,3.2721332,0.5438744,0.307496,-1.0266592,1.0045472,-0.3124504,-1.489618,-2.2779424,-1.4701984
134,3.2484884,0.5289788,0.290582,-1.0504432,0.9694244,-0.3482704,-1.5156652,-2.3337232,-1.5118336
135,3.2248448,0.5140844,0.2736692,-1.0742272,0.9343016,-0.3849184,-1.5425404,-2.3869348,-1.5534676
136,3.2012,0.4994816,0.2567564,-1.0981408,0.8993732,-0.4215676,-1.5694168,-2.4375028,-1.591924
137,3.1770464,0.4867484,0.2398436,-1.1228848,0.8650244,-0.4582168,-1.596292,-2.4880708,-1.629304
138,3.1527632,0.4740152,0.2233388,-1.14763,0.8306768,-0.4948648,-1.6231672,-2.5386388,-1.6666852
139,3.1284788,0.4612832,0.2069552,-1.1723752,0.796328,-0.5320396,-1.6524112,-2.5892068,-1.7040652
140,3.1041956,0.44855,0.1905704,-1.1971192,0.7619792,-0.5692312,-1.6817296,-2.6349064,-1.7387764
141,3.0799124,0.4360868,0.1741856,-1.221898,0.7276316,-0.6064228,-1.7110492,-2.6800012,-1.7728132
142,3.0556292,0.425276,0.1577408,-1.2468832,0.6932828,-0.6436144,-1.7403676,-2.725096,-1.80685
143,3.0313448,0.4144652,0.141092,-1.2718684,0.658934,-0.6806572,-1.7710276,-2.7701896,-1.840888
144,3.007244,0.4036544,0.1244432,-1.2968524,0.6245864,-0.7175776,-1.8027892,-2.8138696,-1.8715672
145,2.9836004,0.3928436,0.1077944,-1.3218376,0.5902376,-0.7544968,-1.8345508,-2.8540108,-1.9016536
146,2.9599556,0.3823808,0.0911456,-1.346788,0.5561372,-0.7914172,-1.8663136,-2.894152,-1.93174
147,2.9363108,0.3739724,0.0743144,-1.3715332,0.5220464,-0.8281984,-1.89832,-2.9342944,-1.9618276
148,2.9131748,0.365564,0.0574016,-1.3962772,0.4879568,-0.8640328,-1.9319824,-2.9744356,-1.9897228
149,2.8904888,0.3571556,0.0404888,-1.4210224,0.4538672,-0.8998672,-1.9656448,-3.0113776,-2.017378
150,2.8678028,0.3487472,0.023576,-1.4457664,0.4199372,-0.9357004,-1.9993072,-3.046828,-2.0450332
151,2.8451168,0.3406268,0.006584,-1.4703676,0.3863636,-0.9715348,-2.0329696,-3.0822772,-2.0726884
152,2.8229264,0.3341408,-0.010858,-1.4941516,0.35279,-1.006408,-2.067208,-3.1177276,-2.0994748
153,2.8008788,0.3276536,-0.0282988,-1.5179356,0.3192164,-1.0408852,-2.1016852,-3.1529116,-2.1262192
154,2.7788324,0.3211676,-0.0457408,-1.5417184,0.2856428,-1.0753624,-2.1361624,-3.1849732,-2.1529624
155,2.756786,0.3146816,-0.0631816,-1.5655024,0.2531,-1.1098396,-2.1706396,-3.2170348,-2.179708
156,2.7347384,0.3083804,-0.0804628,-1.589212,0.2210768,-1.1438476,-2.2052716,-3.2490952,-2.2070596
157,2.712692,0.3030956,-0.0976396,-1.6125148,0.1890524,-1.1766952,-2.2402924,-3.2811568,-2.2344112
158,2.6906456,0.2978108,-0.1148164,-1.6358188,0.157028,-1.209544,-2.275312,-3.3121048,-2.2617616
159,2.66843,0.2925248,-0.1319944,-1.6591216,0.1250384,-1.2423916,-2.3103316,-3.3418204,-2.2891804
160,2.645744,0.28724,-0.1491892,-1.6824256,0.0948212,-1.2752392,-2.3453512,-3.3715348,-2.3177476
161,2.623058,0.2821076,-0.1666312,-1.7055748,0.0646052,-1.307146,-2.3803708,-3.4012504,-2.3463148
162,2.600372,0.277784,-0.184072,-1.7279176,0.0343892,-1.3389076,-2.4153904,-3.430966,-2.374882
163,2.5772,0.2734592,-0.201514,-1.7502592,0.0041732,-1.3706704,-2.4504112,-3.4588648,-2.4035464
164,2.5535552,0.2691356,-0.2189548,-1.772602,-0.0252748,-1.402432,-2.4854308,-3.4864948,-2.4330244
165,2.5299116,0.2648108,-0.2361172,-1.7949436,-0.0534244,-1.4341948,-2.5200868,-3.5141248,-2.4625036
166,2.5062668,0.260486,-0.2530312,-1.8172864,-0.0815752,-1.4659564,-2.5542916,-3.5417548,-2.4919816
167,2.4816608,0.2561624,-0.269944,-1.8396292,-0.1097248,-1.4977192,-2.5884976,-3.5688976,-2.5217008
168,2.4567392,0.2518376,-0.2868568,-1.8619708,-0.1378756,-1.5294808,-2.6227024,-3.5947024,-2.5526992
169,2.4318164,0.247514,-0.3037696,-1.8843136,-0.1649008,-1.561258,-2.6568796,-3.6205084,-2.5836976
170,2.4068936,0.2431892,-0.320422,-1.9066564,-0.1915012,-1.5935632,-2.6899984,-3.6463132,-2.614696
171,2.3810168,0.2387828,-0.3370708,-1.9289572,-0.2181016,-1.6258684,-2.7231184,-3.6721192,-2.6458852
172,2.3551352,0.233978,-0.3537184,-1.95106,-0.2447032,-1.6581724,-2.7562384,-3.6965404,-2.6777944
173,2.3292536,0.2291732,-0.3703672,-1.9731616,-0.2712424,-1.6904776,-2.7893572,-3.7202608,-2.7097048
174,2.3032964,0.2243684,-0.387016,-1.9952632,-0.2970676,-1.7232772,-2.8213252,-3.7439812,-2.741614
175,2.2770956,0.2195636,-0.4036648,-2.017366,-0.322894,-1.756396,-2.8525444,-3.7677004,-2.7739204
176,2.2508948,0.2145488,-0.4203136,-2.0393416,-0.3487192,-1.789516,-2.8837636,-3.7912804,-2.80735
177,2.224694,0.2085428,-0.4369624,-2.0607232,-0.3745456,-1.822636,-2.9149828,-3.8126548,-2.8407796
178,2.1986492,0.2025368,-0.4536112,-2.0821048,-0.4003708,-1.855906,-2.9458492,-3.8340292,-2.8742092
179,2.1727676,0.1965308,-0.47002,-2.1034864,-0.4261972,-1.8898408,-2.9751676,-3.8554036,-2.9083024
180,2.146886,0.1905248,-0.4864048,-2.1248668,-0.4520224,-1.9237744,-3.004486,-3.8767768,-2.9438596
181,2.1210056,0.1843028,-0.5027896,-2.1460756,-0.4778488,-1.957708,-3.0338056,-3.8977948,-2.9794168
182,2.0953568,0.1770956,-0.5191732,-2.166496,-0.503674,-1.9916416,-3.063124,-3.9183868,-3.0149728
183,2.0697956,0.1698884,-0.535174,-2.1869164,-0.529906,-2.0255764,-3.0901576,-3.9389788,-3.0515248
184,2.0442344,0.1626812,-0.5505004,-2.2073368,-0.5562484,-2.05951,-3.1164904,-3.9595708,-3.0898168
185,2.0186732,0.155474,-0.565828,-2.2277572,-0.5825908,-2.0934436,-3.1428232,-3.9801628,-3.1281076
186,1.9940444,0.1480892,-0.5811556,-2.2478224,-0.6089332,-2.1273772,-3.169156,-4.0003108,-3.1663996
187,1.969442,0.1399208,-0.5964832,-2.2663204,-0.6354556,-2.1610312,-3.1943644,-4.020382,-3.2057008
188,1.9448384,0.1317524,-0.611158,-2.2848196,-0.6630892,-2.19415,-3.2174392,-4.0404532,-3.246424
189,1.9203056,0.123584,-0.6256924,-2.3033176,-0.6907228,-2.22727,-3.240514,-4.0605232,-3.2871472
190,1.8960212,0.1154168,-0.6402268,-2.3218168,-0.7183564,-2.2603888,-3.2635888,-4.0806592,-3.3278704
191,1.871738,0.1071572,-0.6547612,-2.3398132,-0.74599,-2.2935088,-3.2866648,-4.1009908,-3.36916
192,1.8474548,0.0985076,-0.6690724,-2.3556688,-0.7746424,-2.3251216,-3.3062248,-4.1213224,-3.4110988
193,1.8233192,0.0898592,-0.6828148,-2.3715244,-0.8043424,-2.3566132,-3.3254992,-4.141654,-3.4530376
194,1.7993552,0.0812108,-0.696556,-2.38738,-0.8340424,-2.3881036,-3.3447736,-4.1619856,-3.4949764
195,1.7753912,0.0725624,-0.7102984,-2.4032356,-0.8637412,-2.419594,-3.364048,-4.1828212,-3.5369152
196,1.7514272,0.0640076,-0.7240396,-2.4184828,-0.8934412,-2.4497152,-3.3818164,-4.2039352,-3.578854
197,1.7272376,0.0558392,-0.7373896,-2.431216,-0.9251092,-2.4784912,-3.398104,-4.2250492,-3.6207928
198,1.7029532,0.0476708,-0.7506028,-2.443948,-0.9571324,-2.5072672,-3.4143928,-4.246162,-3.6627316
199,1.67867,0.0395024,-0.763816,-2.4566812,-0.9891568,-2.5360432,-3.4306816,-4.2672976,-3.7038052
200,1.6543868,0.031334,-0.7770292,-2.4694144,-1.0211812,-2.5645684,-3.446764,-4.2889324,-3.7442248
201,1.6304072,0.0234548,-0.7901896,-2.4814744,-1.0537216,-2.5903576,-3.4606096,-4.3105672,-3.7846444
202,1.6064432,0.0167276,-0.8031388,-2.4908428,-1.0883284,-2.616148,-3.474454,-4.332202,-3.8250628
203,1.5824792,0.0100016,-0.816088,-2.5002124,-1.122934,-2.6419372,-3.4882996,-4.3538368,-3.863596
204,1.5587024,0.0032744,-0.8290372,-2.509582,-1.1575408,-2.6677276,-3.502144,-4.3756996,-3.900976
205,1.5356972,-0.0034528,-0.8419852,-2.5189516,-1.1921476,-2.6911744,-3.5147284,-4.3978564,-3.9383572
206,1.512692,-0.0096376,-0.8547604,-2.5277296,-1.2277552,-2.7134356,-3.5266732,-4.420012,-3.9757372
207,1.4896868,-0.0137212,-0.8674456,-2.5342168,-1.2641692,-2.7356956,-3.538618,-4.4421676,-4.0106668
208,1.4672432,-0.017806,-0.8801296,-2.5407028,-1.3005832,-2.7579568,-3.5505616,-4.4643244,-4.0444
209,1.445516,-0.0218896,-0.8928148,-2.5471888,-1.3369984,-2.7794248,-3.5623084,-4.48648,-4.0781332
210,1.4237888,-0.0259732,-0.9054988,-2.553676,-1.3734124,-2.798428,-3.5734396,-4.5086368,-4.1118664
211,1.4020616,-0.0293008,-0.918184,-2.5596076,-1.4102956,-2.8174312,-3.5845696,-4.5307924,-4.1431816
212,1.381208,-0.0297808,-0.930868,-2.5634512,-1.4472268,-2.8364332,-3.5956996,-4.5529492,-4.1735728
213,1.3607588,-0.030262,-0.9435532,-2.5672948,-1.4841568,-2.8554364,-3.6068296,-4.5751048,-4.2039628
214,1.3403096,-0.030742,-0.9562384,-2.5711384,-1.521088,-2.8726528,-3.6177364,-4.5972616,-4.2343528
215,1.3198604,-0.0312232,-0.9692272,-2.574982,-1.5578176,-2.889484,-3.6285952,-4.6194172,-4.26286
216,1.300598,-0.0308248,-0.9824404,-2.5785676,-1.5939736,-2.9063152,-3.6394552,-4.641574,-4.2908188
217,1.2814268,-0.0272212,-0.9956536,-2.5812112,-1.6301296,-2.9231464,-3.650314,-4.6637296,-4.3187788
218,1.2622556,-0.0236176,-1.0088668,-2.5838536,-1.6662856,-2.9395396,-3.6613912,-4.6860496,-4.3467376
219,1.2431396,-0.020014,-1.0220992,-2.586496,-1.7024416,-2.9552848,-3.6727924,-4.7084656,-4.3726888
220,1.2242888,-0.0164104,-1.0358416,-2.5891384,-1.737964,-2.9710312,-3.6841948,-4.7308828,-4.3982164
221,1.2054368,-0.0118036,-1.0495828,-2.591728,-1.7730868,-2.9867764,-3.695596,-4.7533,-4.423744
222,1.1865848,-0.0036352,-1.0633252,-2.5941304,-1.8082108,-3.0025216,-3.7069984,-4.775728,-4.4492716
223,1.1677328,0.0045332,-1.0770664,-2.5965328,-1.8433336,-3.0185332,-3.7183996,-4.7986672,-4.4729332
224,1.148882,0.0127016,-1.0914628,-2.5989352,-1.8784564,-3.0345496,-3.729802,-4.8216052,-4.4963344
225,1.13003,0.02087,-1.1065264,-2.6013376,-1.9135792,-3.0505672,-3.7412032,-4.8445432,-4.5197344
226,1.111178,0.0298484,-1.1215888,-2.6040652,-1.9487032,-3.0665836,-3.7526056,-4.8674812,-4.5431356
227,1.0923272,0.0416204,-1.1366524,-2.6079088,-1.983826,-3.0832108,-3.7640068,-4.8907468,-4.5642772
228,1.0734752,0.0533924,-1.1517148,-2.6117524,-2.0189488,-3.1003132,-3.7754092,-4.9144672,-4.5852472
229,1.0546232,0.0651644,-1.1672824,-2.615596,-2.0541544,-3.1174168,-3.7868104,-4.9381876,-4.606216
230,1.0357712,0.0769352,-1.182874,-2.6194408,-2.0895364,-3.1345192,-3.7982128,-4.961908,-4.627186
231,1.017788,0.089426,-1.1984656,-2.6236708,-2.1249172,-3.1518904,-3.8096524,-4.9856272,-4.6451764
232,0.999896,0.1043204,-1.2140572,-2.6291968,-2.1602992,-3.1708936,-3.821326,-5.0093476,-4.6631068
233,0.9820028,0.119216,-1.2300868,-2.6347216,-2.19568,-3.1898968,-3.8329996,-5.033068,-4.6810372
234,0.9643496,0.1341104,-1.2467356,-2.6402476,-2.23141,-3.2089,-3.8446732,-5.0567884,-4.69888
235,0.9480536,0.149006,-1.2633832,-2.6457724,-2.267308,-3.2279032,-3.8563456,-5.0805076,-4.7140756
236,0.9317588,0.1645772,-1.280032,-2.6515804,-2.303206,-3.2484724,-3.8678236,-5.1043384,-4.7292712
237,0.9154628,0.1823552,-1.2966808,-2.6583076,-2.339104,-3.2696464,-3.8792248,-5.1285796,-4.7444656
238,0.9005552,0.2001332,-1.31356,-2.6650348,-2.3750092,-3.2908216,-3.8906272,-5.152822,-4.7594596
239,0.887774,0.2179112,-1.3304728,-2.6717608,-2.4111652,-3.3119968,-3.9020284,-5.1770632,-4.772224
240,0.8749928,0.2356892,-1.3473856,-2.678488,-2.4473212,-3.3336616,-3.9133492,-5.2013044,-4.7849872
241,0.8622128,0.254216,-1.3642996,-2.6853292,-2.4834772,-3.3564652,-3.9244792,-5.2258636,-4.7977516
242,0.8522912,0.2751176,-1.3812124,-2.6925364,-2.5196332,-3.3792688,-3.9356092,-5.2506256,-4.8102292
243,0.8439836,0.296018,-1.3981252,-2.6997436,-2.5555924,-3.4020724,-3.9467404,-5.2753888,-4.820866
244,0.835676,0.3169184,-1.415038,-2.7069508,-2.5912324,-3.424876,-3.9578704,-5.3001508,-4.8315028
245,0.8273684,0.33782,-1.4319508,-2.714158,-2.6268724,-3.4488748,-3.9690004,-5.32492,-4.8421396
246,0.8238596,0.359486,-1.4488636,-2.7212476,-2.6625112,-3.4730356,-3.9801304,-5.3509864,-4.8524932
247,0.8209832,0.38351,-1.4653588,-2.7279748,-2.6981512,-3.4971964,-3.9912616,-5.3770528,-4.8616108
248,0.818108,0.407534,-1.4817424,-2.734702,-2.7326524,-3.5213572,-4.0023916,-5.403118,-4.8707284
249,0.8158856,0.431558,-1.4981272,-2.741428,-2.766742,-3.5452684,-4.0133968,-5.4291844,-4.8798448
250,0.8181224,0.455582,-1.514512,-2.7481552,-2.8008328,-3.5688868,-4.0242556,-5.4557728,-4.8888184
251,0.8203592,0.4806272,-1.5304996,-2.7544612,-2.8349224,-3.592504,-4.0351144,-5.4831424,-4.8973276
252,0.822596,0.5087348,-1.545298,-2.759506,-2.8688524,-3.6161224,-4.0459732,-5.510512,-4.9058368
253,0.826616,0.5368436,-1.5600976,-2.7645508,-2.9011348,-3.639676,-4.0567996,-5.5378816,-4.914346
254,0.8336456,0.5649512,-1.574896,-2.7695968,-2.9334172,-3.6616648,-4.0668448,-5.56525,-4.9225048
255,0.8406752,0.59306,-1.5896944,-2.7746416,-2.9656996,-3.6836536,-4.0768888,-5.5942828,-4.9297984
256,0.8477048,0.6222092,-1.6033696,-2.7791968,-2.997982,-3.7056436,-4.0869328,-5.6237368,-4.937092
257,0.8572952,0.6544016,-1.6165828,-2.7823192,-3.0286672,-3.7276324,-4.096978,-5.653192,-4.9443856
258,0.868478,0.6865928,-1.629796,-2.7854428,-3.0573328,-3.747772,-4.10635,-5.682646,-4.9513696
259,0.8796608,0.7187852,-1.6430092,-2.7885652,-3.0859996,-3.7667752,-4.115308,-5.7125044,-4.9577512
260,0.8908448,0.7509776,-1.6560004,-2.7916888,-3.1146664,-3.7857772,-4.1242672,-5.744044,-4.9641328
261,0.9036776,0.7844192,-1.6678924,-2.7940624,-3.1433332,-3.8047804,-4.1332252,-5.7755848,-4.9705156
262,0.916778,0.8214164,-1.6797832,-2.7943024,-3.1691248,-3.8230816,-4.1418052,-5.8071244,-4.9765408
263,0.9298784,0.8584136,-1.6916752,-2.7945424,-3.1941748,-3.8385544,-4.1488636,-5.838664,-4.9820104
264,0.9430796,0.8954108,-1.7035672,-2.7947836,-3.219226,-3.8540284,-4.155922,-5.8714348,-4.9874812
265,0.9571388,0.9324068,-1.7146312,-2.7950236,-3.2442772,-3.8695024,-4.1629804,-5.90506,-4.9929508
266,0.971198,0.970868,-1.7252008,-2.7944992,-3.2686372,-3.8849764,-4.1700388,-5.9386852,-4.997884
267,0.985256,1.0133912,-1.7357716,-2.7918568,-3.2890396,-3.8974912,-4.1756164,-5.9723104,-5.002138
268,0.999092,1.0559132,-1.7463424,-2.7892144,-3.309442,-3.9091636,-4.1807752,-6.0059356,-5.0063932
269,1.0125116,1.0984364,-1.7568448,-2.786572,-3.3298444,-3.9208372,-4.1859328,-6.040846,-5.0106472
270,1.0259312,1.1409584,-1.7666224,-2.7839296,-3.3502468,-3.9325108,-4.1910904,-6.0757744,-5.0140012
271,1.0393508,1.1849084,-1.7764,-2.7804436,-3.3687028,-3.9433084,-4.1955676,-6.1107028,-5.0164324
272,1.052012,1.2327164,-1.7861776,-2.7746776,-3.3852316,-3.9525376,-4.1988256,-6.1456312,-5.0188636
273,1.0641536,1.2805232,-1.7959552,-2.7689116,-3.4017592,-3.961768,-4.2020824,-6.1803604,-5.0212948
274,1.0762952,1.3283312,-1.8050128,-2.7631456,-3.418288,-3.9709984,-4.2053404,-6.214768,-5.0225656
275,1.0884368,1.3761392,-1.8134692,-2.7573796,-3.4348168,-3.9802288,-4.2085984,-6.2491744,-5.0228692
276,1.0992392,1.4251364,-1.8219256,-2.7506896,-3.4482508,-3.9879304,-4.2098188,-6.283582,-5.023174
277,1.1097836,1.477268,-1.830382,-2.74156,-3.461164,-3.9955312,-4.2109048,-6.3179896,-5.0234776
278,1.120328,1.5294008,-1.8388336,-2.7324316,-3.4740772,-4.0031332,-4.2119908,-6.3507724,-5.022874
279,1.1308196,1.5815324,-1.8462328,-2.723302,-3.4869892,-4.010734,-4.2130768,-6.3830944,-5.0216584
280,1.1407244,1.6336652,-1.853632,-2.7141724,-3.4994704,-4.0179136,-4.2133192,-6.4154164,-5.0204428
281,1.1506292,1.6866044,-1.8610324,-2.7039676,-3.5103172,-4.0247008,-4.2127756,-6.4477384,-5.0192272
282,1.160534,1.7416196,-1.8684316,-2.6909944,-3.521164,-4.0314868,-4.2122332,-6.4793296,-5.0172244
283,1.1705444,1.7966348,-1.874728,-2.6780212,-3.5320108,-4.038274,-4.2116896,-6.5074816,-5.0147932
284,1.1807684,1.8516488,-1.8797488,-2.6650492,-3.5428576,-4.0450612,-4.2109624,-6.5356324,-5.012362
285,1.1909936,1.906664,-1.8847696,-2.652076,-3.552832,-4.0518472,-4.2085192,-6.5637832,-5.0099308
286,1.2012176,1.9618844,-1.8897904,-2.6380756,-3.5621296,-4.0586344,-4.206076,-6.5919352,-5.0074996
287,1.2121724,2.0176208,-1.8948124,-2.6214988,-3.5714272,-4.0654216,-4.2036328,-6.6171076,-5.0050684
288,1.2236756,2.073356,-1.8971512,-2.604922,-3.5807248,-4.0722076,-4.2011896,-6.6400456,-5.0026372
289,1.2351788,2.1290924,-1.8992644,-2.5883464,-3.5900212,-4.0789948,-4.1970916,-6.6629836,-5.000206
290,1.2466808,2.1848276,-1.9013788,-2.5717696,-3.598846,-4.0857808,-4.1922052,-6.6859216,-4.9980028
291,1.2594872,2.2402148,-1.9034932,-2.5542868,-3.6076264,-4.092568,-4.1873188,-6.7088596,-4.9958752
292,1.2725876,2.29475,-1.9040932,-2.5345876,-3.6164068,-4.0993552,-4.1824324,-6.7265008,-4.9937476
293,1.285688,2.349284,-1.902244,-2.5148872,-3.6251884,-4.1062816,-4.176988,-6.7439656,-4.99162
294,1.2989036,2.4038192,-1.9003936,-2.495188,-3.63376,-4.1136112,-4.1699308,-6.7614292,-4.9890052
295,1.3139204,2.4583532,-1.8985444,-2.4754888,-3.6417652,-4.1209408,-4.1628724,-6.778894,-4.9862704
296,1.3289384,2.5119668,-1.896694,-2.4551512,-3.6497716,-4.1282704,-4.155814,-6.7944604,-4.9835356
297,1.3439552,2.5633772,-1.8910672,-2.4332884,-3.657778,-4.1356,-4.1487556,-6.8067112,-4.9807996
298,1.3599464,2.6147888,-1.884724,-2.4114268,-3.6657832,-4.1427028,-4.1389732,-6.818962,-4.9775464
299,1.3781588,2.6662004,-1.878382,-2.3895652,-3.6737896,-4.1497612,-4.1286568,-6.8312128,-4.9742032
300,1.3963712,2.717612,-1.87204,-2.3677036,-3.681796,-4.1568196,-4.1183416,-6.8434648,-4.97086
301,1.4145836,2.7676544,-1.8644284,-2.3454808,-3.6898024,-4.163878,-4.1080252,-6.85195,-4.9675168
302,1.4354276,2.8145012,-1.8538588,-2.322418,-3.6978076,-4.1705968,-4.0964668,-6.8592484,-4.963624
303,1.4584328,2.861348,-1.843288,-2.2993552,-3.705814,-4.1768404,-4.0831648,-6.8665468,-4.9596736
304,1.481438,2.9081948,-1.8327172,-2.2762924,-3.7133152,-4.1830852,-4.0698628,-6.8738452,-4.955722
305,1.5044432,2.9550416,-1.8221464,-2.2532284,-3.7208044,-4.1893288,-4.0565608,-6.8805304,-4.9517716
306,1.532264,3.0004964,-1.8081652,-2.2301656,-3.7282948,-4.1955724,-4.0432588,-6.8839192,-4.9460764
307,1.56134,3.0427784,-1.7931028,-2.2071028,-3.735784,-4.2004648,-4.0264432,-6.887308,-4.9403032
308,1.5904172,3.0850604,-1.7780392,-2.18404,-3.7431028,-4.2053512,-4.009612,-6.8906968,-4.9345288
309,1.6197692,3.1273424,-1.7629768,-2.160976,-3.750076,-4.2102376,-3.9927808,-6.8940856,-4.9287448
310,1.656194,3.1696256,-1.7471068,-2.1379132,-3.7570492,-4.215124,-3.9759496,-6.895744,-4.9217548
311,1.69262,3.210716,-1.7283436,-2.1149248,-3.7640212,-4.2192304,-3.957244,-6.8960044,-4.9147648
312,1.7290448,3.2491544,-1.7095804,-2.092102,-3.7709944,-4.2227596,-3.937156,-6.896266,-4.9077748
313,1.767542,3.2875928,-1.6908184,-2.0692792,-3.7777912,-4.2262888,-3.9170668,-6.8965264,-4.90066
314,1.8113168,3.3260312,-1.6720552,-2.0464564,-3.7845052,-4.229818,-3.8969776,-6.8967868,-4.8915424
315,1.8550904,3.3644696,-1.6511452,-2.0236336,-3.7912204,-4.232968,-3.8763844,-6.8945728,-4.8824248
316,1.8988652,3.4020752,-1.6292104,-2.000584,-3.7979356,-4.234054,-3.8530384,-6.8922268,-4.8733084
317,1.9460024,3.4378712,-1.6072768,-1.97704,-3.8046112,-4.23514,-3.8296912,-6.8898808,-4.8639556
318,1.9961672,3.4736672,-1.5853432,-1.9534972,-3.8102932,-4.236226,-3.8063452,-6.8875348,-4.8527116
319,2.046332,3.5094632,-1.5631204,-1.9299532,-3.8159752,-4.237312,-3.782998,-6.8846488,-4.8414664
320,2.0964956,3.5452592,-1.5390724,-1.9064092,-3.821656,-4.2366028,-3.7564612,-6.8807392,-4.8302224
321,2.149862,3.5805164,-1.5150244,-1.882174,-3.827338,-4.2352456,-3.7287712,-6.8768284,-4.8186328
322,2.20418,3.6146312,-1.4909764,-1.8564688,-3.8325148,-4.2338884,-3.7010812,-6.8729188,-4.8052612
323,2.258498,3.6487448,-1.4669284,-1.8307624,-3.8369056,-4.2325312,-3.6733912,-6.8690092,-4.7918896
324,2.312846,3.6828584,-1.441936,-1.8050572,-3.8412964,-4.2302356,-3.644422,-6.8635516,-4.778518
325,2.3690816,3.7169732,-1.4163028,-1.7793508,-3.845686,-4.2258916,-3.6126592,-6.8575564,-4.7646916
326,2.425316,3.7504628,-1.3906696,-1.7522404,-3.8500768,-4.2215488,-3.5808976,-6.8515612,-4.7491924
327,2.4815516,3.7826552,-1.3650352,-1.7222104,-3.8531224,-4.2172048,-3.5491348,-6.845566,-4.7336932
328,2.5373732,3.8148464,-1.3393732,-1.6921804,-3.8557048,-4.2128608,-3.5173732,-6.8392828,-4.718194
329,2.5920104,3.8470388,-1.3132108,-1.6621504,-3.8582872,-4.206334,-3.4822144,-6.831202,-4.7020516
330,2.6466488,3.8792312,-1.2870484,-1.6321204,-3.8608696,-4.1995468,-3.4466512,-6.8231224,-4.6841212
331,2.701286,3.9109472,-1.260886,-1.6000288,-3.8631748,-4.1927608,-3.411088,-6.8150416,-4.6661908
332,2.7543152,3.9416984,-1.2347248,-1.5637528,-3.8629168,-4.1859736,-3.375526,-6.8069608,-4.6482604
333,2.8057568,3.9724496,-1.2084268,-1.5274768,-3.8626588,-4.178416,-3.3382924,-6.7974868,-4.629466
334,2.8571996,4.0031996,-1.1820004,-1.4911996,-3.8623996,-4.1700004,-3.2992,-6.7867996,-4.6087996
335,2.9086424,4.0339508,-1.155574,-1.4549236,-3.8621416,-4.1615848,-3.2601076,-6.7761124,-4.5881344
336,2.9569772,4.064138,-1.1291476,-1.4161528,-3.8602528,-4.1531692,-3.2210164,-6.7654264,-4.5674692
337,3.0042668,4.0932068,-1.1027212,-1.3724284,-3.856378,-4.144696,-3.18178,-6.7547392,-4.5455752
338,3.0515552,4.1222768,-1.0760368,-1.3287052,-3.8525044,-4.1351944,-3.1399732,-6.7411396,-4.5215668
339,3.0988448,4.1513456,-1.0493464,-1.2849808,-3.8486308,-4.1256928,-3.0981664,-6.7273252,-4.4975584
340,3.142328,4.1804144,-1.022656,-1.2412576,-3.8447572,-4.1161912,-3.0563608,-6.7135096,-4.47355
341,3.1857824,4.2089936,-0.9959656,-1.1946748,-3.8375584,-4.1066896,-3.014554,-6.6996952,-4.44814
342,3.2292368,4.2366212,-0.968932,-1.1425432,-3.829552,-4.0968448,-2.97103,-6.6846004,-4.4207896
343,3.2722376,4.2642488,-0.9414484,-1.0904104,-3.8215456,-4.0867996,-2.9265076,-6.6668752,-4.393438
344,3.3137756,4.2918764,-0.9139648,-1.0382788,-3.8135404,-4.0767556,-2.8819864,-6.6491512,-4.3660864
345,3.3553124,4.319504,-0.8864812,-0.986146,-3.8047576,-4.0667116,-2.8374652,-6.631426,-4.3368772
346,3.3968504,4.3467176,-0.8589976,-0.931114,-3.7918456,-4.0565512,-2.7925408,-6.6137008,-4.3055752
347,3.4382348,4.373144,-0.8301016,-0.8705728,-3.7789324,-4.0459636,-2.7461188,-6.5937124,-4.2742732
348,3.4794524,4.3995704,-0.8010328,-0.8100328,-3.7660192,-4.035376,-2.6996968,-6.57286,-4.24297
349,3.52067,4.4259968,-0.771964,-0.7494916,-3.753106,-4.0247896,-2.653276,-6.5520076,-4.2096076
350,3.5618888,4.4524232,-0.7428952,-0.6889516,-3.7375504,-4.014202,-2.606854,-6.531154,-4.174354
351,3.604034,4.4787656,-0.7129936,-0.62572,-3.7194724,-4.002754,-2.5587124,-6.5099584,-4.1391016
352,3.6465296,4.5049508,-0.6815464,-0.5574916,-3.7013944,-3.9910816,-2.5101184,-6.486238,-4.1038492
353,3.6890264,4.5311372,-0.650098,-0.4892632,-3.6833164,-3.979408,-2.4615256,-6.4625176,-4.0661572
354,3.731522,4.5573236,-0.6186508,-0.421036,-3.6652384,-3.9677344,-2.4129316,-6.4387972,-4.0266496
355,3.7764968,4.58351,-0.5872036,-0.3528076,-3.6422452,-3.9557584,-2.3637328,-6.415078,-3.987142
356,3.8215496,4.6097816,-0.552976,-0.282532,-3.6184852,-3.9432712,-2.3135116,-6.3900124,-3.9476344
357,3.8666024,4.636208,-0.5180932,-0.2085376,-3.5947252,-3.9307828,-2.2632892,-6.3636856,-3.9056596
358,3.9122024,4.6626344,-0.4832104,-0.1345444,-3.5709652,-3.9182956,-2.2130668,-6.3373588,-3.8622016
359,3.95981,4.6890608,-0.4483276,-0.06055,-3.5460208,-3.9058084,-2.1628444,-6.311032,-3.8187436
360,4.0074188,4.7154872,-0.4123816,0.0134444,-3.5168368,-3.8920288,-2.1102976,-6.2847052,-3.7752856
361,4.0550276,4.7419136,-0.3735352,0.0887348,-3.487654,-3.8781832,-2.057632,-6.256,-3.7293616
362,4.1036612,4.76834,-0.3346888,0.1663328,-3.4584712,-3.8643388,-2.0049664,-6.2270668,-3.6822568
363,4.1535068,4.7947664,-0.2958412,0.2439308,-3.4292872,-3.8504932,-1.952302,-6.1981336,-3.635152
364,4.2033512,4.8211928,-0.2569948,0.3215276,-3.3972976,-3.8360716,-1.897906,-6.1692004,-3.5880472
365,4.2531968,4.8476192,-0.2141116,0.3991256,-3.3632068,-3.8211412,-1.8419836,-6.1393816,-3.5391736
366,4.3041644,4.8737828,-0.1697152,0.477074,-3.3291172,-3.8062108,-1.78606,-6.1075804,-3.4896376
367,4.3556072,4.899488,-0.1253188,0.555632,-3.2950276,-3.7912792,-1.7301364,-6.0757804,-3.4401004
368,4.40705,4.9251944,-0.0809224,0.6341912,-3.2609368,-3.7761376,-1.6736428,-6.0439792,-3.3905644
369,4.4584928,4.9508996,-0.03559,0.7127492,-3.2232616,-3.7593064,-1.6125616,-6.0121792,-3.3393712
370,4.510238,4.976606,0.0138272,0.7913084,-3.1852972,-3.7424752,-1.5514816,-5.9787244,-3.2877076
371,4.562,5.0020448,0.0632444,0.8696,-3.1473328,-3.725644,-1.4904004,-5.9445772,-3.236044
372,4.613762,5.02703,0.1126616,0.947438,-3.1093696,-3.7088128,-1.4293192,-5.9104312,-3.1843804
373,4.6654628,5.052014,0.1620788,1.025276,-3.0707572,-3.6904828,-1.3643032,-5.8762852,-3.1317076
374,4.7169056,5.0769992,0.2149076,1.103114,-3.0304684,-3.6714796,-1.2975208,-5.8419004,-3.0788284
375,4.7683484,5.1019844,0.2696108,1.1809508,-2.9901796,-3.6524764,-1.2307384,-5.8054084,-3.0259492
376,4.8197912,5.1264284,0.324314,1.2577076,-2.949892,-3.6334744,-1.1639572,-5.7689152,-2.97307
377,4.8710948,5.1499724,0.379016,1.3326632,-2.9096032,-3.6136648,-1.0954168,-5.7324232,-2.918584
378,4.9222172,5.1735164,0.434078,1.4076176,-2.8683352,-3.591676,-1.0221184,-5.69593,-2.8638808
379,4.9733408,5.1970592,0.4922168,1.4825732,-2.8264972,-3.569686,-0.9488212,-5.6577508,-2.8091788
380,5.0244632,5.2206032,0.5503544,1.5575276,-2.7846592,-3.5476972,-0.875524,-5.61787,-2.7544756
381,5.0744996,5.24369,0.608492,1.631114,-2.7428212,-3.5257084,-0.8022268,-5.5779892,-2.6972212
382,5.1240248,5.2660328,0.6666308,1.7024648,-2.7009832,-3.5004904,-0.7240864,-5.5381084,-2.6397832
383,5.1735512,5.2883744,0.7256624,1.7738168,-2.6578732,-3.4747,-0.645088,-5.4982276,-2.5823464
384,5.2230764,5.3107172,0.7853864,1.8451676,-2.614744,-3.4489108,-0.5660896,-5.4553168,-2.5249084
385,5.2711244,5.33306,0.8451104,1.9165184,-2.5716148,-3.4231204,-0.4870924,-5.4120472,-2.46418
386,5.3190524,5.3554016,0.9048332,1.9865756,-2.5284856,-3.3956992,-0.4062292,-5.3687776,-2.4033988
387,5.3669804,5.3777444,0.9645632,2.0545628,-2.485006,-3.3661096,-0.322888,-5.325508,-2.3426188
388,5.4145832,5.400086,1.0245512,2.1225512,-2.4408436,-3.3365188,-0.2395456,-5.2811032,-2.2816864
389,5.4605948,5.4224288,1.0845392,2.1905396,-2.3966812,-3.306928,-0.1562044,-5.2339228,-2.2166512
390,5.5066052,5.4447716,1.1445272,2.2585268,-2.3525188,-3.2772952,-0.0728452,-5.1867436,-2.151616
391,5.5526168,5.4674888,1.2045152,2.32511,-2.3083564,-3.242818,0.0123968,-5.1395644,-2.0865796
392,5.597966,5.4907916,1.2638672,2.3894948,-2.2633,-3.2083408,0.0976388,-5.092384,-2.0211484
393,5.6423792,5.5140944,1.3225328,2.4538784,-2.2178464,-3.1738648,0.1828808,-5.0419828,-1.9515544
394,5.6867924,5.5373984,1.3811996,2.5182632,-2.1723928,-3.1393876,0.2681228,-4.9901116,-1.8819604
395,5.7312056,5.5607012,1.4398664,2.582648,-2.1269392,-3.1018756,0.3530456,-4.9382404,-1.8123664
396,5.7741476,5.585144,1.4985332,2.6456084,-2.0814376,-3.0622408,0.437744,-4.8863692,-1.7420152
397,5.816324,5.6113292,1.5547136,2.7063896,-2.0349508,-3.022606,0.5224436,-4.8341512,-1.6669516
398,5.8585004,5.6375156,1.610738,2.7671696,-1.9884652,-2.98297,0.607142,-4.7781088,-1.5918868
399,5.900678,5.663702,1.6667612,2.8279508,-1.9419784,-2.9424688,0.6914768,-4.7220676,-1.5168232
400,5.9414132,5.6898884,1.7227856,2.888732,-1.8954916,-2.8976752,0.7740032,-4.6660252,-1.4410672
401,5.9819912,5.717708,1.7775416,2.9481668,-1.8484888,-2.8528828,0.8565308,-4.6099828,-1.3623556
402,6.0225704,5.747978,1.8303944,3.0055844,-1.8007108,-2.8080904,0.9390584,-4.5520672,-1.283644
403,6.0630092,5.7782492,1.8832472,3.063002,-1.7529328,-2.7632968,1.021586,-4.4921152,-1.2049336
404,6.1026296,5.8085192,1.9361,3.1204196,-1.705156,-2.7148504,1.1012708,-4.4321632,-1.12549
405,6.14225,5.8387892,1.9889528,3.1778372,-1.657378,-2.6651716,1.179998,-4.3722112,-1.0437388
406,6.1818704,5.8710056,2.0388536,3.234086,-1.608238,-2.6154916,1.258724,-4.3122592,-0.9619888
407,6.2211164,5.9060804,2.088272,3.2886212,-1.5586528,-2.5658128,1.3374512,-4.250254,-0.8802388
408,6.259778,5.9411552,2.1376892,3.3431552,-1.5090664,-2.5147996,1.414844,-4.187956,-0.7982224
409,6.2984396,5.9762312,2.1871064,3.3976904,-1.4594812,-2.4610492,1.4894996,-4.125658,-0.7155604
410,6.3371012,6.011306,2.2359356,3.4522244,-1.4097292,-2.4072976,1.564154,-4.06336,-0.6328984
411,6.37556,6.0484496,2.2835024,3.5057744,-1.3585948,-2.353546,1.6388084,-4.0007788,-0.5502364
412,6.4139024,6.0885692,2.3310704,3.557906,-1.3074592,-2.2997944,1.7134628,-3.937438,-0.4678888
413,6.4522448,6.12869,2.3786384,3.6100388,-1.2563248,-2.2435804,1.7846708,-3.8740972,-0.3861376
414,6.4905872,6.1688096,2.4262052,3.6621704,-1.2051892,-2.1871144,1.8555248,-3.8107564,-0.3043876
415,6.5286488,6.2089292,2.4731564,3.7143032,-1.1531032,-2.1306484,1.9263788,-3.7474168,-0.2226376
416,6.566672,6.250844,2.5199312,3.7658372,-1.0999012,-2.0741824,1.9972328,-3.684598,-0.1416088
417,6.604694,6.2952884,2.566706,3.8165276,-1.0467004,-2.0169232,2.0665004,-3.6220396,-0.0616816
418,6.642836,6.3397328,2.6134808,3.867218,-0.9934996,-1.9588288,2.1340976,-3.5594812,0.0182456
419,6.681818,6.3841772,2.6603804,3.9179084,-0.9402976,-1.9007344,2.2016936,-3.4969228,0.0981716
420,6.7207988,6.4286228,2.7076844,3.9685988,-0.8860456,-1.8426388,2.2692896,-3.4345156,0.1767416
421,6.7597796,6.4744796,2.7549872,4.018886,-0.8315536,-1.7845264,2.3367428,-3.3743032,0.2536292
422,6.7991144,6.5222876,2.8022912,4.0686164,-0.7770604,-1.7261596,2.4021668,-3.3140896,0.3305168
423,6.8390552,6.5700944,2.849594,4.1183456,-0.7225684,-1.6677928,2.467592,-3.2538772,0.4074044
424,6.8789948,6.6179024,2.8979996,4.168076,-0.6679024,-1.6094272,2.533016,-3.1936648,0.4824752
425,6.9189344,6.6657104,2.9468888,4.2178052,-0.6123772,-1.5510604,2.5984412,-3.1346536,0.555716
426,6.9600488,6.7147436,2.995778,4.2674336,-0.556852,-1.4930452,2.6631644,-3.0770476,0.6289568
427,7.001906,6.765434,3.0446672,4.3169228,-0.5013256,-1.435222,2.7275024,-3.0194416,0.7021976
428,7.0437632,6.8161244,3.0936776,4.366412,-0.4458004,-1.3773976,2.7918416,-2.9618356,0.7734356
429,7.0856204,6.866816,3.14336,4.4159012,-0.3901408,-1.3195744,2.8561796,-2.9042296,0.8430296
430,7.129394,6.9175064,3.1930412,4.4653904,-0.3343564,-1.261996,2.9207024,-2.8486348,0.9126236
431,7.173488,6.9688172,3.2427236,4.5150872,-0.2785732,-1.2052588,2.9858564,-2.7933736,0.9822176
432,7.217582,7.0209488,3.2924048,4.5650576,-0.2227888,-1.1485216,3.0510092,-2.7381136,1.0498028
433,7.2618704,7.0730816,3.3427352,4.6150268,-0.1670056,-1.0917832,3.116162,-2.6828536,1.1160536
434,7.3078808,7.1252132,3.3934736,4.6649972,-0.111448,-1.035046,3.1813148,-2.6277256,1.1823056
435,7.3538924,7.1773448,3.4442132,4.7149664,-0.0559216,-0.9791836,3.2479988,-2.5729876,1.2485564
436,7.3999028,7.2293732,3.4949516,4.7651456,-0.0003964,-0.9235312,3.3150524,-2.5182484,1.313618
437,7.4470184,7.2812648,3.54569,4.815596,0.0551288,-0.86788,3.382106,-2.4635104,1.378046
438,7.4962244,7.3331564,3.5964284,4.8660464,0.1106552,-0.8122288,3.4491596,-2.4087712,1.4424728
439,7.5454304,7.3850492,3.647168,4.9164968,0.1661804,-0.7573084,3.5172572,-2.3533552,1.5069008
440,7.5946364,7.4369408,3.6979064,4.9669472,0.2217056,-0.7035568,3.5870264,-2.2975732,1.5706868
441,7.6455404,7.4883044,3.7486448,5.01761,0.2772308,-0.6498052,3.6567944,-2.2417924,1.6342028
442,7.6976216,7.5389948,3.798962,5.0685404,0.3327572,-0.5960536,3.7265624,-2.1860104,1.6977188
443,7.7497028,7.5896852,3.8489084,5.119472,0.3878324,-0.5423032,3.7963304,-2.1301456,1.7612348
444,7.8017852,7.6403756,3.8988536,5.1704024,0.4425824,-0.4893364,3.8695028,-2.0725396,1.8252092
445,7.8568004,7.6910672,3.9488,5.2213328,0.4973336,-0.4363996,3.9428,-2.0149336,1.8893336
446,7.9123964,7.7406884,3.9987464,5.2720508,0.5520836,-0.3834628,4.0160972,-1.9573276,1.9534568
447,7.9679924,7.7889764,4.0471208,5.3225012,0.6068348,-0.330526,4.0893944,-1.8997216,2.0175812
448,8.0238164,7.8372644,4.0954808,5.3729516,0.6608612,-0.2781796,4.1646128,-1.8411928,2.0831744
449,8.0822888,7.8855536,4.143842,5.423402,0.7148372,-0.2263288,4.2414392,-1.7815012,2.1491216
450,8.14076,7.9338416,4.192202,5.4738524,0.7688132,-0.174478,4.3182656,-1.7218108,2.2150688
451,8.1992324,7.9807244,4.239254,5.5237616,0.8227892,-0.1226272,4.395092,-1.6621192,2.281016
452,8.2584272,8.02589,4.2847076,5.573012,0.8763188,-0.0706756,4.4721872,-1.6024276,2.3500916
453,8.3191364,8.0710544,4.3301612,5.6222612,0.9287444,-0.01801,4.5511856,-1.5420808,2.4196856
454,8.3798456,8.11622,4.3756148,5.6715104,0.9811712,0.0346556,4.630184,-1.4816068,2.4892796
455,8.4405536,8.1613844,4.4210684,5.7207596,1.033598,0.0873212,4.7091824,-1.421134,2.5588736
456,8.5019876,8.2049108,4.4645996,5.7693524,1.0860236,0.1399868,4.7881796,-1.3606612,2.6339924
457,8.5639748,8.2464716,4.5079388,5.8171604,1.1377868,0.1934168,4.867178,-1.3003096,2.7096644
458,8.625962,8.2880336,4.551278,5.8649684,1.1891804,0.2471672,4.9461764,-1.2403576,2.7853364
459,8.687948,8.3295956,4.5946172,5.9127764,1.240574,0.3009188,5.0251748,-1.1804056,2.8610096
460,8.7504536,8.3711564,4.637276,5.9605832,1.2919676,0.3546704,5.1041732,-1.1204536,2.9442704
461,8.8130804,8.4107288,4.6787648,6.0073964,1.3433612,0.4088828,5.182556,-1.0605016,3.0278444
462,8.875706,8.447966,4.7202548,6.0530432,1.3932116,0.4642628,5.2593824,-1.0013728,3.1114172
463,8.9383136,8.4852032,4.7617436,6.0986888,1.443056,0.5196428,5.3362088,-0.942724,3.1951064
464,9.00062,8.5224404,4.8032336,6.1443344,1.4928992,0.575024,5.4130352,-0.8840752,3.2884052
465,9.0629264,8.5596776,4.8438488,6.18998,1.5427436,0.630404,5.4898616,-0.8254276,3.3817028
466,9.1252328,8.5950164,4.8842816,6.2342852,1.5923168,0.6869552,5.5620032,-0.7668148,3.4750016
467,9.18725,8.6281688,4.9247132,6.2770472,1.641386,0.7436924,5.6334008,-0.7094692,3.5689724
468,9.2485976,8.6613224,4.965146,6.3198104,1.6904552,0.8004296,5.7047972,-0.6521236,3.672908
469,9.3099464,8.694476,5.0056544,6.3625724,1.7395244,0.857168,5.7761948,-0.594778,3.7768436
470,9.371294,8.7276284,5.0463512,6.4053356,1.7885936,0.9142652,5.8444688,-0.5374336,3.880778
471,9.4315964,8.7587492,5.087048,6.4462916,1.837118,0.9718172,5.9088068,-0.4803088,3.9857936
472,9.4910276,8.787578,5.1277436,6.4852112,1.8854132,1.0293692,5.973146,-0.4234852,4.0991492
473,9.5504576,8.8164068,5.1684404,6.5241296,1.9337072,1.0869212,6.0374852,-0.3666604,4.212506
474,9.6098888,8.8452356,5.2097288,6.5630492,1.9820012,1.1444672,6.1016612,-0.3098368,4.3258616
475,9.6670484,8.8740644,5.2512176,6.6019676,2.0302808,1.201748,6.1586708,-0.2530132,4.4404796
476,9.7236032,8.90084,5.2927076,6.6388328,2.0783168,1.2590288,6.2156792,-0.194692,4.5614336
477,9.780158,8.925344,5.3341964,6.6734276,2.1263528,1.3163084,6.2726888,-0.1360432,4.6823864
478,9.8365724,8.9498492,5.3760104,6.7080212,2.1743888,1.3735892,6.3296972,-0.0773944,4.8033404
479,9.888974,8.9743532,5.4190856,6.742616,2.2224248,1.4300528,6.3834392,-0.0187456,4.9252196
480,9.9413756,8.9988572,5.4621608,6.7772108,2.2705664,1.4859764,6.4350188,0.0406928,5.0504276
481,9.993776,9.021632,5.505236,6.809384,2.3188616,1.5418988,6.4865984,0.1029908,5.1756356
482,10.0449332,9.0425336,5.5483112,6.8389328,2.3671556,1.5978224,6.538178,0.1652888,5.3008448
483,10.0928612,9.063434,5.592614,6.8684828,2.4154496,1.6534496,6.5892152,0.2275868,5.4259712
484,10.1407892,9.0843356,5.6375384,6.8980328,2.4637436,1.7077436,6.6378092,0.2898848,5.5508756
485,10.1887172,9.105236,5.682464,6.9275816,2.5120388,1.7620388,6.686402,0.355538,5.67578
486,10.2344744,9.124622,5.7273884,6.9549176,2.5603328,1.8163328,6.734996,0.4233092,5.8006844
487,10.2782492,9.1424,5.772476,6.9799028,2.6086268,1.8706268,6.7835888,0.4910816,5.923838
488,10.3220228,9.160178,5.8187216,7.004888,2.6569208,1.9236812,6.832802,0.5588528,6.0432716
489,10.3657964,9.177956,5.8649684,7.0298732,2.705216,1.9763468,6.8822108,0.626678,6.1627064
490,10.406876,9.1957328,5.911214,7.0548572,2.75351,2.0290124,6.9316184,0.700184,6.28214
491,10.4471348,9.2124512,5.9574608,7.0779596,2.801804,2.081678,6.981026,0.77369,6.3979616
492,10.4873948,9.2280668,6.0040148,7.0991,2.850098,2.133974,7.031636,0.847196,6.5076704
493,10.5276176,9.2436824,6.0507896,7.1202416,2.8983932,2.1855536,7.0845728,0.9207032,6.6173804
494,10.564682,9.259298,6.0975644,7.141382,2.946566,2.2371332,7.1375096,0.996218,6.7270892
495,10.6017464,9.2749136,6.1443392,7.1625236,2.994602,2.2887128,7.1904464,1.0746764,6.8315288
496,10.6388108,9.2895788,6.1911248,7.1829512,3.042638,2.3402924,7.2433832,1.1531348,6.928778
497,10.675058,9.303272,6.2381636,7.2026516,3.090674,2.391872,7.3018172,1.2315944,7.0260272
498,10.7089268,9.3169652,6.2852024,7.2223508,3.13871,2.4434516,7.3607264,1.3100528,7.1232764
499,10.7427968,9.3306596,6.3322412,7.24205,3.1871708,2.4950312,7.4196356,1.3912292,7.2147608
500,10.7766656,9.3443528,6.37928,7.2617504,3.235724,2.5466108,7.4785448,1.4730764,7.299854
501,10.8092564,9.357326,6.426452,7.2818108,3.284276,2.5988684,7.540712,1.5549236,7.384946
502,10.8405692,9.369578,6.4737548,7.3022312,3.3328292,2.6518052,7.6061372,1.6367708,7.4700392
503,10.871882,9.3818312,6.5210588,7.3226516,3.3816092,2.704742,7.6715612,1.7188256,7.5495416
504,10.9031948,9.3940832,6.5683616,7.343072,3.4314536,2.7576788,7.7369864,1.8017156,7.623998
505,10.932368,9.4063352,6.6156644,7.3634924,3.4812968,2.8107896,7.8028868,1.8846056,7.6984544
506,10.9608044,9.4177376,6.6627152,7.3853684,3.5311412,2.8658984,7.8742832,1.9674956,7.7729108
507,10.989242,9.4283084,6.709754,7.4086712,3.5809844,2.9210072,7.9456808,2.0503856,7.8431576
508,11.0176796,9.4388792,6.7567928,7.4319752,3.6319244,2.9761148,8.0170772,2.1326564,7.9103204
509,11.0439056,9.44945,6.8038316,7.455278,3.683834,3.0312236,8.0884748,2.2145036,7.9774832
510,11.0701052,9.4600208,6.8506496,7.4785808,3.7357436,3.0881228,8.1620192,2.2963508,8.044646
511,11.096306,9.4703456,6.8971604,7.5042128,3.7876544,3.145946,8.2366736,2.378198,8.109326
512,11.1221348,9.4804364,6.9436712,7.5320804,3.839564,3.2037692,8.311328,2.4600452,8.1725384
513,11.1467372,9.490526,6.9901808,7.559948,3.8944412,3.2615924,8.3859836,2.5400852,8.2357496
514,11.1713408,9.5006168,7.0366916,7.5878168,3.9497084,3.3201296,8.4608324,2.6201084,8.298962
515,11.1959432,9.5107064,7.0825064,7.6156844,4.0049756,3.3809396,8.5363016,2.7001304,8.361554
516,11.2197836,9.5209196,7.1282252,7.6460264,4.0602428,3.4417484,8.6117708,2.7801536,8.4238544
517,11.2427888,9.5312504,7.1739428,7.6786988,4.1164904,3.5025584,8.68724,2.8591676,8.4861548
518,11.265794,9.5415812,7.2196604,7.7113712,4.1758892,3.5633684,8.7627092,2.9365832,8.5484552
519,11.2888004,9.5519108,7.2651116,7.7440448,4.2352892,3.6270668,8.836178,3.014,8.6116448
520,11.3111132,9.5622416,7.310036,7.7767172,4.294688,3.691406,8.909204,3.0914168,8.6751608
521,11.3331608,9.5731964,7.3549604,7.8117632,4.354088,3.755744,8.98223,3.1688324,8.7386768
522,11.3552072,9.5847284,7.399886,7.8490004,4.4162336,3.8200832,9.0552548,3.2446148,8.8021916
523,11.3772536,9.5962592,7.4448104,7.8862376,4.4802812,3.8858276,9.1264436,3.319946,8.8676108
524,11.3977568,9.6077912,7.489736,7.9234748,4.5443288,3.9536948,9.1948544,3.3952772,8.933558
525,11.4182072,9.619322,7.5346604,7.960712,4.6083776,4.0215632,9.2632652,3.4706084,8.9995052
526,11.4386564,9.6321152,7.579586,7.9997156,4.6724252,4.0894304,9.331676,3.5456576,9.0654524
527,11.4587684,9.6460496,7.6245104,8.0403164,4.7398868,4.1572988,9.4000868,3.6194252,9.1326668
528,11.4776204,9.6599828,7.6695704,8.080916,4.8075512,4.228352,9.4621256,3.6931916,9.2001332
529,11.4964724,9.6739172,7.715024,8.1215168,4.8752144,4.2994772,9.5240216,3.766958,9.2675996
530,11.5153232,9.6878516,7.7604764,8.1621176,4.9428776,4.3706036,9.5859176,3.8407256,9.3350672
531,11.5337396,9.703568,7.80593,8.2033544,5.01131,4.4417288,9.6478124,3.914192,9.4030712
532,11.5516328,9.7208648,7.8513836,8.2451564,5.0815568,4.5143672,9.7050164,3.9874376,9.471146
533,11.569526,9.7381616,7.897592,8.2869584,5.1518036,4.588208,9.7584956,4.0606832,9.5392208
534,11.5874192,9.7554596,7.9441016,8.3287604,5.2220492,4.6620476,9.811976,4.1339288,9.6072944
535,11.6055356,9.7727564,7.9906124,8.3705624,5.292296,4.7358884,9.8654564,4.2071744,9.6750848
536,11.623748,9.7917248,8.0371232,8.4124928,5.3633828,4.8099896,9.9177068,4.2796604,9.7428548
537,11.6419604,9.8121452,8.0836796,8.4545348,5.4349196,4.88573,9.962228,4.3521236,9.810626
538,11.6601728,9.8325656,8.1304544,8.4965768,5.5064576,4.9614704,10.0067492,4.4245868,9.878396
539,11.6795912,9.852986,8.1772292,8.5386188,5.5779956,5.0372108,10.0512704,4.4970512,9.944666
540,11.6990828,9.8734064,8.224004,8.5806608,5.6495348,5.1129512,10.0957916,4.5691304,10.0109168
541,11.7185732,9.895514,8.2707788,8.6220536,5.7215888,5.1902492,10.1338916,4.6405508,10.0771676
542,11.7385436,9.9190568,8.317052,8.6628944,5.7936428,5.2681604,10.1694548,4.7119724,10.1433104
543,11.7605912,9.9426008,8.3630348,8.7037352,5.8656968,5.3460728,10.205018,4.7833928,10.2068264
544,11.7826376,9.9661436,8.4090164,8.744576,5.9377508,5.4239852,10.24058,4.8548144,10.2703424
545,11.8046852,9.9896876,8.454998,8.785418,6.009806,5.5023812,10.2737288,4.925438,10.3338584
546,11.8279748,10.01441,8.5008356,8.8254728,6.08186,5.581922,10.3011476,4.9958168,10.3970432
547,11.8528976,10.0401152,8.545232,8.8648724,6.153914,5.6614628,10.3285652,5.0661944,10.4569112
548,11.8778204,10.0658216,8.5896284,8.904272,6.225968,5.7410048,10.355984,5.1365732,10.5167804
549,11.902742,10.0915268,8.6340248,8.9436704,6.298022,5.8205456,10.3834028,5.2066988,10.5766496
550,11.928746,10.117232,8.6784212,8.98307,6.3693404,5.9019896,10.4044004,5.275514,10.6359572
551,11.955266,10.1435984,8.7212192,9.0223376,6.4403612,5.9837024,10.4244884,5.344328,10.6918748
552,11.981786,10.170506,8.7627092,9.0614972,6.511382,6.0654152,10.4445776,5.413142,10.7477936
553,12.008306,10.1974124,8.804198,9.1006556,6.582404,6.147128,10.4646668,5.4819572,10.8037112
554,12.0354152,10.22432,8.845688,9.1398152,6.6533408,6.22946,10.4822816,5.5494632,10.8588644
555,12.0625736,10.2512264,8.8871504,9.1789736,6.7230704,6.31253,10.4969408,5.6159312,10.9108328
556,12.0897332,10.2782672,8.9257328,9.2185328,6.7928,6.3956,10.5116,5.6824004,10.9628
557,12.11684,10.3054136,8.9643164,9.2584136,6.8625296,6.47867,10.5262592,5.7488684,11.0147672
558,12.1436792,10.3325612,9.0028988,9.2982932,6.9322592,6.5617208,10.5407744,5.8153364,11.065916
559,12.1705184,10.3597076,9.0414812,9.3381728,7.0010168,6.6442484,10.551362,5.8788212,11.11454
560,12.1973588,10.3868552,9.0784556,9.3780524,7.068422,6.726776,10.5619496,5.942162,11.1631652
561,12.2234132,10.4138684,9.1136024,9.4187396,7.1358272,6.8093036,10.5725372,6.0055028,11.2117892
562,12.2483348,10.4407748,9.1487492,9.4600616,7.2032324,6.8918312,10.5831248,6.0688436,11.2596032
563,12.2732576,10.4676812,9.1838972,9.5013824,7.2706376,6.9728552,10.5927104,6.13118,11.3054936
564,12.2981804,10.4945888,9.219044,9.5427044,7.33565,7.0529396,10.6016684,6.1916528,11.3513828
565,12.3216392,10.5214952,9.2512508,9.5840252,7.3999568,7.133024,10.6106276,6.2521256,11.397272
566,12.3443252,10.5479948,9.283226,9.6265676,7.4642636,7.2131072,10.6195856,6.3125996,11.442104
567,12.3670112,10.5741812,9.3152024,9.670052,7.5285692,7.2921872,10.6285964,6.3730724,11.4849548
568,12.3896972,10.6003676,9.3471788,9.7135352,7.5924212,7.367114,10.6378268,6.4316,11.5278056
569,12.410948,10.626554,9.3781328,9.7570184,7.6531124,7.4420396,10.6470572,6.4894664,11.5706564
570,12.4320356,10.6527404,9.4074668,9.8005016,7.7138036,7.5169652,10.6562876,6.5473328,11.6119292
571,12.4531244,10.6783784,9.4367996,9.84467,7.7744936,7.591892,10.6655168,6.6052004,11.6508284
572,12.4740296,10.7036036,9.4661336,9.8893544,7.8351848,7.6615628,10.6762184,6.6628064,11.6897288
573,12.4938404,10.7288288,9.4954664,9.93404,7.8941432,7.7297024,10.6873484,6.7188476,11.728628
574,12.51365,10.754054,9.5236832,9.9787244,7.9512176,7.797842,10.6984796,6.77489,11.7656108
575,12.5334608,10.7792792,9.5516948,10.0234088,8.0082932,7.8659804,10.7096096,6.8309324,11.800256
576,12.5531468,10.8043664,9.5797064,10.0683704,8.0653676,7.9313336,10.7216048,6.8869736,11.8349012
577,12.5726384,10.8293516,9.6077192,10.1135348,8.1224432,7.9916,10.735178,6.9424544,11.8695464
578,12.5921288,10.8543368,9.6356504,10.1587004,8.1769376,8.0518664,10.7487524,6.997454,11.9015972
579,12.6116192,10.8793208,9.663398,10.203866,8.2309136,8.1121328,10.7623256,7.0524524,11.9310764
580,12.6317156,10.904306,9.6911456,10.2490304,8.2848896,8.1724004,10.7758988,7.107452,11.9605544
581,12.6521648,10.9284548,9.7188932,10.293638,8.3388656,8.2258232,10.7917532,7.1624516,11.9900336
582,12.672614,10.9519988,9.746642,10.3378424,8.3921696,8.27876,10.8077708,7.2176948,12.0169892
583,12.6930632,10.9755428,9.7747928,10.3820468,8.44253,8.3316968,10.8237872,7.2729548,12.0419096
584,12.714632,10.9990856,9.8030696,10.4262512,8.4928904,8.3846348,10.8398048,7.3282148,12.06683
585,12.7363592,11.0226296,9.8313452,10.4704556,8.5432508,8.4336692,10.8567968,7.3834748,12.0917504
586,12.7580864,11.0451896,9.859622,10.513394,8.5936112,8.4790052,10.874714,7.438994,12.1140968
587,12.779852,11.0670512,9.888074,10.5554372,8.6422988,8.5243412,10.8926312,7.4950364,12.1347632
588,12.8018996,11.0889128,9.917144,10.5974792,8.6895608,8.5696772,10.9105472,7.5510788,12.1554284
589,12.823946,11.1107744,9.9462128,10.6395212,8.7368216,8.6144324,10.9284896,7.6071212,12.1760936
590,12.8459924,11.1326372,9.9752816,10.6815632,8.7840824,8.6535248,10.9466792,7.6631624,12.1949648
591,12.8679236,11.1532232,10.0043504,10.721762,8.8313444,8.692616,10.9648676,7.7199644,12.2128952
592,12.8896508,11.1729224,10.0343204,10.7606816,8.8749152,8.7317084,10.983056,7.7770484,12.2308256
593,12.911378,11.1926228,10.0647116,10.7996,8.9180444,8.7707996,11.0012444,7.8341336,12.248756
594,12.9331052,11.212322,10.0951016,10.8385184,8.9611736,8.8062404,11.0183372,7.8912176,12.265826
595,12.9540536,11.2320212,10.1254916,10.877438,9.0043028,8.8399028,11.0348972,7.9483352,12.2825408
596,12.9745028,11.2502924,10.1559572,10.9142132,9.0463496,8.8735652,11.0514572,8.0056808,12.2992556
597,12.994952,11.2675892,10.1868752,10.949528,9.085088,8.9072276,11.0680172,8.0630264,12.3159704
598,13.0154024,11.284886,10.2177944,10.9848428,9.1238276,8.9401364,11.0838236,8.1203708,12.3326852
599,13.03367,11.302184,10.2487136,11.0201588,9.162566,8.9708132,11.0973968,8.1777164,12.3493988
600,13.0515632,11.3194808,10.2796328,11.0554736,9.2013044,9.00149,11.11097,8.2347908,12.3661136
601,13.0694564,11.3359136,10.3111856,11.0884832,9.2375636,9.0321656,11.1245444,8.2916144,12.3828284
602,13.086974,11.3517692,10.343162,11.1199544,9.2721704,9.0628424,11.1381176,8.348438,12.4007744
603,13.1010332,11.3676248,10.3751372,11.1514256,9.3067772,9.0919376,11.14853,8.4052628,12.4190096
604,13.1150924,11.3834816,10.4071136,11.1828968,9.341384,9.1207136,11.1583028,8.4620864,12.4372436
605,13.1291504,11.3993372,10.4391056,11.2143692,9.3759908,9.1494896,11.1680756,8.5172372,12.4554776
606,13.141898,11.414612,10.4713448,11.244242,9.4066568,9.1782656,11.1778484,8.5722368,12.4739732
607,13.152122,11.4295064,10.5035852,11.2730708,9.437132,9.2068184,11.185946,8.6272364,12.492512
608,13.1623472,11.4444008,10.5358256,11.3018996,9.467606,9.2350508,11.1916472,8.682236,12.5110496
609,13.1725712,11.4592964,10.568066,11.3307284,9.49808,9.2632844,11.1973472,8.7366632,12.5295884
610,13.1807348,11.4741908,10.6004432,11.3595572,9.527762,9.2915168,11.2030484,8.7898376,12.5461832
611,13.1874452,11.4892328,10.6329476,11.3870672,9.5556536,9.3197504,11.2087496,8.8430132,12.5625944
612,13.1941544,11.5043672,10.665452,11.4137336,9.5835464,9.3471764,11.2112216,8.8961876,12.5790056
613,13.2008648,11.5195028,10.6979564,11.4404,9.611438,9.374594,11.2136648,8.949362,12.5954168
614,13.2043892,11.5346384,10.7304608,11.4670664,9.6393296,9.4020128,11.216108,9.0014276,12.6080168
615,13.2072644,11.5497728,10.7632244,11.4937328,9.6660272,9.4294316,11.2185512,9.0530384,12.6204764
616,13.2101408,11.5654988,10.7959928,11.519366,9.6921116,9.456386,11.2199096,9.1046492,12.6329372
617,13.2128,11.5815956,10.8287612,11.5443512,9.718196,9.48299,11.2204532,9.15626,12.6453392
618,13.2128,11.5976912,10.8615308,11.5693352,9.7442804,9.509594,11.2209956,9.2076212,12.654152
619,13.2128,11.6137868,10.894184,11.5943204,9.7703672,9.536198,11.2215392,9.256886,12.662966
620,13.2128,11.6298836,10.9266884,11.6193056,9.7967096,9.5626388,11.2221224,9.3061508,12.6717788
621,13.2116768,11.6471708,10.9591928,11.6430992,9.823052,9.5881568,11.2229372,9.3554168,12.6805916
622,13.208162,11.6651888,10.9916972,11.666162,9.8493944,9.613676,11.2237508,9.4046816,12.6894056
623,13.2046472,11.6832068,11.0242016,11.6892248,9.8757368,9.639194,11.2245656,9.4530296,12.6982184
624,13.2011324,11.7012248,11.0559968,11.7122888,9.9024584,9.664712,11.2253804,9.5004692,12.7070324
625,13.1959964,11.7192428,11.087708,11.7353516,9.929834,9.6886448,11.2279784,9.54791,12.7162052
626,13.1896064,11.7386132,11.1194204,11.7569132,9.9572096,9.711992,11.2312364,9.5953496,12.7280576
627,13.1832152,11.7587924,11.1511316,11.7775736,9.9845852,9.735338,11.2344932,9.6427904,12.73991
628,13.1768252,11.7789728,11.1821876,11.798234,10.0119608,9.7586852,11.2377512,9.689294,12.7517624
629,13.1686268,11.7991532,11.2120496,11.8188944,10.0411976,9.78119,11.2423544,9.7356908,12.7645436
630,13.16,11.8193336,11.2419116,11.839556,10.0711556,9.8018228,11.2499552,9.7820888,12.7818668
631,13.1513732,11.8405724,11.2717724,11.8583996,10.1011136,9.8224544,11.2575572,9.8284868,12.7991888
632,13.142696,11.8624352,11.3016344,11.8761776,10.1310716,9.843086,11.265158,9.8749604,12.816512
633,13.1331104,11.8842968,11.329562,11.8939556,10.1612216,9.8637176,11.2727588,9.9216188,12.8347088
634,13.1235248,11.9061584,11.3570456,11.9117336,10.193762,9.8809688,11.284706,9.9682772,12.8559824
635,13.1139392,11.92802,11.384528,11.9295116,10.2263024,9.8978012,11.2971944,10.0149356,12.8772548
636,13.1044484,11.9506448,11.4120116,11.9462216,10.2588428,9.9146324,11.3096816,10.061594,12.8985284
637,13.095182,11.9737076,11.4387032,11.9623172,10.2913832,9.9314636,11.3221688,10.1098736,12.9199676
638,13.0859156,11.9967716,11.4632792,11.9784128,10.3246976,9.946766,11.3366948,10.158878,12.9418484
639,13.0766504,12.0198344,11.4878564,11.9945096,10.3590464,9.9603404,11.353526,10.2078824,12.9637292
640,13.0682492,12.0428972,11.5124324,12.0106052,10.393394,9.9739136,11.3703572,10.2568868,12.9856112
641,13.06058,12.0662684,11.5370096,12.0257792,10.4277428,9.9874868,11.3871884,10.3062104,13.0067036
642,13.052912,12.0898112,11.5600388,12.0404336,10.4620916,10.000928,11.4041384,10.358864,13.0261532
643,13.0452428,12.1133552,11.5825004,12.055088,10.4964392,10.0117868,11.4234128,10.4115176,13.045604
644,13.0390808,12.136898,11.6049632,12.0697424,10.530788,10.0226468,11.4426872,10.46417,13.0650536
645,13.0333292,12.160442,11.627426,12.084398,10.5651368,10.0335056,11.4619616,10.5168236,13.0824488
646,13.0275788,12.1838312,11.6495348,12.0987428,10.5994844,10.0443644,11.481236,10.5712436,13.0964288
647,13.0218848,12.207134,11.6701472,12.112916,10.6335896,10.0547108,11.5006808,10.6275464,13.1104088
648,13.0180508,12.2304368,11.6907608,12.1270904,10.66613,10.064756,11.5202276,10.6838492,13.1243876
649,13.0142168,12.2537408,11.7113732,12.1412648,10.6986704,10.0748,11.5397732,10.7401508,13.1356436
650,13.0103816,12.2770436,11.7319856,12.1554392,10.7312108,10.084844,11.5593188,10.7964536,13.1432408
651,13.007162,12.3001904,11.7515672,12.1699256,10.7637512,10.0950584,11.5786952,10.8541328,13.150838
652,13.0055636,12.3232544,11.7705944,12.18458,10.7944004,10.1059172,11.5974272,10.9120004,13.1584364
653,13.0039664,12.3463172,11.7896216,12.1992344,10.8230672,10.116776,11.616158,10.9698668,13.1629808
654,13.0023692,12.36938,11.8086488,12.21389,10.8517328,10.1276348,11.63489,11.0277332,13.1641964
655,13.0011032,12.3924428,11.827532,12.2285444,10.8803996,10.1384936,11.653622,11.0848796,13.1654132
656,13.0001444,12.4147196,11.8452368,12.2430416,10.9090664,10.1514908,11.6706428,11.1401396,13.1666288
657,12.9991856,12.4365812,11.8629428,12.257456,10.9340372,10.165064,11.6872028,11.1953996,13.1655908
658,12.9982268,12.4584428,11.8806488,12.2718704,10.9583132,10.1786384,11.7037616,11.2506596,13.1625512
659,12.9970244,12.4803056,11.8983548,12.2862848,10.9825892,10.1922116,11.7203216,11.3059196,13.1595128
660,12.9957464,12.5021672,11.9156096,12.3006992,11.0068664,10.206782,11.735984,11.3573216,13.1564732
661,12.9944684,12.5227604,11.9325224,12.3151136,11.0302844,10.2230708,11.7501008,11.4068468,13.1523752
662,12.9931856,12.5427008,11.9494352,12.329528,11.0501708,10.2393584,11.7642176,11.456372,13.1475128
663,12.991268,12.56264,11.966348,12.3439424,11.070056,10.2556472,11.7783344,11.5058984,13.1426504
664,12.9893516,12.5825804,11.9832392,12.3583568,11.0899424,10.2719348,11.79245,11.5548104,13.1377868
665,12.987434,12.6025196,11.99936,12.3727712,11.1098288,10.2895088,11.804768,11.5954736,13.1335016
666,12.9851144,12.6200636,12.0154796,12.3867068,11.1277292,10.3071548,11.816984,11.6361368,13.1295512
667,12.9815996,12.6364004,12.0316004,12.4004,11.144,10.3247996,11.8292,11.6768,13.1255996
668,12.9780848,12.652736,12.04772,12.4140932,11.1602708,10.3424456,11.841416,11.7174632,13.1216492
669,12.97457,12.6690728,12.0631976,12.4277876,11.1765404,10.3595192,11.8527752,11.7533948,13.1193608
670,12.9704216,12.6854096,12.077996,12.4414808,11.1928112,10.3760792,11.8633616,11.7838916,13.1178416
671,12.9656288,12.6990092,12.0927956,12.45437,11.2062848,10.3926392,11.8739492,11.8143896,13.1163224
672,12.960836,12.7112612,12.107594,12.466862,11.219456,10.4091992,11.8845368,11.8448864,13.114802
673,12.9560432,12.7235132,12.1223924,12.4793552,11.2326272,10.4253836,11.895038,11.8753832,13.1159636
674,12.9500672,12.7357652,12.1359428,12.4918472,11.2457984,10.4384144,11.9048108,11.8966712,13.1180912
675,12.9436772,12.7480184,12.14942,12.5043404,11.2583744,10.4514452,11.9145836,11.916482,13.1202188
676,12.937286,12.7571888,12.1628972,12.5155352,11.2692212,10.464476,11.9243564,11.9362916,13.1223464
677,12.930896,12.7648772,12.1763744,12.526106,11.280068,10.4775068,11.9341292,11.9561024,13.1271032
678,12.9232472,12.7725644,12.1888904,12.5366768,11.2909148,10.4866268,11.943344,11.973692,13.1325728
679,12.915578,12.7802528,12.1999892,12.5472464,11.3017616,10.4939564,11.9523032,11.9849012,13.1380436
680,12.90791,12.78794,12.211088,12.5578172,11.3118224,10.501286,11.9612612,11.9961092,13.1435132
681,12.8997284,12.7931768,12.2221868,12.5665904,11.321378,10.5086168,11.9702204,12.0073172,13.150766
682,12.8898236,12.7972616,12.2332868,12.5745188,11.3309336,10.514144,11.9790344,12.0185264,13.1583644
683,12.8799188,12.8013452,12.2421032,12.5824472,11.3404892,10.5146876,11.98745,12.0256412,13.1659616
684,12.8700128,12.80543,12.2505596,12.5903744,11.3500448,10.51523,11.9958656,12.0305936,13.1735588
685,12.8582924,12.8095136,12.259016,12.5983028,11.3591024,10.5157724,12.0042812,12.035546,13.1816972
686,12.8445524,12.8116232,12.2674724,12.6044204,11.368142,10.516316,12.0126968,12.0404984,13.1899028
687,12.8308136,12.8128244,12.2749052,12.6097052,11.3771804,10.5108932,12.0201944,12.0452528,13.1981084
688,12.8170736,12.8140256,12.2801912,12.6149912,11.38622,10.5043784,12.027524,12.0462956,13.206314
689,12.7994348,12.8152268,12.285476,12.620276,11.3951768,10.4978636,12.0348536,12.0473384,13.2139472
690,12.7802636,12.816428,12.290762,12.625562,11.4039584,10.4913476,12.0421832,12.0483812,13.2215444
691,12.7610924,12.8164688,12.2960468,12.629024,11.4127388,10.482296,12.0488216,12.049424,13.2291428
692,12.7419212,12.8159876,12.2994728,12.6316664,11.4215192,10.4698076,12.0545228,12.0497672,13.23674
693,12.7169072,12.8155076,12.3023792,12.6343088,11.4303008,10.4573204,12.060224,12.0492452,13.2422276
694,12.6916652,12.8150276,12.3052868,12.6369512,11.4390812,10.444832,12.065924,12.0487244,13.2476972
695,12.6664232,12.8145464,12.3081932,12.6395936,11.4478616,10.4323304,12.0716144,12.0482036,13.253168
696,12.639992,12.813398,12.3105908,12.6402332,11.4566432,10.4165852,12.0748724,12.0476816,13.2585584
697,12.6089984,12.8119568,12.311384,12.6399932,11.4654236,10.40084,12.0781292,12.0467204,13.2622052
698,12.5780048,12.8105156,12.312176,12.639752,11.474192,10.3850948,12.0813872,12.0456776,13.265852
699,12.5470112,12.8090744,12.3129692,12.639512,11.4824564,10.3693484,12.0846452,12.044636,13.2694988
700,12.5138564,12.807632,12.3137624,12.639272,11.4907208,10.353128,12.0856832,12.0435932,13.272944
701,12.47807,12.8056868,12.3136304,12.6373496,11.4989852,10.336568,12.0851396,12.0428,13.2744632
702,12.4422836,12.8035244,12.3131012,12.6347072,11.5072496,10.320008,12.0845972,12.0428,13.2759836
703,12.4064972,12.801362,12.3125732,12.6320648,11.515124,10.3034492,12.0840536,12.0428,13.2775028
704,12.3689336,12.7991996,12.312044,12.6294224,11.5223552,10.2871112,12.082844,12.0428,13.2788888
705,12.3305912,12.7970384,12.311348,12.62678,11.5295864,10.2719084,12.07823,12.0428,13.2794972
706,12.2922488,12.7945364,12.3097616,12.6229508,11.5368176,10.2567068,12.0736148,12.0447896,13.2801044
707,12.2539064,12.791894,12.3081764,12.6186272,11.5440488,10.241504,12.0689996,12.0479168,13.2807128
708,12.2137616,12.7892516,12.3065912,12.6143024,11.550338,10.2263012,12.0643844,12.0510452,13.28114
709,12.1735028,12.7866092,12.305006,12.6099788,11.556278,10.2127136,12.05654,12.0541724,13.2808364
710,12.1332428,12.7839668,12.3027668,12.605654,11.562218,10.1996828,12.047582,12.0574184,13.2805316
711,12.0929252,12.7809824,12.3001232,12.6003068,11.5681568,10.186652,12.038624,12.064196,13.280228
712,12.052346,12.77786,12.2974808,12.5945408,11.5739456,10.1736212,12.0296648,12.0709724,13.2797732
713,12.0117668,12.7747364,12.2948384,12.5887748,11.5780784,10.1612048,12.0191276,12.07775,13.2788612
714,11.9711876,12.7716128,12.2921348,12.5830088,11.58221,10.1500748,12.0052832,12.0845276,13.2779492
715,11.9307464,12.7684904,12.2886992,12.5772428,11.5863428,10.1389436,11.9914376,12.093092,13.2770384
716,11.8904864,12.764336,12.2852636,12.5713052,11.5904744,10.1278136,11.9775932,12.1040396,13.2758528
717,11.8502276,12.7597712,12.281828,12.5652992,11.5938164,10.1166836,11.9637476,12.1149872,13.2740288
718,11.8099676,12.7552076,12.2783924,12.5592932,11.5961408,10.106288,11.9459816,12.1259348,13.272206
719,11.7703532,12.7506428,12.2743904,12.5532872,11.5984652,10.0959728,11.9277932,12.1368824,13.270382
720,11.731052,12.746078,12.2698976,12.5472812,11.6007896,10.0856564,11.9096048,12.150626,13.2679172
721,11.6917508,12.7406492,12.265406,12.541622,11.603114,10.07534,11.8914164,12.1649624,13.2642704
722,11.6524508,12.7348832,12.2609132,12.536096,11.6044172,10.0650248,11.8713944,12.1792988,13.2606236
723,11.614322,12.7291172,12.2564204,12.53057,11.6054504,10.0547084,11.8494056,12.1936352,13.2569768
724,11.5762988,12.7233512,12.2503496,12.5250452,11.6064824,10.0443932,11.8274168,12.2083172,13.2525944
725,11.5382768,12.7175852,12.2442716,12.5195192,11.6075156,10.0340768,11.8054268,12.2242172,13.2471248
726,11.5005632,12.710426,12.2381936,12.5139944,11.6083256,10.02371,11.7833036,12.2401172,13.241654
727,11.4644576,12.7027388,12.2321156,12.5084684,11.6078096,10.01258,11.7591428,12.2560184,13.2361832
728,11.428352,12.6950516,12.2250764,12.5029424,11.6072924,10.00145,11.7349808,12.2719184,13.2298844
729,11.3922464,12.6873632,12.216884,12.4974176,11.6067764,9.99032,11.71082,12.2878184,13.2225908
730,11.3570492,12.679676,12.2086916,12.4918916,11.6062592,9.9791888,11.6866592,12.3037184,13.2152972
731,11.3231792,12.6704096,12.2004992,12.4861904,11.6052284,9.9670136,11.6621504,12.3196196,13.2080036
732,11.2893104,12.66056,12.192308,12.4804256,11.6036792,9.9542552,11.637446,12.3355196,13.1999408
733,11.2554416,12.6507104,12.1821836,12.4746596,11.60213,9.9414956,11.6127428,12.3513944,13.191128
734,11.2232348,12.6408596,12.171878,12.4688936,11.6005796,9.928736,11.5880384,12.3654704,13.1823152
735,11.191922,12.63101,12.1615712,12.4631276,11.5990304,9.9156764,11.5634552,12.3795464,13.1735012
736,11.1606092,12.6192176,12.1512644,12.456656,11.5966016,9.9015608,11.5392932,12.3936212,13.163672
737,11.1292964,12.6067256,12.1402688,12.4499288,11.5940192,9.887444,11.5151324,12.4076972,13.1530352
738,11.1002708,12.5942336,12.1281128,12.4432028,11.5914368,9.8733272,11.4909716,12.4202768,13.1423984
739,11.071514,12.5817404,12.1159568,12.4364756,11.5888544,9.8592104,11.4668108,12.4307024,13.1317616
740,11.0427572,12.5692484,12.1038008,12.4297484,11.5860596,9.8448764,11.4439544,12.4411292,13.120016
741,11.0144,12.5548004,12.0916448,12.421244,11.582444,9.8304884,11.421422,12.451556,13.1075552
742,10.9885184,12.5396648,12.0781688,12.4121156,11.5788284,9.8161004,11.3988896,12.4619816,13.0950956
743,10.962638,12.5245292,12.0644276,12.402986,11.5752128,9.8017124,11.3763584,12.4690448,13.082636
744,10.9367564,12.5093948,12.0506864,12.3938576,11.5715972,9.787532,11.3546528,12.4753004,13.067768
745,10.9122236,12.4942592,12.036944,12.384728,11.5674056,9.7736864,11.3342924,12.4815572,13.0516616
746,10.8898568,12.4769768,12.0229712,12.3730928,11.5627568,9.759842,11.313932,12.4878128,13.035554
747,10.8674912,12.4589588,12.0084368,12.3606008,11.558108,9.7459964,11.2935716,12.4931168,13.0194476
748,10.8451244,12.4409408,11.9939024,12.3481076,11.5534592,9.7321508,11.2732112,12.4946816,13.0009616
749,10.8245636,12.4229228,11.979368,12.3356156,11.5488104,9.7196096,11.2546748,12.4962452,12.981512
750,10.8050732,12.4049048,11.9648336,12.3231236,11.5439264,9.7071224,11.2362152,12.4978088,12.9620624
751,10.7855816,12.3849044,11.9501012,12.307928,11.5390196,9.694634,11.2177544,12.4993724,12.9426128
752,10.7660912,12.364244,11.9353016,12.2918324,11.5341128,9.6821468,11.1992948,12.4976576,12.9208448
753,10.7496656,12.3435836,11.9205032,12.2757356,11.529206,9.6702452,11.182154,12.493748,12.8983556
754,10.73369,12.322922,11.9057048,12.25964,11.5241624,9.6588428,11.1661364,12.4898384,12.8758664
755,10.7177144,12.3022616,11.8906844,12.2435432,11.5187384,9.6474416,11.15012,12.4859276,12.8533772
756,10.7019248,12.2797868,11.8748288,12.2245448,11.5133156,9.6360392,11.1341036,12.482018,12.8298992
757,10.6875464,12.256724,11.8589732,12.2046056,11.5078916,9.624638,11.1184112,12.4726592,12.8061944
758,10.673168,12.2336612,11.8431176,12.1846652,11.5024688,9.6132356,11.1051092,12.4632752,12.7824896
759,10.6587896,12.2105984,11.8272608,12.164726,11.497364,9.6018344,11.0918072,12.4538924,12.758786
760,10.6445264,12.1875356,11.810522,12.1447856,11.4924572,9.590432,11.078504,12.4445084,12.7342916
761,10.6304672,12.1630112,11.7933452,12.1226552,11.4875504,9.5790308,11.065202,12.433286,12.709676
762,10.616408,12.138026,11.7761684,12.0998324,11.4826436,9.5661104,11.0532284,12.4192112,12.6850592
763,10.60235,12.113042,11.7589904,12.0770096,11.4777368,9.5525372,11.0418272,12.4051352,12.6604436
764,10.5880976,12.0880568,11.7414776,12.0541856,11.4730808,9.5389628,11.0304248,12.3910592,12.6358268
765,10.5737192,12.0630716,11.7216572,12.0313628,11.468432,9.5253896,11.0190236,12.3769832,12.6112112
766,10.5593408,12.0362492,11.701838,12.0078056,11.4637832,9.5110592,11.0082272,12.3598268,12.5865944
767,10.5449624,12.0088616,11.6820176,11.9840216,11.4591356,9.4947716,10.9989968,12.3418412,12.5619788
768,10.5292268,11.981474,11.6621984,11.9602376,11.4546548,9.4784828,10.9897664,12.3238556,12.5355968
769,10.51325,11.9540864,11.6405192,11.9364536,11.450522,9.462194,10.9805372,12.30587,12.5091572
770,10.4972744,11.9266988,11.6175284,11.9126708,11.4463904,9.4459064,10.9713068,12.2876444,12.4827176
771,10.4811188,11.8980164,11.5945364,11.889626,11.4422588,9.4272872,10.9630088,12.2683556,12.45623
772,10.4632256,11.8689476,11.5715456,11.8668032,11.438126,9.4082852,10.9548644,12.2490668,12.427358
773,10.4453324,11.8398788,11.5484108,11.8439804,11.4338192,9.389282,10.9467212,12.229778,12.3984872
774,10.4274392,11.81081,11.5222484,11.8211576,11.4294284,9.3702788,10.9385768,12.2104892,12.3696164
775,10.4087888,11.78174,11.496086,11.7983348,11.4250376,9.3508004,10.9305512,12.191654,12.3404864
776,10.38866,11.751368,11.4699248,11.7770024,11.420648,9.3307112,10.9226792,12.1731476,12.3079688
777,10.36853,11.720618,11.4437624,11.7561008,11.4161984,9.310622,10.914806,12.15464,12.2754512
778,10.3484,11.6898668,11.4158672,11.7352004,11.4100004,9.2905328,10.9069328,12.1361336,12.2429336
779,10.3269668,11.6591156,11.3862692,11.7142988,11.4038024,9.2704592,10.899056,12.117626,12.2099684
780,10.3046012,11.6283656,11.3566712,11.6933984,11.3976032,9.2511848,10.8909116,12.1029392,12.173804
781,10.2822344,11.5970528,11.3270744,11.6739968,11.3914052,9.2319104,10.8827672,12.0883424,12.1376396
782,10.2598676,11.5655804,11.2974764,11.6550176,11.3841104,9.212636,10.874624,12.0737456,12.1014752
783,10.2353876,11.5341092,11.265332,11.6360384,11.375072,9.1933604,10.8664796,12.0591488,12.0648872
784,10.2104648,11.502638,11.2330916,11.6170592,11.3660324,9.1750592,10.857362,12.0464,12.0262916
785,10.185542,11.4711668,11.2008512,11.59808,11.3569928,9.1574144,10.8475892,12.0367556,11.987696
786,10.1605052,11.4393176,11.168612,11.5807988,11.3479544,9.1397684,10.8378164,12.0271112,11.9491004
787,10.1339852,11.4073652,11.1354776,11.563982,11.335286,9.1221224,10.8280436,12.0174668,11.9102312
788,10.1074652,11.375414,11.1011228,11.5471652,11.3213408,9.1045724,10.8179816,12.0078224,11.8704188
789,10.0809452,11.3434616,11.0667692,11.5303484,11.3073944,9.08747,10.8065804,12.00239,11.8306076
790,10.0541228,11.3115104,11.0324144,11.5135316,11.2934492,9.0703676,10.795178,11.99822,11.7907964
791,10.026644,11.278988,10.9980596,11.4978536,11.2789736,9.0532652,10.7837768,11.9940488,11.7513212
792,9.9991652,11.2463156,10.9625408,11.482478,11.2593464,9.0361616,10.7723744,11.9898788,11.7127256
793,9.9716864,11.2136432,10.9268648,11.4671024,11.2397192,9.018854,10.7593292,11.9863136,11.67413
794,9.9442076,11.1809708,10.8911888,11.4517268,11.2200908,9.0014804,10.745756,11.9857916,11.6355344
795,9.9167288,11.1482984,10.855514,11.4363524,11.2004636,8.9841056,10.7321828,11.9852708,11.5980344
796,9.88925,11.1152432,10.819478,11.4225044,11.1782996,8.966732,10.7186096,11.98475,11.562782
797,9.8617712,11.0820896,10.7827448,11.4090512,11.1529892,8.94881,10.7042144,11.984228,11.5275296
798,9.8342936,11.0489372,10.7460116,11.395598,11.12768,8.9298068,10.6881968,11.9841464,11.492276
799,9.8068148,11.0157836,10.7092796,11.3821436,11.1023708,8.9108036,10.6721804,11.9844068,11.4584072
800,9.779336,10.9826312,10.6725464,11.3686904,11.0770616,8.8918004,10.6561628,11.9846684,11.4268016
801,9.7518884,10.9492856,10.6353908,11.3565824,11.04824,8.8727972,10.6401464,11.9849288,11.3951948
802,9.7250492,10.915892,10.5981296,11.3448104,11.01854,8.8515572,10.6206488,11.9851892,11.3635892
803,9.6982088,10.8824984,10.5608684,11.3330396,10.9888412,8.8301108,10.6008308,11.9834516,11.3336852
804,9.6713696,10.8491048,10.5236072,11.3212676,10.9591412,8.8086644,10.581014,11.9816264,11.30603
805,9.6445292,10.8157112,10.486346,11.3094956,10.9289264,8.787218,10.561196,11.9798024,11.2783748
806,9.61769,10.7823188,10.4490848,11.298884,10.8958688,8.7641576,10.5388232,11.9779772,11.2507196
807,9.5908508,10.7489252,10.4118236,11.2885532,10.8628124,8.7394532,10.5138476,11.9744876,11.224676
808,9.5640104,10.7155316,10.3745624,11.2782236,10.8297548,8.71475,10.488872,11.9679716,11.200364
809,9.536828,10.682138,10.3373012,11.2678928,10.7966984,8.6900456,10.4638964,11.9614544,11.176052
810,9.5093492,10.6487444,10.3002296,11.2575632,10.762724,8.665076,10.4384312,11.9549384,11.1517388
811,9.4818704,10.6147676,10.2632324,11.2476212,10.7278592,8.6368436,10.4069408,11.9484212,11.128886
812,9.4543916,10.580654,10.2262352,11.2377716,10.6929944,8.60861,10.3754504,11.9374016,11.1073088
813,9.4256636,10.5465392,10.189238,11.227922,10.6581296,8.5803776,10.3439588,11.9248904,11.0857316
814,9.3965876,10.5124256,10.152194,11.2180724,10.6232648,8.552144,10.3124684,11.912378,11.0641544
815,9.3675116,10.4783108,10.1149328,11.2082228,10.5877328,8.5214228,10.2767108,11.8998668,11.0431112
816,9.3383672,10.4436092,10.0776716,11.1979808,10.552094,8.4893888,10.2387056,11.8862792,11.022446
817,9.3067352,10.4087744,10.0404104,11.18765,10.516454,8.4573548,10.2006992,11.8664684,11.0017796
818,9.2751032,10.3739396,10.0031492,11.1773204,10.480814,8.4253208,10.1626928,11.8466588,10.9811144
819,9.24347,10.3391048,9.965384,11.1669896,10.4450648,8.39246,10.123286,11.826848,10.96103
820,9.2108,10.30427,9.9273296,11.15666,10.4089076,8.3568968,10.0793084,11.8070384,10.9412756
821,9.1753328,10.2690416,9.8892752,11.1447536,10.3727516,8.3213348,10.0353296,11.7832592,10.9215224
822,9.1398668,10.2337256,9.851222,11.1325004,10.3365956,8.2857716,9.9913508,11.75615,10.901768
823,9.1043996,10.1984108,9.813092,11.1202484,10.3004396,8.2502096,9.9473732,11.729042,10.8809696
824,9.0672872,10.163096,9.7742456,11.1079964,10.2642836,8.2135412,9.9003008,11.7019328,10.859696
825,9.0286256,10.12778,9.735398,11.0957444,10.2281276,8.1766208,9.8525216,11.6748236,10.8384224
826,8.989964,10.0924652,9.6965516,11.081114,10.1919716,8.1397004,9.8047424,11.6413436,10.81715
827,8.9513024,10.0571492,9.657704,11.0659784,10.1558156,8.1027812,9.7569632,11.607458,10.7940788
828,8.9109416,10.0218344,9.617978,11.0508428,10.1196584,8.0661812,9.7088636,11.5735724,10.7703752
829,8.8700432,9.9865184,9.5775464,11.0357084,10.08374,8.0300756,9.6602708,11.5396868,10.7466704
830,8.8291448,9.9512036,9.5371136,11.0205728,10.0478432,7.99397,9.6116768,11.5038716,10.7229656
831,8.788244,9.9162872,9.4966808,11.0032448,10.0119452,7.9578644,9.563084,11.4642512,10.6949372
832,8.746706,9.8814524,9.4562384,10.9854668,9.9760472,7.9217588,9.51449,11.4246308,10.6657616
833,8.7051692,9.8466176,9.4150124,10.9676888,9.9404324,7.8885596,9.4685396,11.3850104,10.6365872
834,8.6636312,9.8117828,9.3737876,10.9499108,9.9055676,7.8554408,9.4226612,11.34539,10.6074128
835,8.6220932,9.776948,9.3325616,10.9321328,9.8707028,7.8223208,9.3767816,11.303096,10.5738884
836,8.5805564,9.7433168,9.2913368,10.9121492,9.835838,7.7892008,9.3309032,11.2598264,10.5395468
837,8.5390184,9.7099232,9.2498624,10.8917288,9.8009732,7.7584844,9.2881772,11.2165556,10.5052064
838,8.4974816,9.6765296,9.2081084,10.8713084,9.7670816,7.7297084,9.248,11.173286,10.4708648
839,8.4557864,9.643136,9.1663544,10.850888,9.733766,7.7009324,9.2078228,11.129714,10.4324516
840,8.4139292,9.6097424,9.1246004,10.8304676,9.7004504,7.6721564,9.1676444,11.0840984,10.3935524
841,8.372072,9.5771564,9.0828464,10.8082304,9.6671348,7.6440644,9.1283672,11.0384828,10.354652
842,8.3302148,9.544724,9.0413396,10.7856476,9.6338204,7.6204472,9.094976,10.9928672,10.3157528
843,8.2883576,9.5122916,8.9998496,10.763066,9.6020252,7.5968288,9.061586,10.9472516,10.2751304
844,8.2465004,9.4798592,8.9583608,10.7404832,9.57026,7.5732104,9.0281948,10.9005404,10.2344072
845,8.2046444,9.4474268,8.9168708,10.7179004,9.5384936,7.5495932,8.9948036,10.8528392,10.193684
846,8.1627872,9.415604,8.8757948,10.6938968,9.5067284,7.5290696,8.9662472,10.8051392,10.1529608
847,8.1203024,9.3838916,8.835362,10.6696328,9.4753076,7.509794,8.9396432,10.757438,10.1128436
848,8.0778068,9.3521804,8.7949292,10.6453676,9.4445756,7.4905196,8.9130392,10.7097368,10.0727276
849,8.03531,9.320468,8.7544976,10.6211036,9.4138424,7.4712452,8.8864352,10.6608344,10.0326128
850,7.9928144,9.2887568,8.7140648,10.5968396,9.3831104,7.4528432,8.861258,10.6118312,9.9925544
851,7.9503188,9.2570456,8.6747552,10.5711464,9.3523772,7.4365544,8.8395404,10.5628268,9.9536552
852,7.907822,9.2253332,8.6356448,10.5452,9.3220004,7.4202668,8.8178228,10.5138224,9.914756
853,7.8653264,9.193622,8.5965332,10.5192536,9.2917832,7.403978,8.796104,10.4639888,9.8758556
854,7.8228296,9.1619096,8.5574228,10.4933084,9.2615672,7.3876904,8.7743864,10.412378,9.8370164
855,7.780334,9.1301984,8.5184744,10.467362,9.2313512,7.3723484,8.7552716,10.3607672,9.7987244
856,7.7378384,9.0986924,8.479892,10.4403896,9.2011028,7.3571456,8.7365408,10.3091564,9.7604324
857,7.6953416,9.06722,8.4413096,10.413242,9.1701116,7.341944,8.7178088,10.2575456,9.7221404
858,7.653302,9.0357488,8.4027272,10.3860944,9.1391204,7.3267412,8.699078,10.2038876,9.683666
859,7.6114448,9.0042776,8.3641436,10.358948,9.1081292,7.3112936,8.680958,10.1494088,9.6441584
860,7.5695876,8.9728064,8.3255612,10.3318004,9.0771392,7.2955484,8.6635844,10.0949312,9.6046508
861,7.5277304,8.9415416,8.2869788,10.3036208,9.0457388,7.2798032,8.6462108,10.0404524,9.5651432
862,7.4864864,8.9103104,8.2483964,10.275272,9.0137156,7.264058,8.628836,9.9856004,9.5250236
863,7.4452688,8.8790792,8.209814,10.2469232,8.9816912,7.2482456,8.611454,9.9277328,9.4824764
864,7.40405,8.847848,8.1708704,10.2185756,8.9496668,7.2303284,8.593808,9.8698664,9.4399304
865,7.3627676,8.8166168,8.1307028,10.1902268,8.9176436,7.2124112,8.576162,9.812,9.3973832
866,7.3212296,8.786216,8.090534,10.16084,8.8842656,7.194494,8.558516,9.7541336,9.3535304
867,7.2796928,8.755946,8.0503664,10.13129,8.850434,7.1765768,8.5408712,9.6946808,9.3058172
868,7.2381548,8.725676,8.0101976,10.10174,8.8166024,7.15667,8.5217336,9.633686,9.258104
869,7.1960456,8.695406,7.9685792,10.0721912,8.7827696,7.135496,8.5016444,9.5726924,9.210392
870,7.1532296,8.6651348,7.9262972,10.0426412,8.7487268,7.1143208,8.4815552,9.5116976,9.1608284
871,7.1104148,8.6350736,7.884014,10.0116284,8.7128288,7.0931456,8.4614672,9.4507028,9.1070384
872,7.0675988,8.6050436,7.841732,9.9803972,8.6769308,7.0710416,8.440448,9.3878252,9.0532472
873,7.0238996,8.5750136,7.7991044,9.949166,8.6410328,7.04498,8.4154724,9.3247448,8.999456
874,6.9798056,8.5449836,7.7544428,9.9179348,8.6051348,7.0189184,8.3904968,9.2616644,8.9439356
875,6.9357116,8.5149536,7.7097824,9.8867036,8.5681772,6.992858,8.3655224,9.1985852,8.885282
876,6.8916176,8.4851336,7.665122,9.85316,8.529956,6.9667964,8.3405468,9.1355048,8.8266284
877,6.8460284,8.4553436,7.6204616,9.8192864,8.4917336,6.9361364,8.310764,9.0724256,8.7679748
878,6.8003372,8.4255548,7.5746828,9.7854128,8.4535112,6.9041036,8.2795448,9.0093452,8.708084
879,6.754646,8.3957648,7.528172,9.7515392,8.4152888,6.8720696,8.2483256,8.946266,8.646392
880,6.7087244,8.3659748,7.4816612,9.7176644,8.3756036,6.8400356,8.2171064,8.8831856,8.5846988
881,6.6617552,8.3355512,7.4351504,9.681254,8.335574,6.8060096,8.1835148,8.8217384,8.5230068
882,6.614786,8.30504,7.3886072,9.6444968,8.2955432,6.7682756,8.1455084,8.761004,8.4607568
883,6.5678168,8.27453,7.3415672,9.6077408,8.2555136,6.7305404,8.1075032,8.7002708,8.3978492
884,6.5211188,8.2440188,7.2945284,9.5709836,8.2151468,6.6928064,8.0694968,8.6395364,8.3349404
885,6.474788,8.2135088,7.2474896,9.5342276,8.1730508,6.6550712,8.0314904,8.5790912,8.2720328
886,6.4284572,8.1829976,7.2004508,9.4944932,8.1309548,6.6125444,7.9876832,8.5214852,8.2097444
887,6.3821276,8.1524876,7.153826,9.4543736,8.0888588,6.5696516,7.9434332,8.4638792,8.1480512
888,6.3366524,8.1219776,7.1075792,9.414254,8.0467628,6.5267588,7.8991832,8.4062732,8.0863592
889,6.2915996,8.0914664,7.0613336,9.3741332,8.0034668,6.4838672,7.8549332,8.3486672,8.0246672
890,6.246548,8.0609564,7.0150868,9.3340136,7.9590464,6.439316,7.8083348,8.2932248,7.9639976
891,6.2014952,8.03066,6.9688412,9.2917544,7.914626,6.3931664,7.7594708,8.2400504,7.9041284
892,6.158486,8.0003888,6.9244112,9.2492324,7.8702056,6.3470168,7.7106056,8.186876,7.8442592
893,6.1156712,7.9701188,6.8800148,9.2067104,7.8257852,6.300866,7.6617404,8.1337004,7.78439
894,6.0728552,7.9398488,6.8356184,9.1641872,7.7800172,6.2545472,7.6125872,8.080526,7.7261972
895,6.0305444,7.9095788,6.791222,9.1216652,7.7340464,6.2064968,7.5604652,8.0305796,7.6690628
896,5.990924,7.8805976,6.7479908,9.0769916,7.6880768,6.1584464,7.508342,7.9810544,7.6119296
897,5.9513036,7.8517688,6.7062368,9.0320672,7.6421072,6.110396,7.45622,7.9315292,7.5547952
898,5.9116832,7.82294,6.6644828,8.9871428,7.5957332,6.0623456,7.4040968,7.882004,7.4994776
899,5.873348,7.7941112,6.6227288,8.9422172,7.5479552,6.0146588,7.3508864,7.8334304,7.4450792
900,5.836922,7.7652824,6.5809748,8.8972928,7.5001772,5.9671508,7.2971348,7.787294,7.3906796
901,5.8004972,7.7373188,6.541124,8.85107,7.4524004,5.9196428,7.2433832,7.7411564,7.3362812
902,5.7640724,7.7094512,6.5014844,8.8047044,7.4046224,5.872136,7.1896328,7.69502,7.284056
903,5.7295064,7.6815836,6.4618448,8.7583376,7.3562492,5.8250324,7.135478,7.6488824,7.2326972
904,5.6959568,7.6537148,6.4222052,8.7119708,7.307438,5.7791528,7.0800968,7.6041584,7.1813372
905,5.6624072,7.6258472,6.3833252,8.6656052,7.2586268,5.7332744,7.0247168,7.5601064,7.1299772
906,5.6288576,7.5988496,6.3457988,8.6185856,7.2098168,5.687396,6.9693368,7.5160556,7.0809476
907,5.59787,7.571942,6.3082736,8.5714988,7.1610056,5.6415176,6.9139568,7.4720036,7.0326272
908,5.5671968,7.5450356,6.2707484,8.524412,7.1119544,5.5985588,6.8585768,7.4279708,6.9843068
909,5.5365224,7.518128,6.2332232,8.4773252,7.0628852,5.5562096,6.8031968,7.3841804,6.9359852
910,5.5061084,7.4912216,6.1972112,8.4302384,7.013816,5.5138592,6.7478168,7.3403888,6.8896544
911,5.4773516,7.4645336,6.1615352,8.3831504,6.9647468,5.47151,6.6924356,7.2965984,6.843764
912,5.4485948,7.4378672,6.1258592,8.3360636,6.9157508,5.4307076,6.6372764,7.2528068,6.7978748
913,5.419838,7.4111996,6.0901832,8.2889768,6.8669408,5.3921588,6.58244,7.2082808,6.7519856
914,5.3919308,7.3845332,6.0548012,8.24189,6.8181296,5.35361,6.5276024,7.1629256,6.7087388
915,5.3654108,7.3578668,6.0201824,8.194802,6.7693184,5.3150612,6.4727648,7.1175716,6.665888
916,5.3388896,7.33076,5.9855636,8.1477152,6.7205084,5.2765112,6.4179284,7.0722164,6.6230384
917,5.3123696,7.3036136,5.9509448,8.1006284,6.6718616,5.2422488,6.3649652,7.0268612,6.5801876
918,5.2864484,7.276466,5.9163272,8.0535416,6.6233096,5.2080428,6.3120284,6.9785708,6.5398556
919,5.260886,7.2493184,5.882486,8.0064536,6.5747564,5.173838,6.2590916,6.9298268,6.4997408
920,5.2353248,7.222172,5.8489244,7.9593668,6.5262044,5.139632,6.2061548,6.881084,6.4596248
921,5.2097636,7.1934776,5.8153628,7.9127216,6.4776512,5.1069644,6.1546016,6.83234,6.41951
922,5.1847568,7.1646488,5.7818024,7.8661148,6.4298672,5.075474,6.104108,6.7822952,6.3823496
923,5.159834,7.13582,5.748188,7.8195092,6.3820892,5.0439836,6.0536144,6.7285988,6.3452732
924,5.1349112,7.1069912,5.7143624,7.7729024,6.3343112,5.012492,6.0031208,6.6749036,6.3081968
925,5.1100256,7.0781624,5.6805368,7.7262956,6.2865332,4.9812392,5.953142,6.6212072,6.2711924
926,5.085422,7.0475552,5.6467112,7.6794668,6.2392004,4.9513772,5.9061776,6.5675108,6.2371556
927,5.0608196,7.0168052,5.6128856,7.63262,6.1927136,4.9215164,5.8592132,6.51038,6.2031188
928,5.036216,6.986054,5.5781948,7.5857732,6.1462268,4.8916544,5.8122488,6.4514708,6.1690808
929,5.0120696,6.9553028,5.543048,7.5389264,6.09974,4.8617924,5.7652844,6.3925604,6.1351808
930,4.9887452,6.9245528,5.5079,7.4920796,6.0532544,4.8317336,5.7214712,6.3336512,6.1029668
931,4.9654196,6.891344,5.4727532,7.4456792,6.0082088,4.8016004,5.6788508,6.274454,6.0707528
932,4.9420952,6.8579504,5.4373352,7.3993124,5.9637884,4.7714672,5.6362292,6.210332,6.0385388
933,4.9195388,6.8245568,5.39981,7.3529468,5.919368,4.7413328,5.5936088,6.1462088,6.0064028
934,4.8974924,6.7911644,5.3622848,7.30658,5.8749476,4.7107028,5.5524788,6.0820868,5.974796
935,4.8754448,6.7577708,5.3247596,7.2602144,5.830646,4.67894,5.5147448,6.0179636,5.9431904
936,4.8533984,6.7223552,5.2872332,7.214072,5.78855,4.6471784,5.4770108,5.9524292,5.9115848
937,4.8329732,6.6868004,5.2480436,7.1679464,5.746454,4.6154168,5.4392756,5.8851788,5.879978
938,4.8128432,6.6512444,5.2076108,7.1218196,5.704358,4.583654,5.4015416,5.8179284,5.8483724
939,4.7927132,6.6156884,5.167178,7.075694,5.662262,4.54949,5.36741,5.750678,5.8167668
940,4.7726708,6.5801336,5.1267464,7.0295672,5.6208968,4.5150128,5.3337476,5.6834276,5.78516
941,4.7534996,6.5425448,5.086238,6.9845708,5.5806092,4.4805356,5.3000852,5.6159552,5.7534152
942,4.7343284,6.5048276,5.0434268,6.9396452,5.5403204,4.4460584,5.2664228,5.5484444,5.7212012
943,4.7151572,6.4671104,5.0006168,6.8947208,5.5000328,4.40969,5.2342736,5.4809336,5.6889872
944,4.6961996,6.429392,4.9578056,6.8497952,5.459744,4.3711412,5.2038692,5.4134228,5.6567732
945,4.6776668,6.3916748,4.9149944,6.8048708,5.4198476,4.3325924,5.1734648,5.3466752,5.6243888
946,4.6591352,6.3525944,4.8714056,6.7613084,5.380076,4.2940436,5.1430592,5.2822916,5.5915676
947,4.6406036,6.313436,4.8270092,6.7178252,5.3403044,4.2553136,5.1127268,5.2179092,5.5587464
948,4.6220708,6.2742764,4.7826128,6.6743408,5.3005316,4.2126932,5.0839508,5.1535256,5.525924
949,4.6035392,6.2351168,4.7382164,6.6308576,5.2606736,4.1700716,5.0551748,5.089142,5.4929012
950,4.5850064,6.1959584,4.69382,6.5873744,5.2201268,4.1274512,5.0263988,5.028098,5.4594716
951,4.5664748,6.1565708,4.6481684,6.5450324,5.1795812,4.0848296,4.9976228,4.9689284,5.426042
952,4.5468896,6.1171712,4.6024508,6.5027492,5.1390344,4.0405148,4.969694,4.9097588,5.3926124
953,4.52708,6.0777716,4.5567332,6.4604672,5.0984876,3.99518,4.9422752,4.850588,5.3586008
954,4.5072692,6.038372,4.5110156,6.4181852,5.0578208,3.949844,4.9148564,4.7916392,5.323652
955,4.4873948,5.9989724,4.4649728,6.3759032,5.017016,3.904508,4.8874376,4.7384648,5.2887032
956,4.4666264,5.9593436,4.418462,6.3340796,4.9762112,3.8588408,4.8602408,4.6852904,5.2537532
957,4.4458568,5.919704,4.3719524,6.2922776,4.9354064,3.8118764,4.833908,4.6321148,5.2181444
958,4.4250884,5.8800644,4.3254416,6.2504756,4.8946016,3.764912,4.8075752,4.5789404,5.1816752
959,4.4039204,5.8404248,4.2789308,6.2086736,4.8535856,3.7179476,4.7812424,4.528814,5.1452072
960,4.381874,5.8007852,4.23242,6.1668716,4.8125228,3.670982,4.7549096,4.4826776,5.1087392
961,4.3598276,5.7616076,4.1859104,6.1250708,4.77146,3.6238052,4.72964,4.43654,5.071088
962,4.33778,5.722448,4.1393996,6.0832688,4.730396,3.5765696,4.7046644,4.3904036,5.0321888
963,4.315022,5.6832884,4.0928888,6.0414668,4.689644,3.5293328,4.6796888,4.3442672,4.9932884
964,4.2916976,5.64413,4.0462916,5.9996648,4.6503896,3.4820972,4.6547132,4.3028864,4.9543892
965,4.268372,5.6049704,3.9995168,5.9578628,4.611134,3.4353536,4.6301324,4.2624836,4.9140188
966,4.2450476,5.5662752,3.952742,5.9167568,4.5718784,3.3894752,4.6062428,4.222082,4.8723848
967,4.2206996,5.5275968,3.9059672,5.875676,4.532624,3.3435968,4.5823532,4.1816792,4.8307496
968,4.196096,5.4889172,3.8591924,5.834594,4.49459,3.2977172,4.5584636,4.1423948,4.7891144
969,4.1714936,5.4502388,3.8126264,5.7935132,4.4576588,3.2518388,4.534574,4.1069456,4.7458688
970,4.1468612,5.4115604,3.7661156,5.7524324,4.4207276,3.2072396,4.511708,4.0714952,4.7014988
971,4.1216192,5.3731148,3.7196048,5.712284,4.3837964,3.1627184,4.4889044,4.036046,4.6571288
972,4.0963772,5.3346764,3.673094,5.6721632,4.3468664,3.1181972,4.4661008,4.0005956,4.6127588
973,4.0711352,5.296238,3.6267788,5.6320436,4.3126592,3.073676,4.4432972,3.9675788,4.5664436
974,4.045616,5.2577996,3.5810612,5.5919228,4.2788276,3.0298628,4.4210612,3.936038,4.519034
975,4.0194152,5.2193612,3.5353424,5.5518032,4.244996,2.9866988,4.3993424,3.9044984,4.4716256
976,3.9932144,5.1806888,3.4896248,5.5137908,4.2111644,2.9435348,4.3776248,3.8729588,4.424216
977,3.9670136,5.1420092,3.4439072,5.4758336,4.1778128,2.9003708,4.3559072,3.841472,4.3753352
978,3.940472,5.1033308,3.3991208,5.4378752,4.1460464,2.857262,4.3342448,3.8127992,4.3257992
979,3.9136328,5.0646524,3.3547244,5.3999168,4.1142812,2.8146416,4.3130708,3.7841264,4.2762632
980,3.8867924,5.025974,3.310328,5.3619596,4.0825148,2.77202,4.2918956,3.7554536,4.2267272
981,3.8599532,4.986824,3.2659316,5.3275328,4.0507496,2.7293996,4.2707204,3.7267808,4.1762876
982,3.8323676,4.9476644,3.2218376,5.293178,4.0195892,2.686778,4.2495464,3.6995132,4.1255348
983,3.8045696,4.908506,3.1792916,5.2588244,3.988856,2.6443424,4.228556,3.6742292,4.0747832
984,3.7767716,4.8693464,3.1367444,5.2244696,3.958124,2.6019932,4.2076532,3.6489452,4.0240316
985,3.7489508,4.8301868,3.0941984,5.1901148,3.9273908,2.5596428,4.1867492,3.6236612,3.9735212
986,3.720194,4.7898452,3.0516512,5.16002,3.8966588,2.5172936,4.1658464,3.5983772,3.9230732
987,3.6914384,4.7494844,3.0100928,5.12999,3.8651972,2.4751568,4.1450852,3.5752076,3.8726252
988,3.6626816,4.7091248,2.969132,5.09996,3.83369,2.4336212,4.1247248,3.55253,3.822176
989,3.6335828,4.668764,2.92817,5.06993,3.8021828,2.3920868,4.1043644,3.5298524,3.7727564
990,3.603548,4.6284032,2.8872092,5.0399,3.7706756,2.3505512,4.084004,3.5071748,3.723524
991,3.5735132,4.5873296,2.8463996,5.013914,3.7387892,2.3090168,4.0636436,3.4849832,3.6742916
992,3.5434784,4.5462488,2.8072892,4.9879676,3.7059908,2.2686224,4.042598,3.4646528,3.6250592
993,3.512954,4.505168,2.7681776,4.9620212,3.6731912,2.228444,4.021424,3.4443212,3.57719
994,3.4819604,4.464086,2.7290672,4.936076,3.6403928,2.1882668,4.0002488,3.4239896,3.529478
995,3.4509668,4.4230052,2.6899556,4.9101296,3.6075944,2.1480884,3.9790736,3.403658,3.4817648
996,3.4199732,4.3812068,2.6515592,4.8872912,3.573626,2.1088244,3.9572144,3.384428,3.4340516
997,3.3880148,4.339406,2.6137688,4.8644684,3.5390204,2.070818,3.9344108,3.3659204,3.3866276
998,3.3557432,4.297604,2.5759796,4.8416456,3.5044136,2.0328116,3.9116072,3.347414,3.339218
999,3.3234716,4.255802,2.5381892,4.8188228,3.4698068,1.9948064,3.8888036,3.3289064,3.2918096
1000,3.2912,4.214,2.5004,4.796,3.4352,1.9568,3.866,3.3104,3.2444
