time,torque_data,sigup,sigdown
0.1,1.21301592,1.840828819,0.585203021
0.2,1.20747353,1.835250639,0.579696419
0.3,1.201930539,1.829669137,0.574191937
0.4,1.196387076,1.824084249,0.568689896
0.5,1.190843275,1.818495853,0.563190687
0.6,1.185299296,1.812903645,0.557694934
0.7,1.179755331,1.807307792,0.552202854
0.8,1.174211563,1.801708197,0.546714907
0.9,1.168668209,1.796104652,0.541231741
1,1.163125549,1.790496902,0.535754165
1.1,1.157583814,1.784885064,0.530282526
1.2,1.152043287,1.779269021,0.524817508
1.3,1.146504364,1.77364847,0.519360207
1.4,1.140967473,1.768023241,0.513911644
1.5,1.135432953,1.762393413,0.508472421
1.6,1.129901264,1.756758867,0.503043577
1.7,1.124373144,1.751119213,0.497626982
1.8,1.118849201,1.745474429,0.492223864
1.9,1.113329999,1.739824578,0.486835294
2,1.1078163,1.734169578,0.481462876
2.1,1.102309476,1.728509006,0.476109787
2.2,1.096810326,1.722843074,0.470777393
2.3,1.091319848,1.717171888,0.465467595
2.4,1.085839302,1.711495489,0.460182872
2.5,1.080371207,1.705813562,0.454928587
2.6,1.074916501,1.700126676,0.449706024
2.7,1.069476973,1.694435105,0.444518495
2.8,1.064054853,1.688739152,0.439370177
2.9,1.058654198,1.683039035,0.434268932
3,1.053276346,1.677335711,0.429216494
3.1,1.047924307,1.671629931,0.424218128
3.2,1.042602152,1.665922611,0.419281091
3.3,1.037315657,1.660215045,0.414415587
3.4,1.032067194,1.654508775,0.409624836
3.5,1.026861498,1.648805509,0.404916604
3.6,1.021705723,1.643107525,0.400302967
3.7,1.016607513,1.63741774,0.395796201
3.8,1.01157084,1.631738776,0.391401671
3.9,1.006602762,1.626073953,0.38713017
4,1.001715154,1.620428193,0.383000596
4.1,0.996916872,1.614806436,0.379025579
4.2,0.99221397,1.609213056,0.375212917
4.3,0.987616002,1.60365373,0.371576035
4.4,0.983141032,1.598137788,0.368141835
4.5,0.978796663,1.592671771,0.364918773
4.6,0.97459076,1.587262374,0.361915978
4.7,0.970534163,1.581917902,0.359146822
4.8,0.96665084,1.576653645,0.356644088
4.9,0.962941808,1.57147533,0.354403806
5,0.959414634,1.566391641,0.352432558
5.1,0.956078127,1.561412391,0.350738318
5.2,0.952956371,1.556557948,0.349348561
5.3,0.950037678,1.551828405,0.348239991
5.4,0.947324441,1.547232111,0.347409059
5.5,0.94481983,1.542778649,0.346852679
5.6,0.942531644,1.538483437,0.346570756
5.7,0.940438346,1.534340393,0.34652648
5.8,0.938530294,1.530351983,0.346698134
5.9,0.936799568,1.52663294,0.34707823
6,0.935232792,1.522991776,0.347601544
6.1,0.933801458,1.519483353,0.348245405
6.2,0.932485397,1.516117117,0.348976472
6.3,0.93126602,1.512892713,0.349759994
6.4,0.930117587,1.509794631,0.350556644
6.5,0.929013603,1.506808433,0.35132944
6.6,0.927932379,1.503922517,0.352046766
6.7,0.926852093,1.501130242,0.352675106
6.8,0.925751319,1.498412601,0.353184349
6.9,0.924613598,1.495756556,0.353557826
7,0.923424679,1.493150732,0.353778591
7.1,0.922167285,1.490586733,0.353824177
7.2,0.920834531,1.488050546,0.353687739
7.3,0.919420926,1.485533612,0.353370568
7.4,0.917921926,1.483028424,0.352871233
7.5,0.916327366,1.480528029,0.352179321
7.6,0.914643698,1.477988025,0.351323682
7.7,0.91287217,1.475445246,0.35029513
7.8,0.911013999,1.472940913,0.349083439
7.9,0.909067056,1.470423329,0.347707655
8,0.907041949,1.467891343,0.346189881
8.1,0.904943044,1.465343671,0.344540137
8.2,0.902773506,1.462779158,0.342765765
8.3,0.900536325,1.460196744,0.340874128
8.4,0.898240888,1.457597647,0.33888262
8.5,0.895892097,1.454982268,0.336800643
8.6,0.893493136,1.452350703,0.33463439
8.7,0.891048769,1.449703661,0.332392873
8.8,0.888565832,1.44704293,0.330087876
8.9,0.8860485,1.444369571,0.327726694
9,0.883499402,1.441684211,0.325313912
9.1,0.880923228,1.438988347,0.322857522
9.2,0.878324527,1.436283633,0.320364908
9.3,0.875706532,1.433571308,0.317841305
9.4,0.873071466,1.430852322,0.315290185
9.5,0.870423224,1.428128362,0.312717705
9.6,0.867764836,1.425400864,0.310128462
9.7,0.865098841,1.42267113,0.307526231
9.8,0.862427494,1.419940543,0.304914134
9.9,0.859753735,1.417210674,0.302296501
10,0.857079859,1.414482925,0.299676506
10.1,0.854408091,1.411758747,0.297057148
10.2,0.85174121,1.409040228,0.294441906
10.3,0.84908123,1.406328647,0.291833523
10.4,0.846430333,1.403625639,0.289234728
10.5,0.843790978,1.400933117,0.286648533
10.6,0.841166424,1.398253794,0.284078733
10.7,0.838558202,1.395588854,0.281527212
10.8,0.835968681,1.392940297,0.278996704
10.9,0.833401054,1.39031085,0.276490884
11,0.830858773,1.387703613,0.274013534
11.1,0.828343236,1.385119831,0.271566213
11.2,0.825857078,1.382561895,0.269151799
11.3,0.823404592,1.380033643,0.266775059
11.4,0.82098884,1.37753804,0.264439123
11.5,0.818611215,1.375076432,0.262145443
11.6,0.816274469,1.372651444,0.259896898
11.7,0.813984107,1.37026814,0.257699455
11.8,0.811741843,1.367928454,0.255554571
11.9,0.809548988,1.365633725,0.253463545
12,0.807407987,1.363386412,0.251428812
12.1,0.805325277,1.361192581,0.249457197
12.2,0.803300032,1.35905197,0.247547273
12.3,0.801333226,1.356965656,0.245699931
12.4,0.799426382,1.354935337,0.243916569
12.5,0.797586115,1.352967412,0.242203883
12.6,0.795808088,1.351058397,0.240556806
12.7,0.794092613,1.349208778,0.238975436
12.8,0.792440464,1.347419493,0.237460401
12.9,0.79085507,1.345694476,0.236014598
13,0.789330749,1.344028514,0.234631888
13.1,0.787866148,1.342420655,0.233310521
13.2,0.786460969,1.340870866,0.232049935
13.3,0.785114715,1.33937936,0.230848917
13.4,0.783821187,1.3379403,0.229700908
13.5,0.782577469,1.336551183,0.228602581
13.6,0.781382056,1.335210836,0.227552094
13.7,0.780231308,1.333916281,0.226545154
13.8,0.779119297,1.332661798,0.22557562
13.9,0.77804222,1.331443901,0.224639372
14,0.77699759,1.330260438,0.223733575
14.1,0.775980317,1.32910671,0.222852771
14.2,0.774985434,1.327977796,0.221991937
14.3,0.774009111,1.326870018,0.221147089
14.4,0.773048304,1.325780595,0.220314902
14.5,0.772098301,1.324704836,0.219490676
14.6,0.771155427,1.323638977,0.21867081
14.7,0.770216503,1.322579806,0.217852155
14.8,0.769278347,1.321524277,0.217031377
14.9,0.768337896,1.32046901,0.216205763
15,0.767392707,1.319411375,0.215373038
15.1,0.76644051,1.318348947,0.214531078
15.2,0.76547845,1.31727873,0.213677187
15.3,0.764505412,1.316199185,0.212810667
15.4,0.763519949,1.315108578,0.211930356
15.5,0.762520522,1.314005112,0.211034966
15.6,0.761505286,1.312886524,0.210123084
15.7,0.760474386,1.311752559,0.209195243
15.8,0.759427217,1.310602237,0.208251217
15.9,0.75836276,1.309434163,0.207290366
16,0.757280373,1.308247107,0.20631263
16.1,0.756180863,1.307041522,0.205319171
16.2,0.755064265,1.305817002,0.204310464
16.3,0.75392994,1.304572378,0.203286415
16.4,0.752778344,1.303307476,0.202248081
16.5,0.751610565,1.302023059,0.20119689
16.6,0.750427106,1.300719147,0.200133826
16.7,0.749227689,1.299394728,0.199059372
16.8,0.748013633,1.298050592,0.197975325
16.9,0.746786135,1.296687609,0.196883233
17,0.745546072,1.29530615,0.195784476
17.1,0.74429363,1.293905423,0.194680264
17.2,0.743030711,1.29248706,0.193572685
17.3,0.741758608,1.291051995,0.192463429
17.4,0.740478538,1.289600965,0.191354214
17.5,0.739191393,1.288133607,0.190247189
17.6,0.737899295,1.286652224,0.189144234
17.7,0.736603735,1.285157911,0.188047277
17.8,0.735306288,1.283651718,0.186958483
17.9,0.734008824,1.282134417,0.18588069
18,0.732713251,1.280608348,0.184815434
18.1,0.7314214,1.279075063,0.183764831
18.2,0.730135396,1.277536145,0.182731626
18.3,0.728857743,1.275993517,0.181718746
18.4,0.72759015,1.27444949,0.18072738
18.5,0.726334702,1.272906134,0.179759626
18.6,0.725094222,1.271365842,0.178818822
18.7,0.723871255,1.269831334,0.177907173
18.8,0.722667284,1.268304882,0.177025459
18.9,0.721484432,1.266788977,0.176175437
19,0.720326214,1.265287015,0.175360816
19.1,0.719194398,1.263830513,0.174565467
19.2,0.718090153,1.262397696,0.173801204
19.3,0.717015293,1.260967951,0.173081551
19.4,0.7159738,1.259565227,0.172401374
19.5,0.714965795,1.258190283,0.171760503
19.6,0.713992011,1.256845464,0.171157863
19.7,0.713053577,1.25553344,0.17059339
19.8,0.7121545,1.254258974,0.170069263
19.9,0.711292673,1.253021527,0.169582918
20,0.710468318,1.251822881,0.169132617
20.1,0.709681944,1.250665617,0.168717125
20.2,0.708936101,1.249552963,0.168337501
20.3,0.708227447,1.248483412,0.167989257
20.4,0.707555409,1.247457817,0.16767019
20.5,0.706919994,1.246478483,0.167378319
20.6,0.706321571,1.245546464,0.167112777
20.7,0.705756605,1.24465962,0.16686889
20.8,0.705223769,1.243817882,0.166644083
20.9,0.704722665,1.243023234,0.166436019
21,0.704251958,1.24227459,0.166242281
21.1,0.703808436,1.241569668,0.166059137
21.2,0.703390444,1.240907754,0.165883993
21.3,0.702997404,1.240290666,0.165714422
21.4,0.702627137,1.239715734,0.165547691
21.5,0.70227714,1.239181024,0.165381249
21.6,0.701945883,1.238685608,0.16521297
21.7,0.701632914,1.238231443,0.165040582
21.8,0.701336057,1.237815009,0.164862098
21.9,0.701053717,1.237435096,0.164676114
22,0.700784854,1.237091079,0.164481278
22.1,0.700529476,1.236785168,0.164275719
22.2,0.700285977,1.236513844,0.164058817
22.3,0.700053727,1.23627677,0.163830164
22.4,0.699832442,1.2360743,0.163589326
22.5,0.69962289,1.23590829,0.163335136
22.6,0.699424282,1.235776478,0.163068515
22.7,0.699236961,1.235679209,0.162789928
22.8,0.699061685,1.235618073,0.162499913
22.9,0.698900037,1.235594913,0.162198572
23,0.698752236,1.235608649,0.161888041
23.1,0.698619562,1.235660411,0.161569745
23.2,0.698504086,1.235753309,0.161245308
23.3,0.698408341,1.235889162,0.160916794
23.4,0.698333431,1.236067979,0.160587002
23.5,0.698281649,1.236291691,0.160258589
23.6,0.698256809,1.236565254,0.159934773
23.7,0.698262171,1.236890064,0.159619577
23.8,0.698299722,1.23726717,0.15931649
23.9,0.698372809,1.237699217,0.159029569
24,0.698487556,1.238193355,0.158764382
24.1,0.698647297,1.23874976,0.158526468
24.2,0.698854983,1.239370515,0.158320144
24.3,0.699114953,1.240058772,0.158150949
24.4,0.699436244,1.24082414,0.158027688
24.5,0.69982107,1.241664436,0.157956269
24.6,0.700273427,1.242582763,0.157941971
24.7,0.700798368,1.243583376,0.157991605
24.8,0.701408248,1.244675541,0.158117908
24.9,0.702102389,1.245856214,0.158325104
25,0.702885787,1.247128487,0.158619347
25.1,0.703764696,1.2484978,0.159007994
25.2,0.704751354,1.250013762,0.15948769
25.3,0.705843349,1.251651363,0.16004424
25.4,0.707045255,1.253382652,0.160716359
25.5,0.708364277,1.255221436,0.161515274
25.6,0.709809356,1.257174264,0.162452129
25.7,0.711376579,1.259234771,0.163525557
25.8,0.713068724,1.261403355,0.164740727
25.9,0.714892952,1.263683685,0.166108478
26,0.716852385,1.266077231,0.167633256
26.1,0.718941365,1.268577087,0.169310818
26.2,0.721159806,1.271181698,0.171142559
26.3,0.723513463,1.273893866,0.173137388
26.4,0.725998222,1.276709693,0.175290591
26.5,0.7286068,1.279621983,0.177594994
26.6,0.731335769,1.282627166,0.180047317
26.7,0.734188199,1.285726446,0.182652674
26.8,0.737153345,1.288911454,0.185397584
26.9,0.74022289,1.292175017,0.188272766
27,0.743390516,1.295511908,0.191270813
27.1,0.746655895,1.298921198,0.194392143
27.2,0.750004393,1.302392028,0.197618042
27.3,0.75342754,1.305917573,0.200938551
27.4,0.756917702,1.30949173,0.204344618
27.5,0.760470336,1.313111049,0.207830367
27.6,0.76407171,1.316764977,0.211379011
27.7,0.76771372,1.320447217,0.214980639
27.8,0.771388825,1.324151759,0.218626245
27.9,0.775089431,1.327872603,0.222306494
28,0.778805799,1.33160219,0.226009546
28.1,0.782530786,1.335334796,0.229726839
28.2,0.786257413,1.339064673,0.233450185
28.3,0.78997828,1.342785606,0.23717094
28.4,0.79368744,1.346492857,0.240881979
28.5,0.797379474,1.350181841,0.244577051
28.6,0.801048121,1.353847153,0.248249032
28.7,0.804688315,1.357484121,0.251892459
28.8,0.808297014,1.361090254,0.255503742
28.9,0.811870663,1.364662321,0.259078999
29,0.815403603,1.368195216,0.262612
29.1,0.818893978,1.371686761,0.26610124
29.2,0.822340559,1.37503918,0.269639894
29.3,0.825741369,1.378484955,0.272995761
29.4,0.829091103,1.381878934,0.276301278
29.5,0.832391091,1.385223579,0.279556645
29.6,0.835640951,1.388517687,0.282762303
29.7,0.838839849,1.391759596,0.285917586
29.8,0.841982601,1.394945177,0.289018207
29.9,0.845073248,1.398077784,0.292066959
30,0.848111596,1.401157078,0.29506443
30.1,0.851096879,1.404181503,0.298010614
30.2,0.854025963,1.407149136,0.300901221
30.3,0.856902988,1.410063473,0.303741007
30.4,0.85972829,1.412924828,0.306530326
30.5,0.862500949,1.415731616,0.309268896
30.6,0.865219876,1.418484032,0.311954401
30.7,0.867888889,1.42118537,0.314591149
30.8,0.870508773,1.42383649,0.317179853
30.9,0.873078515,1.426435858,0.319719996
31,0.875598979,1.42898563,0.322211195
31.1,0.878073612,1.431488825,0.324657302
31.2,0.880503704,1.433946858,0.327059479
31.3,0.88288844,1.436358541,0.32941728
31.4,0.885230537,1.438727762,0.331732268
31.5,0.887533214,1.44105736,0.33400803
31.6,0.889798402,1.443349383,0.336246383
31.7,0.892025991,1.445603456,0.338447487
31.8,0.894220287,1.447824763,0.340614764
31.9,0.89638451,1.45001616,0.342751802
32,0.898521354,1.452180235,0.344861276
32.1,0.900632022,1.45431835,0.346944621
32.2,0.902721782,1.456435827,0.349006657
32.3,0.904794065,1.458535851,0.351051196
32.4,0.906852221,1.460621524,0.353081795
32.5,0.908899512,1.462696191,0.355101762
32.6,0.910940814,1.464764346,0.357116235
32.7,0.912979932,1.466829549,0.359129304
32.8,0.915020855,1.468895552,0.361145172
32.9,0.917068271,1.470966588,0.363169029
33,0.919125954,1.473046197,0.365204866
33.1,0.921197726,1.475137894,0.367256808
33.2,0.923288088,1.47724603,0.36932945
33.3,0.925401563,1.479374351,0.3714282
33.4,0.92754059,1.481525365,0.373555376
33.5,0.929708349,1.48370206,0.375714344
33.6,0.931909483,1.485909172,0.377909574
33.7,0.934146739,1.488148677,0.380144737
33.8,0.936421157,1.490422103,0.3824203
33.9,0.93873472,1.492731535,0.384738139
34,0.94109173,1.495081795,0.387101967
34.1,0.943492128,1.497472295,0.389512386
34.2,0.945935739,1.499903791,0.391968211
34.3,0.948423114,1.502377333,0.394469511
34.4,0.950957809,1.50489749,0.397018742
34.5,0.953536843,1.507508088,0.399564256
34.6,0.956159209,1.510183647,0.402135108
34.7,0.958824233,1.512864378,0.404784647
34.8,0.961534289,1.515591598,0.40747737
34.9,0.964284401,1.518361443,0.410207814
35,0.967073083,1.521173089,0.412973625
35.1,0.969899222,1.524026171,0.415772877
35.2,0.972762776,1.52692256,0.418603729
35.3,0.975659107,1.529858077,0.421461041
35.4,0.978586185,1.532831737,0.42434173
35.5,0.981542673,1.535843345,0.427243201
35.6,0.984526899,1.538893232,0.430162006
35.7,0.987535006,1.541977942,0.433093781
35.8,0.990564826,1.545096453,0.436035212
35.9,0.993614933,1.54824894,0.438983098
36,0.996682919,1.551434783,0.441933578
36.1,0.99976584,1.554651437,0.444883152
36.2,1.002861695,1.557898109,0.447828612
36.3,1.005969045,1.561175531,0.450766113
36.4,1.009085515,1.564482621,0.45369244
36.5,1.012209031,1.567817799,0.45660481
36.6,1.015337959,1.571180683,0.459500339
36.7,1.01847092,1.574572756,0.462374486
36.8,1.021606149,1.577992764,0.465225559
36.9,1.02474233,1.581440071,0.468051283
37,1.027878344,1.584914814,0.470849221
37.1,1.031013017,1.58841945,0.473614382
37.2,1.034145553,1.59195257,0.476347123
37.3,1.037275319,1.595514451,0.479045611
37.4,1.040401803,1.599105879,0.48170762
37.5,1.043524431,1.602730208,0.484329463
37.6,1.046643381,1.606385912,0.486912623
37.7,1.049758757,1.610074047,0.489456253
37.8,1.052870787,1.613796357,0.491958584
37.9,1.055979943,1.61755613,0.494418208
38,1.059087194,1.621352328,0.496837639
38.1,1.062193499,1.62518634,0.4992174
38.2,1.065300089,1.629060839,0.501556756
38.3,1.068408603,1.63297859,0.503857244
38.4,1.07152068,1.636938795,0.506122419
38.5,1.074638163,1.640942882,0.508354533
38.6,1.077763603,1.644994289,0.510554734
38.7,1.080899492,1.64909453,0.512727501
38.8,1.084047999,1.653242802,0.514877451
38.9,1.087211719,1.657440172,0.51700869
39,1.09039476,1.661690483,0.51912516
39.1,1.093599617,1.665993226,0.521233222
39.2,1.0968288,1.670347374,0.523338456
39.3,1.100085284,1.674753223,0.525446503
39.4,1.103374727,1.679214488,0.527564688
39.5,1.10669835,1.683728152,0.529699038
39.6,1.110058744,1.68829283,0.531855792
39.7,1.113458864,1.692907773,0.53404168
39.8,1.11690505,1.697575986,0.536266091
39.9,1.120396427,1.70229207,0.538533052
40,1.123935219,1.706902328,0.540919344
40.1,1.127524328,1.711720553,0.54327977
40.2,1.131168391,1.716582749,0.545706456
40.3,1.134865313,1.721484096,0.548199894
40.4,1.13861618,1.726422201,0.550764639
40.5,1.142423516,1.73139586,0.553406373
40.6,1.146289233,1.736402085,0.556132923
40.7,1.15021032,1.741436587,0.558942071
40.8,1.154186584,1.746496576,0.561836199
40.9,1.158219976,1.751580318,0.564820158
41,1.162309491,1.756684046,0.567897183
41.1,1.166451727,1.761804268,0.571063227
41.2,1.170645424,1.766938258,0.574318476
41.3,1.174891951,1.772083908,0.577666882
41.4,1.179187968,1.777237777,0.581106935
41.5,1.183530224,1.782397231,0.584633896
41.6,1.187916832,1.787559951,0.588246296
41.7,1.192348707,1.7927236,0.591947391
41.8,1.196821172,1.797885845,0.595731953
41.9,1.20133152,1.803044789,0.599595558
42,1.205877706,1.808198614,0.603535862
42.1,1.210460383,1.81334504,0.607555782
42.2,1.215074532,1.818483016,0.611647858
42.3,1.219718175,1.823611224,0.615808647
42.4,1.224389774,1.828728198,0.620035737
42.5,1.229089018,1.833832214,0.624331847
42.6,1.233812165,1.838923067,0.628688878
42.7,1.238557687,1.843999943,0.633104589
42.8,1.24332466,1.84906157,0.637577681
42.9,1.248112338,1.854107005,0.642109075
43,1.252918269,1.85913651,0.646692861
43.1,1.257741428,1.864149664,0.651327419
43.2,1.26258152,1.869145279,0.656012679
43.3,1.267437816,1.874123242,0.660748646
43.4,1.272308912,1.879084016,0.665531372
43.5,1.277194319,1.884027486,0.670359997
43.6,1.282094387,1.888952506,0.675235746
43.7,1.287008606,1.893859766,0.680158171
43.8,1.291936398,1.898749788,0.68512496
43.9,1.296877781,1.903622726,0.690136001
44,1.301833819,1.908477531,0.695193865
44.1,1.306804182,1.913315632,0.700297684
44.2,1.311788953,1.918137589,0.705446453
44.3,1.316788601,1.922943806,0.710640672
44.4,1.321804993,1.927733599,0.715884261
44.5,1.326837744,1.932508937,0.721175583
44.6,1.331887485,1.937270521,0.726514632
44.7,1.336955149,1.942018948,0.731902251
44.8,1.342043142,1.946754549,0.737343588
44.9,1.347150958,1.95147927,0.742835609
45,1.352279577,1.956194219,0.748378987
45.1,1.357430457,1.9609004,0.753975063
45.2,1.362605861,1.965599124,0.759628191
45.3,1.367805321,1.97029235,0.765334895
45.4,1.373029835,1.974981639,0.771095602
45.5,1.378281275,1.979668641,0.776911892
45.6,1.383561251,1.984355414,0.782785957
45.7,1.388869181,1.989043941,0.788714112
45.8,1.394205816,1.993736188,0.794695888
45.9,1.399573235,1.998434662,0.800732536
46,1.404971868,2.003141636,0.806823454
46.1,1.410400911,2.007859093,0.812964623
46.2,1.415860634,2.012589224,0.819154379
46.3,1.421353045,2.017335475,0.82539306
46.4,1.426877063,2.022099561,0.831677296
46.5,1.432431658,2.026883389,0.838002836
46.6,1.438016495,2.0316891,0.844366869
46.7,1.443633267,2.036520985,0.850768446
46.8,1.449279454,2.041379367,0.857202345
46.9,1.454953905,2.046266019,0.863664393
47,1.460655776,2.05118301,0.870151103
47.1,1.46638632,2.05613444,0.876660243
47.2,1.472142099,2.061119449,0.883186346
47.3,1.477922043,2.06613942,0.889725732
47.4,1.483725366,2.071196442,0.896275003
47.5,1.489552144,2.076293397,0.902830962
47.6,1.495399599,2.081428873,0.909389688
47.7,1.501266709,2.086603715,0.915948302
47.8,1.507153002,2.091820124,0.922504042
47.9,1.513058069,2.097079495,0.929053979
48,1.518980042,2.102380275,0.935596286
48.1,1.5249183,2.107722939,0.942129256
48.2,1.530872992,2.113110029,0.948651086
48.3,1.536843827,2.118541539,0.955160347
48.4,1.542829939,2.124016217,0.961656987
48.5,1.54883136,2.129534449,0.968140692
48.6,1.554849173,2.135099448,0.974610873
48.7,1.560883508,2.140710048,0.981068052
48.8,1.56693448,2.146365669,0.987513497
48.9,1.573002896,2.15206689,0.993948244
49,1.579091115,2.157817992,1.000373172
49.1,1.585199588,2.163616789,1.006790487
49.2,1.591329379,2.169463638,1.013202409
49.3,1.597482084,2.175359645,1.01961116
49.4,1.603661721,2.181310168,1.026019413
49.5,1.609868583,2.187312262,1.032430292
49.6,1.616104701,2.193367258,1.03884681
49.7,1.622372687,2.199477524,1.045272185
49.8,1.628677776,2.205647869,1.051711336
49.9,1.635020144,2.211876082,1.058167207
50,1.641402587,2.218163895,1.06464366
50.1,1.647829041,2.224515065,1.071145114
50.2,1.654304983,2.230933399,1.077678097
50.3,1.660830727,2.237417274,1.084245181
50.4,1.667409466,2.243968583,1.090850866
50.5,1.67404658,2.250788039,1.09731425
50.6,1.680746806,2.257549764,1.103945397
50.7,1.687510438,2.264370883,1.110651911
50.8,1.694340651,2.271268468,1.117415031
50.9,1.701244145,2.278247001,1.124243574
51,1.708223538,2.285308194,1.131141307
51.1,1.715278845,2.292449029,1.138111134
51.2,1.72241253,2.299669859,1.145157631
51.3,1.729631988,2.30697503,1.1522913
51.4,1.736936121,2.31436222,1.1595122
51.5,1.744324179,2.321827709,1.16682257
51.6,1.751796937,2.329369929,1.174225528
51.7,1.759361098,2.336991686,1.181731885
51.8,1.767010496,2.344686044,1.189335883
51.9,1.774742879,2.352448065,1.197038126
52,1.78255641,2.360273597,1.204839655
52.1,1.790454289,2.368162145,1.212746015
52.2,1.798425616,2.376102925,1.220747271
52.3,1.806465566,2.38408939,1.228840056
52.4,1.814569346,2.39211497,1.237021708
52.5,1.82273248,2.400173426,1.245288838
52.6,1.830942664,2.408253577,1.253628367
52.7,1.83919133,2.416346944,1.262031644
52.8,1.847469665,2.424444577,1.270490335
52.9,1.855766577,2.432535906,1.278992159
53,1.86406951,2.44061136,1.287521935
53.1,1.872367166,2.448661662,1.296066356
53.2,1.880646532,2.456675967,1.304610459
53.3,1.888893808,2.464643258,1.313137221
53.4,1.897097806,2.472556662,1.321631405
53.5,1.905246709,2.480407942,1.330077634
53.6,1.913324335,2.488185452,1.338455179
53.7,1.921319814,2.495881794,1.34674969
53.8,1.929224773,2.503493296,1.354948159
53.9,1.937029461,2.511014276,1.363036781
54,1.944716417,2.518433496,1.370991548
54.1,1.952282662,2.525749836,1.378808204
54.2,1.959723205,2.532962495,1.38647733
54.3,1.967032165,2.540068965,1.393988633
54.4,1.974192666,2.547059252,1.401320835
54.5,1.981211791,2.553938997,1.408480518
54.6,1.988087382,2.560709313,1.41546273
54.7,1.994816212,2.567370501,1.422259913
54.8,2.001387681,2.573775035,1.42900426
54.9,2.007813262,2.58019973,1.435424248
55,2.01409386,2.58658572,1.441598258
55.1,2.020227562,2.59286171,1.447589135
55.2,2.026211151,2.599027822,1.453389075
55.3,2.032056346,2.605092371,1.459013835
55.4,2.037766004,2.611057906,1.464466577
55.5,2.043338318,2.616922778,1.469745886
55.6,2.048775405,2.622690293,1.474851566
55.7,2.054087111,2.628366947,1.479797379
55.8,2.059276578,2.633954984,1.484587366
55.9,2.064340835,2.63945139,1.48921906
56,2.069284845,2.644860565,1.493697024
56.1,2.074115327,2.650186075,1.498031622
56.2,2.078834314,2.655428501,1.502226338
56.3,2.083436352,2.660581758,1.506276717
56.4,2.087927308,2.665649761,1.510189809
56.5,2.092310115,2.670632195,1.513972198
56.6,2.096584656,2.675526712,1.517626006
56.7,2.100741458,2.680321742,1.521144088
56.8,2.104786452,2.685020322,1.524534778
56.9,2.10871832,2.689617178,1.527801006
57,2.112533496,2.694104396,1.53094319
57.1,2.116218291,2.698591373,1.53386288
57.2,2.119777563,2.702926828,1.53665536
57.3,2.123205789,2.707098088,1.539339848
57.4,2.126494006,2.711126641,1.541886919
57.5,2.129626709,2.71498742,1.544290352
57.6,2.132605335,2.718677791,1.54655574
57.7,2.13542111,2.722182858,1.548680445
57.8,2.138058681,2.725481612,1.55065544
57.9,2.140502061,2.728545667,1.552475991
58,2.142750061,2.731370312,1.554144999
58.1,2.144791488,2.733937303,1.555658372
58.2,2.146604199,2.736216548,1.557002937
58.3,2.148175466,2.73818324,1.558176242
58.4,2.149502795,2.739832888,1.559178748
58.5,2.150574721,2.741147902,1.560005186
58.6,2.151363541,2.742091629,1.560637859
58.7,2.151865797,2.742653883,1.561078078
58.8,2.152079794,2.742833983,1.561324188
58.9,2.151997386,2.742621405,1.561370454
59,2.151589108,2.74197995,1.561194892
59.1,2.150867313,2.740925152,1.560805112
59.2,2.149833767,2.739464172,1.560198282
59.3,2.148487795,2.737600122,1.559369497
59.4,2.146804372,2.735307623,1.558295612
59.5,2.144815078,2.732631445,1.556992905
59.6,2.142527328,2.72958886,1.555459747
59.7,2.139947111,2.726195808,1.553692312
59.8,2.137070846,2.722456656,1.55167855
59.9,2.133935276,2.718425186,1.549438415
60,2.13055735,2.714130517,1.546976676
60.1,2.126950576,2.709599096,1.544293879
60.2,2.123131368,2.704860197,1.541393584
60.3,2.119135624,2.69996229,1.538299229
60.4,2.114986281,2.694939001,1.535023124
60.5,2.11070276,2.689821641,1.531572474
60.6,2.106311671,2.684646327,1.527965116
60.7,2.10184277,2.67944827,1.524225141
60.8,2.097319075,2.674256139,1.520369968
60.9,2.092762519,2.669099504,1.516413059
61,2.088197894,2.664005722,1.512378272
61.1,2.083645891,2.658994582,1.508286454
61.2,2.079124725,2.654084768,1.504155327
61.3,2.074655606,2.649300424,1.500001935
61.4,2.070252987,2.644653354,1.495845693
61.5,2.06592881,2.640151064,1.491701786
61.6,2.061694419,2.635802427,1.487584133
61.7,2.057568516,2.631626112,1.483509675
61.8,2.053552434,2.627619309,1.479486891
61.9,2.049651782,2.623782565,1.475524971
62,2.045872395,2.62031266,1.471420088
62.1,2.042227491,2.616977074,1.467469739
62.2,2.038709534,2.613801842,1.463608515
62.3,2.035319729,2.610791266,1.459839087
62.4,2.032061026,2.60794891,1.45616418
62.5,2.0289387,2.605278989,1.45258922
62.6,2.025942631,2.602770185,1.449105723
62.7,2.02307074,2.600420979,1.445711033
62.8,2.020324444,2.598235835,1.442403867
62.9,2.017702348,2.596214288,1.439181168
63,2.015194217,2.594346931,1.436032235
63.1,2.012795949,2.592631964,1.432950665
63.2,2.010507855,2.591075133,1.429931673
63.3,2.008323441,2.589671816,1.426966213
63.4,2.006233214,2.588414382,1.424043281
63.5,2.004231543,2.587300386,1.421154066
63.6,2.00231704,2.586335823,1.418290105
63.7,2.000479438,2.58551125,1.41543969
63.8,1.998709651,2.584819434,1.412592202
63.9,1.997000306,2.584255746,1.409737527
64,1.995346693,2.583823508,1.406863144
64.1,1.993735992,2.583507108,1.40395854
64.2,1.992158381,2.583297151,1.401013706
64.3,1.99060408,2.583184359,1.3980185
64.4,1.989062408,2.583163308,1.394956613
64.5,1.987519811,2.58321212,1.391822976
64.6,1.985964114,2.583315326,1.388608677
64.7,1.984381768,2.583455549,1.385304029
64.8,1.982754819,2.583610836,1.381894861
64.9,1.981070346,2.583755224,1.378381365
65,1.979312886,2.583863066,1.374758236
65.1,1.977463194,2.583903294,1.371018045
65.2,1.975498717,2.583837614,1.367153916
65.3,1.973407289,2.583636058,1.363171562
65.4,1.971171169,2.583262955,1.359071228
65.5,1.96876464,2.582669694,1.354849948
65.6,1.966166345,2.581811,1.350510716
65.7,1.963366096,2.580656401,1.346063679
65.8,1.960346793,2.579166112,1.341514609
65.9,1.957077829,2.577275906,1.336865676
66,1.953547524,2.574954,1.332127281
66.1,1.949749801,2.572176392,1.327310746
66.2,1.945672592,2.568911011,1.322424213
66.3,1.941284699,2.565088414,1.317472295
66.4,1.936592189,2.560714647,1.312465914
66.5,1.931595006,2.55577964,1.307412946
66.6,1.926290059,2.550080461,1.302481317
66.7,1.9206511,2.54410223,1.297182065
66.8,1.914704861,2.537534991,1.291844665
66.9,1.908457518,2.53039628,1.286477944
67,1.901913407,2.522699234,1.281082153
67.1,1.895063058,2.514418494,1.27565481
67.2,1.887941187,2.505627716,1.270195048
67.3,1.880560781,2.49635776,1.264698786
67.4,1.872930947,2.486636703,1.259159237
67.5,1.865059628,2.476481599,1.253568014
67.6,1.856979078,2.465965452,1.247920317
67.7,1.848705986,2.455128971,1.242208656
67.8,1.840251523,2.444006812,1.236421761
67.9,1.831632641,2.432638497,1.230550963
68,1.822874737,2.4210806,1.224592128
68.1,1.813993636,2.409371434,1.218538518
68.2,1.804999967,2.397544311,1.212377727
68.3,1.79591146,2.385637985,1.206106635
68.4,1.786745342,2.373688345,1.199723919
68.5,1.77751383,2.361723323,1.193226081
68.6,1.768225518,2.349770111,1.186601724
68.7,1.758893929,2.337853405,1.179855741
68.8,1.749529234,2.325991413,1.172989184
68.9,1.740139375,2.31420009,1.166001989
69,1.73073058,2.302499511,1.158884352
69.1,1.721310707,2.290897697,1.151648176
69.2,1.711885003,2.279401219,1.144295383
69.3,1.702457827,2.268016495,1.136826609
69.4,1.693033409,2.256757859,1.12923824
69.5,1.683614789,2.245620217,1.121541721
69.6,1.674204369,2.234604233,1.113740242
69.7,1.664804327,2.223710992,1.105834245
69.8,1.655417068,2.212949658,1.097824921
69.9,1.646043083,2.202308853,1.08972182
70,1.636683369,2.191860354,1.081488347
70.1,1.627339254,2.18180519,1.072893725
70.2,1.618011992,2.171619181,1.064421906
70.3,1.608701405,2.161539822,1.055877169
70.4,1.599408203,2.151564289,1.047263723
70.5,1.590134024,2.141694777,1.038583445
70.6,1.580879925,2.131927327,1.029840642
70.7,1.571646248,2.122256051,1.021042766
70.8,1.562434341,2.112679243,1.01219419
70.9,1.553247302,2.103201337,1.003297218
71,1.544086696,2.093817979,0.994358114
71.1,1.534954162,2.084526577,0.98538335
71.2,1.525852386,2.075327365,0.976378039
71.3,1.516787177,2.066228213,0.967346327
71.4,1.50776063,2.057224752,0.958295889
71.5,1.498776203,2.048317751,0.949233307
71.6,1.489838306,2.039509699,0.940165004
71.7,1.480956728,2.030812531,0.931098608
71.8,1.472133029,2.022221109,0.922042026
71.9,1.463372777,2.013739197,0.913002856
72,1.454682849,2.005372603,0.903989316
72.1,1.446075328,1.997133169,0.895013149
72.2,1.437551524,1.989017155,0.886081008
72.3,1.429118164,1.981029186,0.87720172
72.4,1.420784672,1.973177798,0.86838582
72.5,1.41256273,1.9654724,0.859646798
72.6,1.40445287,1.957909327,0.850989628
72.7,1.396461496,1.950492475,0.842423223
72.8,1.388599784,1.943231828,0.833960118
72.9,1.380875566,1.936131206,0.825611819
73,1.373287689,1.929185934,0.817380882
73.1,1.365840512,1.922397485,0.80927456
73.2,1.358545462,1.91577548,0.801306166
73.3,1.351403273,1.909315754,0.79348116
73.4,1.344410619,1.903012157,0.785799149
73.5,1.337568459,1.896862701,0.778264045
73.6,1.330886769,1.890874921,0.770888242
73.7,1.324357787,1.885036555,0.763668499
73.8,1.317976288,1.87934035,0.75660163
73.9,1.311739538,1.873781037,0.749687431
74,1.305654868,1.868363111,0.742935945
74.1,1.299707327,1.863068783,0.736335282
74.2,1.293890752,1.857890659,0.729880405
74.3,1.288200278,1.852822557,0.72356758
74.4,1.282638337,1.847862849,0.717403641
74.5,1.277188159,1.842995464,0.711370948
74.6,1.271843137,1.838212835,0.705463852
74.7,1.266598286,1.833509164,0.699677941
74.8,1.261450416,1.828878861,0.694012869
74.9,1.256386022,1.82431002,0.688453309
75,1.251398508,1.819651871,0.68316864
75.1,1.246483538,1.815208176,0.677781655
75.2,1.241635465,1.810807863,0.672484453
75.3,1.236844623,1.806442382,0.667266933
75.4,1.232105548,1.802106917,0.66212299
75.5,1.227415035,1.79779779,0.657050463
75.6,1.222767429,1.793511109,0.652040779
75.7,1.218156598,1.789242175,0.64708697
75.8,1.213578719,1.784988165,0.642184219
75.9,1.209031916,1.78074716,0.637331133
76,1.204511854,1.776516925,0.632520361
76.1,1.200015211,1.772295531,0.627747664
76.2,1.19553984,1.768081953,0.623009782
76.3,1.191085264,1.763875939,0.618306299
76.4,1.186648788,1.759676981,0.613631702
76.5,1.182229155,1.755485009,0.608983883
76.6,1.177825685,1.751300449,0.604361376
76.7,1.173439371,1.747124702,0.59976397
76.8,1.169068791,1.742958439,0.595188737
76.9,1.164714197,1.738802843,0.590634876
77,1.160376314,1.734659436,0.586102416
77.1,1.156057035,1.73053138,0.581591745
77.2,1.151756143,1.72641961,0.577101635
77.3,1.147474827,1.722326254,0.572632327
77.4,1.143215063,1.718253896,0.568185166
77.5,1.13897936,1.714206689,0.563761027
77.6,1.134768149,1.710185645,0.559359767
77.7,1.130583233,1.706193379,0.554982375
77.8,1.126427758,1.702233491,0.550631427
77.9,1.122304197,1.698310247,0.546307801
78,1.118213253,1.694424437,0.542012024
78.1,1.11415697,1.690578731,0.537745508
78.2,1.110139524,1.686777588,0.533511954
78.3,1.106162415,1.683024214,0.529311512
78.4,1.102226329,1.679318919,0.52514507
78.5,1.098333076,1.675663866,0.521014076
78.6,1.094487507,1.672063944,0.516923113
78.7,1.09068912,1.668520006,0.512870764
78.8,1.086938292,1.665031604,0.508858005
78.9,1.083236046,1.661599737,0.504886229
79,1.079587242,1.658228924,0.500959346
79.1,1.075988577,1.654916657,0.497074762
79.2,1.072439818,1.651661455,0.493232898
79.3,1.068941074,1.648462572,0.489434914
79.4,1.065495146,1.645323088,0.485682568
79.5,1.062096946,1.642236956,0.481972653
79.6,1.05874501,1.639201515,0.478304518
79.7,1.055438425,1.636214335,0.474678682
79.8,1.052176569,1.633275161,0.471094339
79.9,1.048953872,1.630376376,0.467547846
80,1.045767428,1.627513936,0.46403743
80.1,1.042615082,1.624684021,0.460562668
80.2,1.039493382,1.621882639,0.457120547
80.3,1.036396902,1.619102702,0.453707329
80.4,1.033321827,1.616339175,0.450320417
80.5,1.030264853,1.613587115,0.446958378
80.6,1.02722122,1.610840735,0.443617066
80.7,1.024186266,1.608094326,0.440293055
80.8,1.021156057,1.605342905,0.436983463
80.9,1.018126505,1.602580905,0.433686051
81,1.015093377,1.599803067,0.430396924
81.1,1.012053143,1.59700547,0.427113279
81.2,1.009002484,1.594184058,0.42383254
81.3,1.005936978,1.591333129,0.42055203
81.4,1.002854355,1.588449738,0.417269268
81.5,0.999752238,1.585531612,0.41398221
81.6,0.996628292,1.582576036,0.410688862
81.7,0.993478285,1.579577458,0.407386973
81.8,0.990302398,1.576536022,0.404075604
81.9,0.987099201,1.573450583,0.400753598
82,0.983867044,1.570319712,0.397419619
82.1,0.980603218,1.567138039,0.394072559
82.2,0.977309124,1.56390868,0.390712627
82.3,0.973984311,1.560630982,0.387339577
82.4,0.970627602,1.557303797,0.383952775
82.5,0.967238026,1.553923799,0.380552468
82.6,0.963817529,1.55049448,0.377139619
82.7,0.96036639,1.54701581,0.373714806
82.8,0.956883741,1.543486514,0.370278191
82.9,0.953370172,1.539905117,0.366831197
83,0.949827718,1.536274822,0.363375293
83.1,0.946257158,1.532595883,0.359911777
83.2,0.942657887,1.528866621,0.356441806
83.3,0.939031719,1.525087098,0.352967576
83.4,0.935380571,1.521259911,0.349490988
83.5,0.931705593,1.517385392,0.346014003
83.6,0.928006537,1.513461343,0.342539134
83.7,0.92428609,1.509489161,0.339068756
83.8,0.920546059,1.505470776,0.335605327
83.9,0.916787942,1.501406571,0.332151607
84,0.913012118,1.497293896,0.328711511
84.1,0.909221792,1.493135463,0.325287291
84.2,0.905418831,1.488932677,0.321882047
84.3,0.901605064,1.484686115,0.318499706
84.4,0.897782195,1.480392989,0.315145079
84.5,0.893953256,1.476057432,0.311820364
84.6,0.890120549,1.471680631,0.308529242
84.7,0.886286539,1.46726336,0.305277176
84.8,0.882454219,1.462804199,0.302069017
84.9,0.87862642,1.458307884,0.29890695
85,0.874806005,1.453776128,0.295794996
85.1,0.870996492,1.449210226,0.292740365
85.2,0.867201669,1.444611313,0.289746626
85.3,0.863424272,1.439984219,0.286815861
85.4,0.859667652,1.435331824,0.283951908
85.5,0.855936684,1.430656685,0.281163506
85.6,0.852235038,1.425962541,0.278451234
85.7,0.848565331,1.421254492,0.275816774
85.8,0.844931064,1.416536756,0.27326294
85.9,0.84133849,1.411813873,0.27079913
86,0.837789796,1.407091465,0.268421265
86.1,0.834287287,1.402374846,0.266130135
86.2,0.830834008,1.39766932,0.263927178
86.3,0.827437136,1.392981812,0.261819058
86.4,0.824095883,1.388318081,0.259798091
86.5,0.820811938,1.383683325,0.257863044
86.6,0.817587414,1.37908316,0.256013741
86.7,0.814428751,1.374526665,0.254250968
86.8,0.811331969,1.370017278,0.252565703
86.9,0.80829762,1.365596729,0.250944619
87,0.805326961,1.361314046,0.249355197
87.1,0.80242285,1.356983835,0.247876974
87.2,0.799580065,1.352719352,0.2464556
87.3,0.796797374,1.348524073,0.245085143
87.4,0.794074956,1.344403597,0.24376048
87.5,0.791411915,1.340362085,0.242475467
87.6,0.788802598,1.336397463,0.241220959
87.7,0.786244396,1.33251098,0.239990498
87.8,0.783736504,1.328707169,0.238778147
87.9,0.78127529,1.324985515,0.237576787
88,0.778855527,1.32134244,0.236379729
88.1,0.776473977,1.317777065,0.235181383
88.2,0.774129186,1.314292674,0.233975793
88.3,0.771816381,1.310884591,0.23275764
88.4,0.769531343,1.307548712,0.231522825
88.5,0.767270942,1.304282671,0.230267453
88.6,0.765033446,1.301088657,0.228986105
88.7,0.762814391,1.297959335,0.227676735
88.8,0.76061074,1.2948909,0.226337308
88.9,0.758419939,1.29188036,0.224965754
89,0.756240251,1.288928987,0.223557394
89.1,0.754068396,1.286028616,0.222113564
89.2,0.751902374,1.283176171,0.220633501
89.3,0.749740394,1.280369219,0.219116227
89.4,0.747580769,1.27760691,0.217558868
89.5,0.745421758,1.274883102,0.215964266
89.6,0.743262084,1.272195078,0.21433258
89.7,0.741100539,1.269541094,0.212663273
89.8,0.738935908,1.266919349,0.210955435
89.9,0.736767481,1.264325596,0.209212039
90,0.734594556,1.261757734,0.207433779
90.1,0.732416318,1.259214728,0.205620159
90.2,0.730232174,1.256694676,0.203771683
90.3,0.728042016,1.254194931,0.20189089
90.4,0.725845578,1.251714139,0.1999786
90.5,0.723642332,1.249252042,0.198034096
90.6,0.721432312,1.246807176,0.196058739
90.7,0.719215765,1.244378262,0.194054389
90.8,0.7169928,1.241964815,0.192021743
90.9,0.714763223,1.239567625,0.189959695
91,0.71252768,1.237185993,0.187870094
91.1,0.710286741,1.234819971,0.185754094
91.2,0.708040962,1.232470189,0.183612179
91.3,0.70579079,1.230139134,0.181442817
91.4,0.703537504,1.227826996,0.179248249
91.5,0.701282214,1.225535444,0.177029084
91.6,0.699026201,1.223266843,0.174785589
91.7,0.696771248,1.221026008,0.172516379
91.8,0.694519287,1.218814369,0.17022395
91.9,0.692272473,1.216635655,0.167908885
92,0.690033506,1.214495031,0.165571502
92.1,0.687806183,1.212399943,0.163211783
92.2,0.685593383,1.210353504,0.16083245
92.3,0.68339891,1.208361826,0.158435
92.4,0.681227961,1.206434009,0.156020831
92.5,0.679086593,1.204579613,0.153592293
92.6,0.676978918,1.202803153,0.151153191
92.7,0.674910684,1.201112703,0.148706949
92.8,0.672890571,1.199521639,0.146257679
92.9,0.670925795,1.198038674,0.14381085
93,0.669021295,1.196668232,0.141372041
93.1,0.667183939,1.195418019,0.138947286
93.2,0.665425585,1.19430352,0.136544946
93.3,0.663751117,1.193326759,0.134172507
93.4,0.662164564,1.192488972,0.131836931
93.5,0.660671285,1.191793162,0.129545936
93.6,0.659283441,1.191251458,0.127311822
93.7,0.65799856,1.190853465,0.125139835
93.8,0.656817168,1.190594156,0.123036171
93.9,0.655739797,1.190468424,0.121007112
94,0.654774101,1.190478401,0.119065569
94.1,0.653908073,1.190602714,0.117209118
94.2,0.653137442,1.190830015,0.115440523
94.3,0.652457883,1.191148883,0.113762535
94.4,0.651866689,1.191548227,0.112180853
94.5,0.651349421,1.192007218,0.110687423
94.6,0.650897708,1.192511565,0.10927979
94.7,0.650504115,1.193047676,0.107956594
94.8,0.650159995,1.193600728,0.1067155
94.9,0.649853193,1.194156526,0.10554632
95,0.649575301,1.194703802,0.104443501
95.1,0.649318876,1.195231218,0.103403385
95.2,0.649075574,1.195728776,0.102419476
95.3,0.648837976,1.196190275,0.101483032
95.4,0.648600338,1.196609922,0.100588356
95.5,0.64835707,1.196980252,0.099731636
95.6,0.648103523,1.197298699,0.098906323
95.7,0.6478365,1.197564604,0.098106586
95.8,0.647553254,1.197776698,0.097328197
95.9,0.647250199,1.197930673,0.096568229
96,0.646926523,1.198029656,0.095822064
96.1,0.646581531,1.198075441,0.095086451
96.2,0.646214558,1.198069254,0.09435883
96.3,0.645823411,1.198008625,0.093637246
96.4,0.64540982,1.197899593,0.092919211
96.5,0.644974129,1.197744387,0.092203139
96.6,0.64451656,1.197544737,0.091487711
96.7,0.644036241,1.197300213,0.090771682
96.8,0.643535573,1.197016489,0.090054143
96.9,0.643015299,1.196695749,0.089334401
97,0.642475815,1.196339395,0.088611825
97.1,0.641917284,1.195948425,0.087885786
97.2,0.641341785,1.195527099,0.087156159
97.3,0.640750159,1.195077329,0.086422718
97.4,0.640142723,1.19460004,0.085685159
97.5,0.639520185,1.194096849,0.084943306
97.6,0.638884124,1.193570732,0.08419733
97.7,0.6382353,1.193023208,0.083447231
97.8,0.637573886,1.192454786,0.082692839
97.9,0.636900818,1.191867245,0.081934263
98,0.636217207,1.191262564,0.081171741
98.1,0.635523675,1.190641893,0.080405363
98.2,0.634820262,1.190005434,0.079635005
98.3,0.634107953,1.189354899,0.078860934
98.4,0.633387488,1.188691555,0.078083359
98.5,0.632659349,1.188016248,0.077302397
98.6,0.631923475,1.187328975,0.076517928
98.7,0.631180809,1.186631283,0.075730295
98.8,0.630431818,1.185923951,0.074939651
98.9,0.629676849,1.185207567,0.0741461
99,0.628915815,1.184482072,0.073349533
99.1,0.628149535,1.183748749,0.072550301
99.2,0.627378296,1.183008072,0.071748503
99.3,0.626602292,1.182260375,0.070944195
99.4,0.625821558,1.181505759,0.070137346
99.5,0.625036654,1.180745084,0.069328215
99.6,0.624247787,1.179978687,0.068516881
99.7,0.623455041,1.179206724,0.067703354
99.8,0.622658518,1.178429381,0.066887653
99.9,0.621858595,1.177647225,0.066069962
100,0.621055414,1.17686049,0.065250337
