time,force_data,sigup,sigdown
0.1,0.934563858,1.023224549,0.845903166
0.2,0.93279411,1.021086749,0.844501471
0.3,0.931036084,1.018982081,0.843090086
0.4,0.929289417,1.016909926,0.841668907
0.5,0.927553767,1.014869695,0.840237838
0.6,0.925828811,1.012860831,0.838796791
0.7,0.924114247,1.010882808,0.837345687
0.8,0.92240979,1.00893513,0.835884449
0.9,0.92071517,1.00701733,0.834413009
1,0.919030137,1.005128974,0.8329313
1.1,0.917354456,1.003269654,0.831439258
1.2,0.915687909,1.001438992,0.829936825
1.3,0.91403029,0.999636639,0.828423941
1.4,0.912381411,0.997862272,0.82690055
1.5,0.910741095,0.996115596,0.825366594
1.6,0.909109181,0.994396343,0.823822018
1.7,0.907485518,0.992704271,0.822266766
1.8,0.905869971,0.991039163,0.820700779
1.9,0.904262415,0.989400829,0.819124001
2,0.902662736,0.9877891,0.817536372
2.1,0.901070833,0.986203834,0.815937831
2.2,0.899486613,0.98464491,0.814328316
2.3,0.897909996,0.98311223,0.812707762
2.4,0.896340911,0.981605719,0.811076103
2.5,0.894779295,0.980284745,0.809273844
2.6,0.893225095,0.978670999,0.807779191
2.7,0.891678268,0.977416974,0.805939562
2.8,0.890138776,0.975840543,0.804437009
2.9,0.888606591,0.974464431,0.802748752
3,0.887081692,0.973114437,0.801048946
3.1,0.885564062,0.971990812,0.799137312
3.2,0.884053694,0.970493021,0.797614368
3.3,0.882550585,0.969433351,0.795667818
3.4,0.881054735,0.967976858,0.794132611
3.5,0.879566151,0.966758471,0.79237383
3.6,0.878084842,0.965566683,0.790603001
3.7,0.876610822,0.964401605,0.788820039
3.8,0.875144105,0.963263351,0.787024858
3.9,0.873684707,0.962152037,0.785217378
4,0.872232646,0.961067776,0.783397515
4.1,0.870787936,0.96001068,0.781565192
4.2,0.869350593,0.958980853,0.779720333
4.3,0.867920627,0.957978389,0.777862865
4.4,0.866498046,0.957003372,0.775992721
4.5,0.865082852,0.956055866,0.774109839
4.6,0.86367504,0.955135916,0.772214164
4.7,0.862274594,0.954243544,0.770305645
4.8,0.860881491,0.95337874,0.768384242
4.9,0.859495693,0.952541463,0.766449923
5,0.858117148,0.95173163,0.764502665
5.1,0.856745787,0.950949116,0.762542458
5.2,0.855381523,0.950193743,0.760569302
5.3,0.854024244,0.949465279,0.75858321
5.4,0.852673817,0.948763424,0.75658421
5.5,0.851330079,0.948087812,0.754572345
5.6,0.849992835,0.947437997,0.752547673
5.7,0.848661859,0.946813447,0.75051027
5.8,0.847336884,0.946213538,0.74846023
5.9,0.846017604,0.945637543,0.746397665
6,0.844703666,0.945084624,0.744322707
6.1,0.843394669,0.944553827,0.74223551
6.2,0.842090158,0.944044069,0.740136247
6.3,0.840789622,0.943554129,0.738025114
6.4,0.839492487,0.943082646,0.735902328
6.5,0.838198115,0.942628102,0.733768128
6.6,0.836905799,0.942188822,0.731622775
6.7,0.835614757,0.941762962,0.729466552
6.8,0.834324133,0.941348503,0.727299763
6.9,0.83303299,0.940943247,0.725122732
7,0.831740309,0.940544815,0.722935803
7.1,0.830444987,0.940150637,0.720739337
7.2,0.829145835,0.939765087,0.718526583
7.3,0.827841577,0.939394111,0.716289044
7.4,0.826530852,0.939019919,0.714041784
7.5,0.825212212,0.938639154,0.71178527
7.6,0.823884128,0.938248258,0.709519999
7.7,0.822544993,0.937843483,0.707246502
7.8,0.821193124,0.937420905,0.704965342
7.9,0.819826772,0.936976431,0.702677112
8,0.818444129,0.936505821,0.700382437
8.1,0.817043338,0.936004707,0.69808197
8.2,0.815622503,0.935468616,0.69577639
8.3,0.814179702,0.934892999,0.693466404
8.4,0.812713002,0.934273261,0.691152743
8.5,0.811220473,0.933604789,0.688836156
8.6,0.809700207,0.932882996,0.686517417
8.7,0.808150332,0.93210335,0.684197314
8.8,0.806569033,0.931261415,0.681876652
8.9,0.80495457,0.930352893,0.679556248
9,0.803305294,0.929373656,0.677236931
9.1,0.801619668,0.928319794,0.674919541
9.2,0.799896282,0.927187642,0.672604923
9.3,0.798133873,0.92597382,0.670293926
9.4,0.796331334,0.924675266,0.667987403
9.5,0.794487732,0.923289261,0.665686204
9.6,0.792602316,0.921813459,0.663391174
9.7,0.790674526,0.920245904,0.661103148
9.8,0.788703997,0.91858505,0.658822944
9.9,0.786690566,0.916829773,0.656551359
10,0.784634268,0.914979375,0.65428916
10.1,0.782535333,0.913033591,0.652037075
10.2,0.780394184,0.910992581,0.649795787
10.3,0.778211427,0.908856928,0.647565926
10.4,0.775987839,0.906627618,0.645348059
10.5,0.773724357,0.904306029,0.643142686
10.6,0.771422065,0.901893901,0.64095023
10.7,0.769082177,0.899393318,0.638771036
10.8,0.766706018,0.896838279,0.636573757
10.9,0.764295012,0.894236658,0.634353365
11,0.761850659,0.891556057,0.632145261
11.1,0.759374522,0.888799089,0.629949955
11.2,0.756868207,0.88596856,0.627767854
11.3,0.754333347,0.883067434,0.62559926
11.4,0.751771588,0.880098806,0.623444371
11.5,0.749184574,0.877065867,0.621303281
11.6,0.74657393,0.873971878,0.619175982
11.7,0.743941258,0.870820142,0.617062375
11.8,0.74128812,0.867613971,0.614962269
11.9,0.738616031,0.864356669,0.612875393
12,0.735926452,0.861051503,0.610801401
12.1,0.733220785,0.857701688,0.608739882
12.2,0.730500365,0.854310366,0.606690364
12.3,0.727766461,0.850880595,0.604652326
12.4,0.725020268,0.847415332,0.602625203
12.5,0.72226291,0.843917429,0.600608392
12.6,0.71949544,0.84038962,0.598601261
12.7,0.716718837,0.836834521,0.596603154
12.8,0.713934009,0.833254622,0.594613395
12.9,0.711141793,0.829652291,0.592631296
13,0.708342962,0.826029767,0.590656157
13.1,0.705538221,0.822389166,0.588687276
13.2,0.702728213,0.818732482,0.586723944
13.3,0.699913524,0.815061591,0.584765456
13.4,0.69709468,0.811378253,0.582811107
13.5,0.694272157,0.807684119,0.580860195
13.6,0.691446379,0.803980732,0.578912025
13.7,0.688617723,0.800269539,0.576965906
13.8,0.685786522,0.79655189,0.575021155
13.9,0.682953069,0.792829047,0.573077091
14,0.680117615,0.78910219,0.571133041
14.1,0.677280378,0.785372423,0.569188333
14.2,0.674441538,0.781640778,0.567242299
14.3,0.671601246,0.777908222,0.565294271
14.4,0.668759621,0.774175664,0.563343579
14.5,0.665916754,0.77044396,0.561389548
14.6,0.663072708,0.766713919,0.559431497
14.7,0.660227518,0.762986306,0.557468731
14.8,0.657381197,0.759261852,0.555500542
14.9,0.65453373,0.755541258,0.553526202
15,0.65168508,0.751825199,0.551544961
15.1,0.648835184,0.748114332,0.549556036
15.2,0.645983958,0.744409301,0.547558614
15.3,0.643131291,0.740710742,0.545551839
15.4,0.64027705,0.737019291,0.543534809
15.5,0.637421078,0.73333559,0.541506567
15.6,0.634563195,0.729660291,0.539466099
15.7,0.631703193,0.725994067,0.537412319
15.8,0.628840843,0.722337616,0.53534407
15.9,0.625975888,0.718691669,0.533260108
16,0.623108048,0.715056998,0.531159099
16.1,0.620237017,0.711434425,0.52903961
16.2,0.617362464,0.707824829,0.526900099
16.3,0.614484032,0.704229153,0.524738912
16.4,0.611601342,0.700648417,0.522554268
16.5,0.608713991,0.697083722,0.520344261
16.6,0.605821555,0.693536262,0.518106847
16.7,0.602923588,0.69000733,0.515839845
16.8,0.600019629,0.686498328,0.51354093
16.9,0.597109201,0.683010771,0.511207632
17,0.594191819,0.679546299,0.508837339
17.1,0.591266988,0.676106677,0.5064273
17.2,0.588334216,0.672693802,0.50397463
17.3,0.585393012,0.669309704,0.50147632
17.4,0.5824429,0.665956547,0.498929253
17.5,0.579483423,0.662636625,0.496330221
17.6,0.576514154,0.659352361,0.493675948
17.7,0.573534704,0.656106294,0.490963114
17.8,0.570544734,0.652901073,0.488188395
17.9,0.567543967,0.64973944,0.485348493
18,0.5645322,0.646624215,0.482440184
18.1,0.561509318,0.643558275,0.47946036
18.2,0.558475309,0.640544532,0.476406086
18.3,0.555430277,0.637585908,0.473274646
18.4,0.552374459,0.634685308,0.470063609
18.5,0.549308237,0.631846331,0.466770143
18.6,0.546232159,0.629153997,0.463310321
18.7,0.543146946,0.626529801,0.459764091
18.8,0.54005351,0.623975952,0.456131069
18.9,0.536952969,0.621494451,0.452411486
19,0.53384665,0.619087063,0.448606237
19.1,0.530736107,0.616755301,0.444716913
19.2,0.52762312,0.614500407,0.440745833
19.3,0.524509704,0.612323345,0.436696063
19.4,0.521398105,0.610224789,0.432571421
19.5,0.5182908,0.608205123,0.428376477
19.6,0.515190487,0.606264439,0.424116535
19.7,0.512100076,0.604402539,0.419797613
19.8,0.50902267,0.602618937,0.415426404
19.9,0.505961547,0.600912863,0.411010232
20,0.502920133,0.599283262,0.406557004
20.1,0.499901973,0.597728793,0.402075153
20.2,0.496910699,0.596247826,0.397573571
20.3,0.493949989,0.594838427,0.393061551
20.4,0.491023531,0.593498343,0.388548718
20.5,0.488134975,0.592224979,0.384044971
20.6,0.485287893,0.591015361,0.379560425
20.7,0.482485728,0.589866099,0.375105356
20.8,0.479731748,0.588773335,0.370690162
20.9,0.477029005,0.587732686,0.366325325
21,0.474380283,0.586739175,0.362021391
21.1,0.471788062,0.585787169,0.357788956
21.2,0.469254477,0.5848703,0.353638654
21.3,0.466781281,0.583981402,0.349581159
21.4,0.464369817,0.583112457,0.345627176
21.5,0.462020994,0.582448594,0.341593393
21.6,0.459735263,0.581905409,0.337565116
21.7,0.457512606,0.581389532,0.333635679
21.8,0.455352526,0.580890254,0.329814798
21.9,0.453254048,0.580395871,0.326112224
22,0.451215715,0.579893912,0.322537519
22.1,0.449235606,0.579371488,0.319099724
22.2,0.447311342,0.578815782,0.315806903
22.3,0.445440109,0.578214641,0.312665576
22.4,0.443618677,0.577557263,0.309680091
22.5,0.44184343,0.577128908,0.306557952
22.6,0.440110394,0.576917047,0.303303741
22.7,0.438415269,0.576641445,0.300189092
22.8,0.436753462,0.576295363,0.29721156
22.9,0.435120125,0.575875198,0.294365053
23,0.433510195,0.575380412,0.291639978
23.1,0.431918425,0.574813191,0.289023659
23.2,0.43033943,0.574177891,0.28650097
23.3,0.428767725,0.573480358,0.284055092
23.4,0.427197761,0.573100307,0.281295214
23.5,0.425623969,0.57271613,0.278531807
23.6,0.424040797,0.572252859,0.275828735
23.7,0.422442752,0.571714047,0.273171458
23.8,0.420824437,0.571102808,0.270546066
23.9,0.419180588,0.570421559,0.267939618
24,0.417506117,0.569671875,0.26534036
24.1,0.415796146,0.568854433,0.262737858
24.2,0.414046042,0.567969028,0.260123057
24.3,0.412251461,0.567014639,0.257488283
24.4,0.410408372,0.565989529,0.254827214
24.5,0.408513097,0.564891365,0.25213483
24.6,0.406562344,0.563717346,0.249407343
24.7,0.404553231,0.562464332,0.246642129
24.8,0.402483314,0.561128973,0.243837655
24.9,0.400350615,0.559707823,0.240993408
25,0.39815364,0.558197455,0.238109825
25.1,0.395891391,0.556594558,0.235188225
25.2,0.393563386,0.554896027,0.232230746
25.3,0.391169659,0.553099039,0.229240278
25.4,0.388710762,0.551201123,0.226220401
25.5,0.386187763,0.549200212,0.223175314
25.6,0.383602234,0.547094693,0.220109775
25.7,0.380956231,0.54488344,0.217029022
25.8,0.378252274,0.54256584,0.213938707
25.9,0.375493312,0.540141811,0.210844812
26,0.372682691,0.537811762,0.207553619
26.1,0.36982411,0.535558985,0.204089234
26.2,0.366921574,0.533217601,0.200625546
26.3,0.363979341,0.530788148,0.197170534
26.4,0.361001871,0.528271614,0.193732129
26.5,0.357993764,0.525669412,0.190318117
26.6,0.354959703,0.522983358,0.186936048
26.7,0.351904396,0.520215643,0.183593148
26.8,0.348832515,0.517368802,0.180296228
26.9,0.345748645,0.514445687,0.177051603
27,0.342657225,0.511449442,0.173865008
27.1,0.339562503,0.508383472,0.170741534
27.2,0.336468493,0.505251423,0.167685564
27.3,0.333378935,0.502177951,0.164579919
27.4,0.330297262,0.499377063,0.161217461
27.5,0.327226578,0.496516747,0.157936409
27.6,0.324169637,0.493599461,0.154739814
27.7,0.321128834,0.490627784,0.151629885
27.8,0.318106196,0.487604394,0.148607998
27.9,0.315103385,0.484532047,0.145674724
28,0.312121706,0.481413545,0.142829868
28.1,0.309162117,0.478251707,0.140072526
28.2,0.306225245,0.47504933,0.137401159
28.3,0.303311409,0.471809149,0.134813669
28.4,0.300420641,0.46853379,0.132307493
28.5,0.297552716,0.465225731,0.129879701
28.6,0.294707173,0.461887256,0.12752709
28.7,0.291883351,0.458520414,0.125246289
28.8,0.289080415,0.455126985,0.123033846
28.9,0.286297385,0.451852487,0.120742282
29,0.283533166,0.448621499,0.118444832
29.1,0.280786576,0.445346393,0.116226759
29.2,0.278056372,0.442028021,0.114084724
29.3,0.275341277,0.438667106,0.112015448
29.4,0.272639998,0.435264253,0.110015743
29.5,0.269951253,0.43181996,0.108082545
29.6,0.267273787,0.42833464,0.106212934
29.7,0.264606391,0.424808643,0.104404139
29.8,0.261947913,0.421242281,0.102653545
29.9,0.259297275,0.41763586,0.100958691
30,0.256653482,0.413989705,0.099317259
30.1,0.25401563,0.410304188,0.097727072
30.2,0.251382912,0.406579751,0.096186072
30.3,0.248754625,0.40281693,0.09469232
30.4,0.246130174,0.399016376,0.093243972
30.5,0.24350907,0.395178864,0.091839275
30.6,0.240890932,0.391305311,0.090476553
30.7,0.238275487,0.387396778,0.089154196
30.8,0.235662569,0.383454481,0.087870656
30.9,0.233052109,0.379479787,0.086624432
31,0.230444141,0.375474215,0.085414068
31.1,0.227838788,0.371439431,0.084238146
31.2,0.225236262,0.367377244,0.083095281
31.3,0.222636855,0.363289597,0.081984114
31.4,0.220040934,0.359178557,0.080903311
31.5,0.217448932,0.355046308,0.079851555
31.6,0.214861343,0.350895139,0.078827547
31.7,0.212278713,0.34672743,0.077829997
31.8,0.209701634,0.342545643,0.076857625
31.9,0.207130734,0.338352313,0.075909156
32,0.204566672,0.334150027,0.074983317
32.1,0.202010128,0.329941422,0.074078833
32.2,0.199461797,0.325729166,0.073194429
32.3,0.196922385,0.32151595,0.072328819
32.4,0.194392595,0.317304474,0.071480716
32.5,0.191873128,0.313097438,0.070648818
32.6,0.189364673,0.308897529,0.069831817
32.7,0.186867902,0.304707414,0.069028391
32.8,0.184383466,0.300529724,0.068237208
32.9,0.181911987,0.296367052,0.067456923
33,0.179454059,0.292221937,0.06668618
33.1,0.177010237,0.28809686,0.065923615
33.2,0.174581042,0.283994233,0.065167851
33.3,0.172166951,0.279916396,0.064417507
33.4,0.169768399,0.275865603,0.063671195
33.5,0.167385774,0.271844024,0.062927523
33.6,0.165019418,0.267853734,0.062185102
33.7,0.162669626,0.263896708,0.061442544
33.8,0.160336642,0.259974819,0.060698465
33.9,0.158020663,0.256089833,0.059951494
34,0.155721839,0.252243406,0.059200272
34.1,0.153440268,0.24843708,0.058443456
34.2,0.151176004,0.244672283,0.057679725
34.3,0.148929055,0.240950326,0.056907784
34.4,0.146699383,0.237272401,0.056126365
34.5,0.144486908,0.233639582,0.055334234
34.6,0.14229151,0.230052825,0.054530195
34.7,0.140113028,0.226512967,0.05371309
34.8,0.137951266,0.223020725,0.052881808
34.9,0.135805993,0.219576702,0.052035284
35,0.133676945,0.216181384,0.051172506
35.1,0.13156383,0.212835144,0.050292516
35.2,0.129466327,0.209538243,0.049394412
35.3,0.127384093,0.206290833,0.048477352
35.4,0.125316759,0.203092959,0.047540558
35.5,0.123263938,0.199944563,0.046583314
35.6,0.121225228,0.196845488,0.045604968
35.7,0.119200209,0.193795479,0.044604938
35.8,0.117188448,0.19079419,0.043582706
35.9,0.115189505,0.187841186,0.042537824
36,0.113202928,0.184935946,0.041469909
36.1,0.11122826,0.182077874,0.040378647
36.2,0.109265043,0.179266294,0.039263791
36.3,0.107312811,0.176500466,0.038125156
36.4,0.105371103,0.173779582,0.036962623
36.5,0.103439455,0.171102775,0.035776135
36.6,0.101517409,0.168469128,0.034565691
36.7,0.099604511,0.165877671,0.033331351
36.8,0.097700312,0.163327398,0.032073226
36.9,0.095804371,0.160817263,0.030791479
37,0.093916256,0.15834619,0.029486322
37.1,0.092035545,0.155689366,0.028381725
37.2,0.090161828,0.153516821,0.026806836
37.3,0.088294707,0.151156277,0.025433138
37.4,0.086433798,0.148647691,0.024219905
37.5,0.084578732,0.146537795,0.022619669
37.6,0.082729156,0.14411985,0.021338462
37.7,0.080884735,0.142048576,0.019720894
37.8,0.079045151,0.139849648,0.018240655
37.9,0.077210107,0.137555784,0.016864431
38,0.075379326,0.135537737,0.015220915
38.1,0.073552552,0.133422666,0.013682438
38.2,0.071729554,0.131333517,0.01212559
38.3,0.069910123,0.129269334,0.010550911
38.4,0.068094077,0.127229207,0.008958947
38.5,0.066281261,0.125212273,0.00735025
38.6,0.064471548,0.123217718,0.005725378
38.7,0.062664839,0.121244783,0.004084895
38.8,0.060861069,0.119292767,0.002429371
38.9,0.059060203,0.117361027,0.000759379
39,0.057262242,0.115417478,-0.000892995
39.1,0.055467222,0.11355612,-0.002621677
39.2,0.053675216,0.11168199,-0.004331558
39.3,0.05188634,0.109826216,-0.006053537
39.4,0.050100746,0.107988488,-0.007786997
39.5,0.048318632,0.10616857,-0.009531307
39.6,0.046540241,0.104366302,-0.011285821
39.7,0.044765862,0.102585324,-0.013053601
39.8,0.042995832,0.100814438,-0.014822773
39.9,0.041230542,0.099074963,-0.016613878
40,0.039470432,0.097333112,-0.018392248
40.1,0.037715998,0.095619304,-0.020187308
40.2,0.035967791,0.093923767,-0.021988186
40.3,0.034226422,0.092246876,-0.023794032
40.4,0.03249256,0.090589079,-0.025603959
40.5,0.030766936,0.088950899,-0.027417028
40.6,0.029050342,0.087347968,-0.029247284
40.7,0.027343634,0.085748885,-0.031061617
40.8,0.025647732,0.084160396,-0.032864931
40.9,0.023963622,0.082607365,-0.034680121
41,0.022292353,0.081077631,-0.036492924
41.1,0.020635041,0.079568262,-0.038298181
41.2,0.018992864,0.078091822,-0.040106095
41.3,0.017367064,0.076637765,-0.041903637
41.4,0.015758948,0.075211031,-0.043693135
41.5,0.014169879,0.073812736,-0.045472978
41.6,0.01260128,0.072444031,-0.04724147
41.7,0.011054628,0.071106089,-0.048996832
41.8,0.009531451,0.069800101,-0.050737198
41.9,0.008033323,0.068432292,-0.052365645
42,0.006561861,0.067288776,-0.054165054
42.1,0.005118716,0.066085821,-0.055848389
42.2,0.00370557,0.064919563,-0.057508423
42.3,0.002324128,0.063791137,-0.059142881
42.4,0.00097611,0.062495867,-0.060543648
42.5,-0.000336759,0.061418023,-0.062091541
42.6,-0.001612753,0.060643491,-0.063868996
42.7,-0.002850159,0.059676735,-0.065377052
42.8,-0.004047284,0.05875265,-0.066847219
42.9,-0.005202468,0.057703919,-0.068108856
43,-0.006314092,0.056904883,-0.069533067
43.1,-0.00738059,0.05624329,-0.07100447
43.2,-0.008400459,0.055448315,-0.072249233
43.3,-0.009372271,0.054794541,-0.073539083
43.4,-0.010294684,0.054182747,-0.074772115
43.5,-0.011166452,0.053527823,-0.075860727
43.6,-0.011986434,0.052962894,-0.076935762
43.7,-0.012753608,0.052644132,-0.078151347
43.8,-0.013467074,0.051969295,-0.078903443
43.9,-0.014126068,0.051608935,-0.07986107
44,-0.014729967,0.051343049,-0.080802983
44.1,-0.015278295,0.051253694,-0.081810285
44.2,-0.015770732,0.050953574,-0.082495038
44.3,-0.016207112,0.05082814,-0.083242364
44.4,-0.016587433,0.050747535,-0.083922402
44.5,-0.016911856,0.050584101,-0.084407814
44.6,-0.017180705,0.050523135,-0.084884544
44.7,-0.017394465,0.050763279,-0.08555221
44.8,-0.017553787,0.050594913,-0.085702486
44.9,-0.017659474,0.050976189,-0.086295137
45,-0.017712487,0.051139541,-0.086564515
45.1,-0.017713932,0.051339076,-0.08676694
45.2,-0.017665056,0.051573465,-0.086903578
45.3,-0.017567241,0.051841368,-0.086975849
45.4,-0.01742199,0.05214143,-0.08698541
45.5,-0.017230925,0.052672568,-0.087134418
45.6,-0.01699577,0.05309484,-0.087086379
45.7,-0.016718344,0.053543791,-0.086980478
45.8,-0.016400549,0.053799223,-0.086600321
45.9,-0.01604436,0.054353202,-0.086441922
46,-0.015651811,0.054927546,-0.086231169
46.1,-0.015224986,0.055520575,-0.085970548
46.2,-0.014766007,0.056130621,-0.085662634
46.3,-0.01427702,0.056756028,-0.085310067
46.4,-0.013760188,0.057301329,-0.084821705
46.5,-0.013217681,0.058046367,-0.084481728
46.6,-0.01265166,0.058708057,-0.084011377
46.7,-0.012064274,0.059378629,-0.083507177
46.8,-0.011457649,0.060056508,-0.082971806
46.9,-0.010833877,0.060740145,-0.082407898
47,-0.010195012,0.061428018,-0.081818041
47.1,-0.009543061,0.062118636,-0.081204757
47.2,-0.008879979,0.062810543,-0.0805705
47.3,-0.008207661,0.063502323,-0.079917644
47.4,-0.00752794,0.064043831,-0.079099711
47.5,-0.006842581,0.06488005,-0.078565212
47.6,-0.006153277,0.06556339,-0.077869945
47.7,-0.005461647,0.066241397,-0.077164691
47.8,-0.004769232,0.066912901,-0.076451365
47.9,-0.004077495,0.067576788,-0.075731778
48,-0.003387817,0.068232009,-0.075007643
48.1,-0.002701499,0.068877573,-0.07428057
48.2,-0.002019758,0.069512555,-0.073552071
48.3,-0.001343729,0.070136096,-0.072823553
48.4,-0.000674464,0.070747401,-0.07209633
48.5,-1.29E-05,0.071345742,-0.071371612
48.6,0.000639971,0.07193046,-0.070650519
48.7,0.001283446,0.072500963,-0.069934071
48.8,0.001916761,0.073056724,-0.069223201
48.9,0.002539268,0.073597284,-0.068518749
49,0.003150393,0.074122253,-0.067821467
49.1,0.003749641,0.074631305,-0.067132023
49.2,0.004336589,0.075124178,-0.066451
49.3,0.004910887,0.075600677,-0.065778902
49.4,0.005472258,0.076060669,-0.065116153
49.5,0.006020491,0.076504085,-0.064463103
49.6,0.006555446,0.076930916,-0.063820024
49.7,0.007077047,0.077341215,-0.063187121
49.8,0.007585283,0.077735093,-0.062564527
49.9,0.008080205,0.07811272,-0.06195231
50,0.008561927,0.078474323,-0.06135047
50.1,0.009030619,0.078820185,-0.060758948
50.2,0.009486512,0.079150644,-0.06017762
50.3,0.009929891,0.079466091,-0.059606308
50.4,0.010361097,0.079766968,-0.059044774
50.5,0.010780522,0.08005377,-0.058492726
50.6,0.011188611,0.080327041,-0.05794982
50.7,0.011585857,0.080587374,-0.057415659
50.8,0.011972805,0.080835408,-0.056889799
50.9,0.012350041,0.08107183,-0.056371747
51,0.012718201,0.081297368,-0.055860965
51.1,0.013077963,0.081512798,-0.055356872
51.2,0.013430046,0.081718934,-0.054858842
51.3,0.013775211,0.081916633,-0.054366211
51.4,0.014114255,0.082106788,-0.053878277
51.5,0.014448017,0.082290332,-0.053394298
51.6,0.014777366,0.082468233,-0.0529135
51.7,0.01510321,0.082641493,-0.052435073
51.8,0.015426484,0.082811147,-0.051958178
51.9,0.015748158,0.082978259,-0.051481944
52,0.016069226,0.083143925,-0.051005472
52.1,0.016390713,0.083309265,-0.050527839
52.2,0.016713665,0.083475426,-0.050048096
52.3,0.017039153,0.083643576,-0.049565271
52.4,0.017368267,0.083821398,-0.049084864
52.5,0.017702117,0.084006082,-0.048601847
52.6,0.01804183,0.08419658,-0.04811292
52.7,0.018388546,0.084394146,-0.047617054
52.8,0.018743417,0.084600043,-0.047113208
52.9,0.019107608,0.084815545,-0.046600329
53,0.019482287,0.085041929,-0.046077354
53.1,0.019868633,0.085280479,-0.045543214
53.2,0.020267823,0.085532479,-0.044996832
53.3,0.02068104,0.085799212,-0.044437131
53.4,0.021109462,0.086081956,-0.043863031
53.5,0.021554265,0.086381984,-0.043273453
53.6,0.022016619,0.086700559,-0.042667321
53.7,0.022497685,0.087038934,-0.042043563
53.8,0.022998615,0.087398346,-0.041401115
53.9,0.023520548,0.087780016,-0.04073892
54,0.024064606,0.088185146,-0.040055934
54.1,0.024631897,0.088614916,-0.039351122
54.2,0.025223508,0.089070483,-0.038623466
54.3,0.025840506,0.089552978,-0.037871965
54.4,0.026483934,0.090063501,-0.037095632
54.5,0.027154811,0.090603126,-0.036293504
54.6,0.027854127,0.09117289,-0.035464636
54.7,0.028582845,0.091773798,-0.034608108
54.8,0.029341898,0.09240682,-0.033723024
54.9,0.030132185,0.093072885,-0.032808514
55,0.030954575,0.093772884,-0.031863735
55.1,0.031809898,0.09450767,-0.030887874
55.2,0.032698951,0.09527805,-0.029880148
55.3,0.033622493,0.09608479,-0.028839805
55.4,0.034581243,0.096928612,-0.027766126
55.5,0.035575882,0.097810191,-0.026658427
55.6,0.036607051,0.098730159,-0.025516058
55.7,0.037675347,0.099689101,-0.024338406
55.8,0.038781329,0.100687553,-0.023124894
55.9,0.039925511,0.101726006,-0.021874985
56,0.041108363,0.102804904,-0.020588178
56.1,0.042330313,0.103924641,-0.019264015
56.2,0.043591746,0.105085567,-0.017902076
56.3,0.044893,0.106287981,-0.016501982
56.4,0.04623437,0.107532138,-0.015063398
56.5,0.047616106,0.108818243,-0.013586031
56.6,0.049038415,0.110146457,-0.012069628
56.7,0.050501455,0.111516894,-0.010513983
56.8,0.052005344,0.112929621,-0.008918933
56.9,0.053550152,0.114384664,-0.007284359
57,0.055135906,0.115882,-0.005610188
57.1,0.056762587,0.117421565,-0.003896391
57.2,0.058430134,0.119003254,-0.002142986
57.3,0.06013844,0.120626917,-0.000350038
57.4,0.061887354,0.122292365,0.001482344
57.5,0.063676684,0.123999368,0.003353999
57.6,0.065506191,0.125747658,0.005264724
57.7,0.067375596,0.12753693,0.007214262
57.8,0.069284576,0.129366839,0.009202312
57.9,0.071232765,0.131237007,0.011228523
58,0.073219756,0.133147021,0.013292492
58.1,0.075245101,0.135096434,0.015393768
58.2,0.077308308,0.137084767,0.017531849
58.3,0.079408846,0.13911151,0.019706182
58.4,0.081546143,0.141176122,0.021916164
58.5,0.083719586,0.143278035,0.024161137
58.6,0.085928523,0.145416653,0.026440393
58.7,0.088172262,0.147591353,0.02875317
58.8,0.090450071,0.149801488,0.031098654
58.9,0.092761181,0.152046386,0.033475975
59,0.095104783,0.154325354,0.035884212
59.1,0.097480032,0.156637678,0.038322387
59.2,0.099886046,0.158982622,0.04078947
59.3,0.102321905,0.161359434,0.043284375
59.4,0.104786652,0.163767343,0.045805962
59.5,0.107279299,0.166205561,0.048353037
59.6,0.109798819,0.168673287,0.050924351
59.7,0.112344154,0.171169706,0.053518602
59.8,0.114914212,0.17369399,0.056134435
59.9,0.11750787,0.1762453,0.058770441
60,0.120123974,0.178822786,0.061425162
60.1,0.12276134,0.181425591,0.064097088
60.2,0.125418755,0.184052849,0.066784661
60.3,0.12809498,0.186703687,0.069486274
60.4,0.130788752,0.189377228,0.072200276
60.5,0.13349878,0.192072588,0.074924973
60.6,0.136223755,0.194788882,0.077658629
60.7,0.138962346,0.197525219,0.080399472
60.8,0.141713202,0.20028071,0.083145694
60.9,0.144474958,0.203054461,0.085895455
61,0.147246235,0.205845581,0.088646889
61.1,0.150025641,0.208653175,0.091398107
61.2,0.152811776,0.211476354,0.094147199
61.3,0.155603235,0.214314225,0.096892244
61.4,0.158398606,0.217189315,0.099607898
61.5,0.161196481,0.220093229,0.102299732
61.6,0.16399545,0.223009957,0.104980943
61.7,0.166794114,0.225938568,0.107649659
61.8,0.169591078,0.228878131,0.110304025
61.9,0.172384965,0.231827718,0.112942211
62,0.175174409,0.234786403,0.115562416
62.1,0.177958069,0.237753261,0.118162878
62.2,0.180734626,0.24072737,0.120741881
62.3,0.183502786,0.243707814,0.123297758
62.4,0.186261291,0.246693677,0.125828904
62.5,0.189008915,0.249684051,0.128333779
62.6,0.191744474,0.252678032,0.130810916
62.7,0.194466826,0.255674721,0.13325893
62.8,0.197174876,0.258673229,0.135676522
62.9,0.19986758,0.261672673,0.138062488
63,0.202543952,0.264672182,0.140415721
63.1,0.20520306,0.267670896,0.142735224
63.2,0.207844038,0.270667969,0.145020108
63.3,0.210466085,0.273662568,0.147269602
63.4,0.213068467,0.27665388,0.149483055
63.5,0.215650526,0.279641111,0.15165994
63.6,0.218211675,0.282623489,0.15379986
63.7,0.220751408,0.285600269,0.155902547
63.8,0.223269298,0.288570731,0.157967865
63.9,0.225765,0.291534187,0.159995813
64,0.228238255,0.294489984,0.161986526
64.1,0.230688889,0.297437505,0.163940272
64.2,0.233116813,0.300376172,0.165857455
64.3,0.235522031,0.303305453,0.167738609
64.4,0.23790463,0.306224858,0.169584402
64.5,0.240264789,0.309133949,0.171395629
64.6,0.242602776,0.31203234,0.173173212
64.7,0.244918945,0.314919697,0.174918192
64.8,0.247213737,0.317795745,0.17663173
64.9,0.249487682,0.320660266,0.178315099
65,0.251741391,0.323513105,0.179969678
65.1,0.253975559,0.326354168,0.18159695
65.2,0.256190959,0.329183425,0.183198494
65.3,0.258388443,0.33200091,0.184775976
65.4,0.260568937,0.334806724,0.18633115
65.5,0.262733437,0.337601032,0.187865842
65.6,0.264883007,0.340384064,0.18938195
65.7,0.267018775,0.343156115,0.190881434
65.8,0.269141927,0.345917545,0.19236631
65.9,0.271253707,0.348668774,0.19383864
66,0.273355408,0.351410286,0.19530053
66.1,0.27544837,0.354142621,0.196754118
66.2,0.277533974,0.356866378,0.198201569
66.3,0.279613638,0.359582209,0.199645067
66.4,0.281688814,0.362290818,0.20108681
66.5,0.28376098,0.364992959,0.202529001
66.6,0.285831634,0.367689428,0.203973841
66.7,0.287902296,0.370381065,0.205423527
66.8,0.289974495,0.373068749,0.206880241
66.9,0.292049768,0.375753393,0.208346144
67,0.294129658,0.378435941,0.209823374
67.1,0.296215702,0.381117364,0.21131404
67.2,0.298309434,0.383798659,0.21282021
67.3,0.300412377,0.386480839,0.214343916
67.4,0.302526039,0.389164936,0.215887141
67.5,0.304651907,0.391851992,0.217451822
67.6,0.306791448,0.39454306,0.219039836
67.7,0.308946102,0.397239196,0.220653007
67.8,0.311117275,0.399941458,0.222293093
67.9,0.313306345,0.402650901,0.223961789
68,0.315514648,0.405368575,0.225660721
68.1,0.317743481,0.408095521,0.227391441
68.2,0.3199941,0.41083277,0.229155429
68.3,0.322267711,0.413581335,0.230954087
68.4,0.324565475,0.416342213,0.232788737
68.5,0.3268885,0.419116381,0.234660619
68.6,0.329237839,0.42190479,0.236570889
68.7,0.331614494,0.424708367,0.23852062
68.8,0.334019403,0.427528013,0.240510793
68.9,0.336453449,0.430364594,0.242542304
69,0.338917451,0.433218945,0.244615957
69.1,0.341412166,0.436121856,0.246702476
69.2,0.343938284,0.439055199,0.248821369
69.3,0.346496431,0.44200976,0.250983103
69.4,0.349087164,0.444986215,0.253188114
69.5,0.35171097,0.447985194,0.255436746
69.6,0.354368266,0.451007283,0.257729249
69.7,0.357059398,0.454053021,0.260065776
69.8,0.359784639,0.457122896,0.262446381
69.9,0.362544186,0.460217348,0.264871025
70,0.365338166,0.463336763,0.267339568
70.1,0.368166625,0.466481476,0.269851773
70.2,0.371029536,0.469651766,0.272407305
70.3,0.373926795,0.472847858,0.275005732
70.4,0.376858219,0.476069916,0.277646522
70.5,0.379823549,0.479318051,0.280329047
70.6,0.382822446,0.482592311,0.283052581
70.7,0.385854493,0.485892685,0.285816302
70.8,0.388919196,0.4892191,0.288619292
70.9,0.39201598,0.492571421,0.29146054
71,0.395144195,0.49594945,0.294338941
71.1,0.398303112,0.499352924,0.297253299
71.2,0.401491924,0.502781518,0.300202329
71.3,0.40470975,0.50623484,0.30318466
71.4,0.407955634,0.509712433,0.306198836
71.5,0.411228547,0.513213776,0.309243319
71.6,0.414527387,0.516738281,0.312316493
71.7,0.417850983,0.520285295,0.31541667
71.8,0.421198096,0.523854103,0.31854209
71.9,0.424567423,0.527443921,0.321690925
72,0.427957598,0.531053907,0.32486129
72.1,0.431367196,0.534683153,0.32805124
72.2,0.434794737,0.538330691,0.331258782
72.3,0.438238686,0.541995496,0.334481877
72.4,0.441697465,0.545676482,0.337718448
72.5,0.445169448,0.54937251,0.340966385
72.6,0.448652971,0.55308239,0.344223553
72.7,0.452146337,0.556804877,0.347487797
72.8,0.455647819,0.560538684,0.350756954
72.9,0.459155666,0.564282478,0.354028855
73,0.462668109,0.568034885,0.357301333
73.1,0.466183367,0.571794497,0.360572237
73.2,0.469699651,0.575559872,0.36383943
73.3,0.473215173,0.57932954,0.367100806
73.4,0.476728149,0.583102008,0.370354289
73.5,0.480236807,0.586875764,0.37359785
73.6,0.483739394,0.590649284,0.376829504
73.7,0.48723418,0.594421033,0.380047326
73.8,0.490719463,0.598189472,0.383249454
73.9,0.49419358,0.601953064,0.386434095
74,0.497654906,0.605710281,0.389599531
74.1,0.501101866,0.609459604,0.392744128
74.2,0.504532936,0.613199532,0.395866339
74.3,0.507946648,0.616928587,0.398964708
74.4,0.511341597,0.620645318,0.402037875
74.5,0.514716444,0.624348306,0.405084583
74.6,0.518069922,0.628036169,0.408103674
74.7,0.521400834,0.631707567,0.411094101
74.8,0.524708062,0.635361204,0.414054919
74.9,0.527990568,0.638995836,0.416985299
75,0.531247394,0.642610271,0.419884517
75.1,0.534477668,0.646203374,0.422751962
75.2,0.5376806,0.64977407,0.425587131
75.3,0.540855489,0.653321344,0.428389634
75.4,0.544001717,0.65686305,0.431140384
75.5,0.547118754,0.660404458,0.43383305
75.6,0.550206155,0.663918844,0.436493465
75.7,0.553263559,0.667405467,0.439121652
75.8,0.556290692,0.670863656,0.441717727
75.9,0.559287357,0.674292816,0.444281898
76,0.562253441,0.67769242,0.446814462
76.1,0.565188907,0.681062014,0.4493158
76.2,0.568093793,0.684401214,0.451786372
76.3,0.57096821,0.687709706,0.454226714
76.4,0.573812339,0.690987243,0.456637436
76.5,0.576626426,0.694233642,0.45901921
76.6,0.579410781,0.697448786,0.461372775
76.7,0.582165772,0.700632619,0.463698924
76.8,0.584891825,0.703785143,0.465998506
76.9,0.587589416,0.706906416,0.468272416
77,0.590259073,0.709996551,0.470521595
77.1,0.592901367,0.713055711,0.472747023
77.2,0.59551691,0.716084104,0.474949715
77.3,0.598106353,0.719081987,0.477130719
77.4,0.600670382,0.722049656,0.479291108
77.5,0.603209714,0.724987446,0.481431982
77.6,0.605725093,0.727895727,0.483554459
77.7,0.608217289,0.730774902,0.485659675
77.8,0.610687093,0.733625405,0.48774878
77.9,0.613135314,0.736447695,0.489822933
78,0.615562781,0.739242256,0.491883305
78.1,0.617970331,0.742009592,0.49393107
78.2,0.620358816,0.744750228,0.495967405
78.3,0.622729097,0.747464703,0.49799349
78.4,0.625082039,0.750153573,0.500010504
78.5,0.627418514,0.752817404,0.502019624
78.6,0.629739397,0.755456772,0.504022022
78.7,0.632045564,0.758072261,0.506018868
78.8,0.634337892,0.760664461,0.508011322
78.9,0.636617254,0.763233969,0.51000054
79,0.638884524,0.765781382,0.511987667
79.1,0.641140571,0.7683073,0.513973842
79.2,0.643386257,0.770812323,0.515960191
79.3,0.645622443,0.773297052,0.517947834
79.4,0.647849981,0.775762085,0.519937876
79.5,0.650069716,0.778208018,0.521931414
79.6,0.652282488,0.780635444,0.523929531
79.7,0.654489126,0.783044951,0.5259333
79.8,0.656690452,0.785437125,0.527943779
79.9,0.65888728,0.787812545,0.529962014
80,0.661080413,0.790171786,0.53198904
80.1,0.663270645,0.792515416,0.534025873
80.2,0.66545876,0.794844,0.536073519
80.3,0.66764553,0.797158095,0.538132966
80.4,0.669831719,0.799458253,0.540205185
80.5,0.672018076,0.80174502,0.542291133
80.6,0.67420534,0.804018934,0.544391746
80.7,0.676394236,0.806280532,0.54650794
80.8,0.678585475,0.808530339,0.54864061
80.9,0.680779755,0.81076888,0.550790631
81,0.682977759,0.81299667,0.552958849
81.1,0.685180153,0.815214222,0.555146084
81.2,0.687387584,0.81742204,0.557353129
81.3,0.689600684,0.819620627,0.559580741
81.4,0.691820061,0.821810478,0.561829644
81.5,0.694046304,0.823992084,0.564100524
81.6,0.696279978,0.826165933,0.566394023
81.7,0.698521622,0.828332506,0.568710737
81.8,0.700771748,0.83049228,0.571051215
81.9,0.703030839,0.83264573,0.573415947
82,0.705299345,0.834793324,0.575805366
82.1,0.707577684,0.836935528,0.578219841
82.2,0.709866235,0.839072801,0.580659669
82.3,0.712165337,0.841205601,0.583125074
82.4,0.714475288,0.843334379,0.585616197
82.5,0.716796338,0.845459583,0.588133094
82.6,0.71912869,0.847581657,0.590675724
82.7,0.721472495,0.849701038,0.593243951
82.8,0.723827847,0.851818162,0.595837531
82.9,0.726194782,0.853933455,0.59845611
83,0.728573277,0.856047342,0.601099212
83.1,0.730963241,0.858160238,0.603766244
83.2,0.733364516,0.860272556,0.606456477
83.3,0.735776875,0.862384698,0.609169052
83.4,0.738200016,0.864497063,0.611902969
83.5,0.740633561,0.866610039,0.614657084
83.6,0.743077057,0.868724007,0.617430108
83.7,0.745529968,0.870839338,0.620220599
83.8,0.74799168,0.872956395,0.623026965
83.9,0.750461496,0.875075528,0.625847463
84,0.752938636,0.877197077,0.628680195
84.1,0.755422241,0.879321368,0.631523114
84.2,0.757911369,0.881448714,0.634374023
84.3,0.760404999,0.883579413,0.637230584
84.4,0.762902032,0.885713745,0.640090319
84.5,0.765401296,0.887851973,0.642950618
84.6,0.767901545,0.88999434,0.645808751
84.7,0.770401471,0.892141067,0.648661874
84.8,0.772899698,0.894292351,0.651507044
84.9,0.775394797,0.896448365,0.65434123
85,0.777885289,0.89860925,0.657161328
85.1,0.78036965,0.900775122,0.659964179
85.2,0.78284632,0.902946058,0.662746583
85.3,0.785313712,0.905122104,0.66550532
85.4,0.787770216,0.907303265,0.668237167
85.5,0.790214213,0.909489508,0.670938919
85.6,0.792644081,0.911680753,0.673607408
85.7,0.795058201,0.913876878,0.676239524
85.8,0.797454972,0.916077709,0.678832235
85.9,0.799832815,0.918283026,0.681382605
86,0.802190184,0.920492553,0.683887815
86.1,0.804525574,0.922705965,0.686345183
86.2,0.806837527,0.92492288,0.688752175
86.3,0.809124643,0.927142862,0.691106425
86.4,0.811385584,0.929365421,0.693405748
86.5,0.813619083,0.931590013,0.695648152
86.6,0.815823945,0.933816041,0.697831849
86.7,0.817999059,0.936042857,0.69995526
86.8,0.820143395,0.938269766,0.702017025
86.9,0.822256014,0.940496026,0.704016003
87,0.824336065,0.942720854,0.705951276
87.1,0.82638279,0.944943431,0.707822149
87.2,0.828395523,0.947162902,0.709628145
87.3,0.830373694,0.949378386,0.711369002
87.4,0.832316822,0.951588977,0.713044666
87.5,0.83422452,0.953793755,0.714655285
87.6,0.836096491,0.955991785,0.716201197
87.7,0.837932525,0.958182126,0.717682924
87.8,0.839732495,0.960363837,0.719101153
87.9,0.841496357,0.96253598,0.720456734
88,0.843224143,0.964697629,0.721750658
88.1,0.844915959,0.966847871,0.722984048
88.2,0.846571979,0.96898581,0.724158147
88.3,0.84819244,0.971110577,0.725274303
88.4,0.849777641,0.973221328,0.726333954
88.5,0.851327933,0.975317247,0.727338619
88.6,0.852843718,0.977397555,0.728289882
88.7,0.854325444,0.979461504,0.729189383
88.8,0.855773596,0.981508386,0.730038805
88.9,0.857188697,0.98353753,0.730839864
89,0.858571301,0.985548304,0.731594297
89.1,0.859921988,0.987540118,0.732303857
89.2,0.86124136,0.989512421,0.732970298
89.3,0.862530038,0.9914647,0.733595376
89.4,0.86378866,0.993396486,0.734180834
89.5,0.865017872,0.995307345,0.7347284
89.6,0.866218331,0.997196882,0.735239779
89.7,0.867390697,0.999064741,0.735716654
89.8,0.868535636,1.000910599,0.736160672
89.9,0.869653809,1.002734168,0.73657345
90,0.870745879,1.004535193,0.736956566
90.1,0.871812504,1.006313449,0.737311558
90.2,0.872854334,1.008068742,0.737639926
90.3,0.873872013,1.009800904,0.737943122
90.4,0.874866176,1.011509795,0.738222558
90.5,0.875837448,1.013195297,0.7384796
90.6,0.876786442,1.014857317,0.738715567
90.7,0.877713759,1.016495783,0.738931736
90.8,0.878619988,1.018110641,0.739129336
90.9,0.879505704,1.019701857,0.739309552
91,0.880371469,1.021269413,0.739473526
91.1,0.881217831,1.022813308,0.739622354
91.2,0.882045322,1.024333553,0.739757092
91.3,0.882854463,1.025830174,0.739878752
91.4,0.883645757,1.027303208,0.739988307
91.5,0.884419696,1.028752703,0.740086689
91.6,0.885176756,1.030178717,0.740174794
91.7,0.885917399,1.031581319,0.740253478
91.8,0.886642074,1.032960585,0.740323564
91.9,0.887351218,1.034316596,0.74038584
92,0.888045252,1.035649446,0.740441059
92.1,0.888724586,1.036959229,0.740489943
92.2,0.889389617,1.038246049,0.740533186
92.3,0.890040731,1.039510013,0.740571449
92.4,0.890678302,1.040751235,0.740605368
92.5,0.891302691,1.041969832,0.740635551
92.6,0.891914252,1.043165925,0.740662579
92.7,0.892513325,1.044339639,0.740687011
92.8,0.893100243,1.045491104,0.740709382
92.9,0.893675328,1.04662045,0.740730205
93,0.894238892,1.047727813,0.740749971
93.1,0.894791241,1.048813331,0.740769151
93.2,0.895332672,1.049877146,0.740788199
93.3,0.895863473,1.050919399,0.740807547
93.4,0.896383925,1.051940237,0.740827612
93.5,0.896894302,1.052312542,0.741476062
93.6,0.897394873,1.05329474,0.741495006
93.7,0.897885898,1.054875755,0.740896041
93.8,0.898367633,1.05519632,0.741538946
93.9,0.898840328,1.056115929,0.741564727
94,0.899304226,1.057624011,0.740984442
94.1,0.899759568,1.05849922,0.741019917
94.2,0.900206588,1.058751359,0.741661817
94.3,0.900645515,1.059589069,0.741701962
94.4,0.901076577,1.060406575,0.741746579
94.5,0.901499994,1.061203982,0.741796006
94.6,0.901915985,1.061981393,0.741850577
94.7,0.902324765,1.062738909,0.741910621
94.8,0.902726545,1.064070268,0.741382821
94.9,0.903121533,1.064194648,0.742048418
95,0.903509935,1.064893059,0.742126811
95.1,0.903891953,1.065571951,0.742211955
95.2,0.904267787,1.06623141,0.742304165
95.3,0.904637636,1.066871516,0.742403756
95.4,0.905001693,1.067492345,0.742511042
95.5,0.905360153,1.068093968,0.742626338
95.6,0.905713206,1.06867645,0.742749962
95.7,0.906061041,1.069239849,0.742882233
95.8,0.906403846,1.069784217,0.743023475
95.9,0.906741807,1.070309598,0.743174015
96,0.907075107,1.070816028,0.743334185
96.1,0.907403928,1.071303534,0.743504322
96.2,0.907728452,1.071774651,0.743682252
96.3,0.908048857,1.072262279,0.743835436
96.4,0.908365323,1.072735226,0.74399542
96.5,0.908678025,1.073193652,0.744162399
96.6,0.90898714,1.07425259,0.743721689
96.7,0.90929284,1.074654893,0.743930788
96.8,0.909595301,1.074483076,0.744707526
96.9,0.909894693,1.074884578,0.744904807
97,0.910191187,1.07527202,0.745110353
97.1,0.910484952,1.075645419,0.745324486
97.2,0.910776158,1.076004763,0.745547554
97.3,0.911064972,1.076718982,0.745410962
97.4,0.91135156,1.076681104,0.746022017
97.5,0.911636088,1.076997946,0.74627423
97.6,0.911918719,1.077300423,0.746537015
97.7,0.912199617,1.077759057,0.746640177
97.8,0.912478943,1.077861727,0.747096159
97.9,0.91275686,1.078120234,0.747393485
98,0.913033525,1.078359298,0.747707753
98.1,0.913309099,1.078524707,0.748093491
98.2,0.913583739,1.078672694,0.748494783
98.3,0.9138576,1.07880324,0.748911961
98.4,0.914130839,1.078916354,0.749345323
98.5,0.914403608,1.079012082,0.749795134
98.6,0.914676061,1.079090505,0.750261616
98.7,0.914948348,1.079151751,0.750744945
98.8,0.91522062,1.079195989,0.751245252
98.9,0.915493026,1.079223439,0.751762613
99,0.915765712,1.079244846,0.752286578
99.1,0.916038824,1.079391674,0.752685975
99.2,0.916312507,1.079522862,0.753102152
99.3,0.916586902,1.07963836,0.753535445
99.4,0.916862152,1.07973817,0.753986134
99.5,0.917138395,1.079822345,0.754454445
99.6,0.91741577,1.079890988,0.754940551
99.7,0.917694411,1.079944253,0.755444569
99.8,0.917974454,1.07998234,0.755966568
99.9,0.91825603,1.080005493,0.756506568
100,0.918539271,1.080013993,0.757064548
