Var1,Var2_1,Var2_2,Var2_3,Var2_4,Var2_5,Var2_6,Var2_7,Var2_8,Var2_10,Var2_11
1,1.9595,-0.5374,1.9269,3.114,3.6492,4.0567,3.7084,0.5096,3.6267,3.0557
2,1.9595,-0.5374,1.9269,3.114,3.6492,4.0567,3.7084,0.5096,3.6267,3.0557
3,2.0922,-0.4247,1.8652,3.0831,3.5526,4.3278,3.7571,0.5,3.7073,3.1691
4,2.0922,-0.4247,1.8652,3.0831,3.5526,4.3278,3.7571,0.5,3.7073,3.1691
5,2.0922,-0.4247,1.8652,3.0831,3.5526,4.3278,3.7571,0.5,3.7073,3.1691
6,2.0922,-0.4247,1.8652,3.0831,3.5526,4.3278,3.7571,0.5,3.7073,3.1691
7,2.226,-0.3105,1.8092,3.0595,3.4639,4.5908,3.8083,0.4974,3.79,3.2823
8,2.226,-0.3105,1.8092,3.0595,3.4639,4.5908,3.8083,0.4974,3.79,3.2823
9,2.226,-0.3105,1.8092,3.0595,3.4639,4.5908,3.8083,0.4974,3.79,3.2823
10,2.3609,-0.1948,1.7589,3.0434,3.3833,4.8456,3.862,0.5017,3.8748,3.3953
11,2.3609,-0.1948,1.7589,3.0434,3.3833,4.8456,3.862,0.5017,3.8748,3.3953
12,2.3609,-0.1948,1.7589,3.0434,3.3833,4.8456,3.862,0.5017,3.8748,3.3953
13,2.497,-0.0776,1.7144,3.0346,3.3107,5.0922,3.9179,0.513,3.9617,3.508
14,2.497,-0.0776,1.7144,3.0346,3.3107,5.0922,3.9179,0.513,3.9617,3.508
15,2.497,-0.0776,1.7144,3.0346,3.3107,5.0922,3.9179,0.513,3.9617,3.508
16,2.497,-0.0776,1.7144,3.0346,3.3107,5.0922,3.9179,0.513,3.9617,3.508
17,2.6343,0.0411,1.6757,3.0332,3.2462,5.0922,3.9762,0.5312,4.0507,3.6205
18,2.6343,0.0411,1.6757,3.0332,3.2462,5.0922,3.9762,0.5312,4.0507,3.6205
19,2.6343,0.0411,1.6757,3.0332,3.2462,5.0922,3.9762,0.5312,4.0507,3.6205
20,2.7728,0.1613,1.6428,3.0393,3.1898,5.3307,4.0368,0.5563,4.1419,3.7328
21,2.7728,0.1613,1.6428,3.0393,3.1898,5.3307,4.0368,0.5563,4.1419,3.7328
22,2.7728,0.1613,1.6428,3.0393,3.1898,5.3307,4.0368,0.5563,4.1419,3.7328
23,2.9125,0.2831,1.6157,3.0527,3.1413,5.5611,4.0995,0.5883,4.2353,3.8448
24,2.9125,0.2831,1.6157,3.0527,3.1413,5.5611,4.0995,0.5883,4.2353,3.8448
25,2.9125,0.2831,1.6157,3.0527,3.1413,5.5611,4.0995,0.5883,4.2353,3.8448
26,2.9125,0.2831,1.6157,3.0527,3.1413,5.5611,4.0995,0.5883,4.2353,3.8448
27,3.0535,0.2831,1.5943,3.0736,3.101,5.7833,4.1645,0.6271,4.3308,3.9566
28,3.0535,0.2831,1.5943,3.0736,3.101,5.7833,4.1645,0.6271,4.3308,3.9566
29,3.0535,0.2831,1.5943,3.0736,3.101,5.7833,4.1645,0.6271,4.3308,3.9566
30,3.1957,0.4066,1.5787,3.1018,3.0687,5.9975,4.2315,0.6728,4.4286,4.0682
31,3.1957,0.4066,1.5787,3.1018,3.0687,5.9975,4.2315,0.6728,4.4286,4.0682
32,3.1957,0.4066,1.5787,3.1018,3.0687,5.9975,4.2315,0.6728,4.4286,4.0682
33,3.3392,0.5316,1.5689,3.1374,3.0445,6.2035,4.3005,0.7251,4.5287,4.1795
34,3.3392,0.5316,1.5689,3.1374,3.0445,6.2035,4.3005,0.7251,4.5287,4.1795
35,3.3392,0.5316,1.5689,3.1374,3.0445,6.2035,4.3005,0.7251,4.5287,4.1795
36,3.3392,0.5316,1.5689,3.1374,3.0445,6.2035,4.3005,0.7251,4.5287,4.1795
37,3.484,0.6583,1.5649,3.1803,3.0283,6.4014,4.3716,0.7842,4.6313,4.2906
38,3.484,0.6583,1.5649,3.1803,3.0283,6.4014,4.3716,0.7842,4.6313,4.2906
39,3.484,0.6583,1.5649,3.1803,3.0283,6.4014,4.3716,0.7842,4.6313,4.2906
40,3.6301,0.7866,1.5667,3.2305,3.0201,6.5911,4.4446,0.8497,4.7361,4.4013
41,3.6301,0.7866,1.5667,3.2305,3.0201,6.5911,4.4446,0.8497,4.7361,4.4013
42,3.6301,0.7866,1.5667,3.2305,3.0201,6.5911,4.4446,0.8497,4.7361,4.4013
43,3.7776,0.9167,1.5742,3.2878,3.0198,6.7726,4.5193,0.9216,4.8434,4.5118
44,3.7776,0.9167,1.5742,3.2878,3.0198,6.7726,4.5193,0.9216,4.8434,4.5118
45,3.7776,0.9167,1.5742,3.2878,3.0198,6.7726,4.5193,0.9216,4.8434,4.5118
46,3.7776,0.9167,1.5742,3.2878,3.0198,6.7726,4.5193,0.9216,4.8434,4.5118
47,3.9265,1.0486,1.5875,3.3522,3.0273,6.7726,4.5957,0.9998,4.9532,4.6218
48,3.9265,1.0486,1.5875,3.3522,3.0273,6.7726,4.5957,0.9998,4.9532,4.6218
49,3.9265,1.0486,1.5875,3.3522,3.0273,6.7726,4.5957,0.9998,4.9532,4.6218
50,4.0768,1.1823,1.6065,3.4235,3.0426,6.9458,4.6737,1.0839,5.0656,4.7315
51,4.0768,1.1823,1.6065,3.4235,3.0426,6.9458,4.6737,1.0839,5.0656,4.7315
52,4.0768,1.1823,1.6065,3.4235,3.0426,6.9458,4.6737,1.0839,5.0656,4.7315
53,4.2285,1.3179,1.631,3.5015,3.0656,7.1108,4.7531,1.1739,5.1805,4.8407
54,4.2285,1.3179,1.631,3.5015,3.0656,7.1108,4.7531,1.1739,5.1805,4.8407
55,4.2285,1.3179,1.631,3.5015,3.0656,7.1108,4.7531,1.1739,5.1805,4.8407
56,4.2285,1.3179,1.631,3.5015,3.0656,7.1108,4.7531,1.1739,5.1805,4.8407
57,4.3817,1.4554,1.6611,3.5861,3.096,7.2675,4.8339,1.2694,5.298,4.9493
58,4.3817,1.4554,1.6611,3.5861,3.096,7.2675,4.8339,1.2694,5.298,4.9493
59,4.3817,1.4554,1.6611,3.5861,3.096,7.2675,4.8339,1.2694,5.298,4.9493
60,4.5362,1.5949,1.6966,3.677,3.096,7.4158,4.9158,1.3702,5.4182,5.0573
61,4.5362,1.5949,1.6966,3.677,3.096,7.4158,4.9158,1.3702,5.4182,5.0573
62,4.5362,1.5949,1.6966,3.677,3.096,7.4158,4.9158,1.3702,5.4182,5.0573
63,4.6923,1.7366,1.7374,3.774,3.1338,7.5557,4.9988,1.4761,5.5411,5.1646
64,4.6923,1.7366,1.7374,3.774,3.1338,7.5557,4.9988,1.4761,5.5411,5.1646
65,4.6923,1.7366,1.7374,3.774,3.1338,7.5557,4.9988,1.4761,5.5411,5.1646
66,4.6923,1.7366,1.7374,3.774,3.1338,7.5557,4.9988,1.4761,5.5411,5.1646
67,4.8499,1.8803,1.7834,3.8768,3.1788,7.6871,5.0825,1.5865,5.6666,5.2711
68,4.8499,1.8803,1.7834,3.8768,3.1788,7.6871,5.0825,1.5865,5.6666,5.2711
69,4.8499,1.8803,1.7834,3.8768,3.1788,7.6871,5.0825,1.5865,5.6666,5.2711
70,5.0089,2.0261,1.8344,3.9853,3.2307,7.8102,5.1669,1.7014,5.7947,5.3768
71,5.0089,2.0261,1.8344,3.9853,3.2307,7.8102,5.1669,1.7014,5.7947,5.3768
72,5.0089,2.0261,1.8344,3.9853,3.2307,7.8102,5.1669,1.7014,5.7947,5.3768
73,5.1693,2.0261,1.8902,3.9853,3.2893,7.9247,5.2517,1.8202,5.9253,5.4815
74,5.1693,2.0261,1.8902,3.9853,3.2893,7.9247,5.2517,1.8202,5.9253,5.4815
75,5.1693,2.0261,1.8902,3.9853,3.2893,7.9247,5.2517,1.8202,5.9253,5.4815
76,5.1693,2.0261,1.8902,3.9853,3.2893,7.9247,5.2517,1.8202,5.9253,5.4815
77,5.3312,2.1742,1.9506,4.0989,3.3544,7.9247,5.3368,1.9427,6.0585,5.585
78,5.3312,2.1742,1.9506,4.0989,3.3544,7.9247,5.3368,1.9427,6.0585,5.585
79,5.3312,2.1742,1.9506,4.0989,3.3544,7.9247,5.3368,1.9427,6.0585,5.585
80,5.4946,2.3245,2.0154,4.2175,3.4256,8.0309,5.4218,2.0685,6.1941,5.6875
81,5.4946,2.3245,2.0154,4.2175,3.4256,8.0309,5.4218,2.0685,6.1941,5.6875
82,5.4946,2.3245,2.0154,4.2175,3.4256,8.0309,5.4218,2.0685,6.1941,5.6875
83,5.6593,2.4771,2.0844,4.3408,3.5028,8.1287,5.5066,2.1973,6.332,5.7886
84,5.6593,2.4771,2.0844,4.3408,3.5028,8.1287,5.5066,2.1973,6.332,5.7886
85,5.6593,2.4771,2.0844,4.3408,3.5028,8.1287,5.5066,2.1973,6.332,5.7886
86,5.6593,2.4771,2.0844,4.3408,3.5028,8.1287,5.5066,2.1973,6.332,5.7886
87,5.8253,2.632,2.1572,4.4685,3.5856,8.2181,5.591,2.3285,6.4721,5.8884
88,5.8253,2.632,2.1572,4.4685,3.5856,8.2181,5.591,2.3285,6.4721,5.8884
89,5.8253,2.632,2.1572,4.4685,3.5856,8.2181,5.591,2.3285,6.4721,5.8884
90,5.9926,2.7891,2.2336,4.6001,3.6738,8.2993,5.6748,2.462,6.6141,5.9866
91,5.9926,2.7891,2.2336,4.6001,3.6738,8.2993,5.6748,2.462,6.6141,5.9866
92,5.9926,2.7891,2.2336,4.6001,3.6738,8.2993,5.6748,2.462,6.6141,5.9866
93,6.161,2.9485,2.3133,4.7355,3.767,8.3724,5.7576,2.5973,6.7579,6.0832
94,6.161,2.9485,2.3133,4.7355,3.767,8.3724,5.7576,2.5973,6.7579,6.0832
95,6.161,2.9485,2.3133,4.7355,3.767,8.3724,5.7576,2.5973,6.7579,6.0832
96,6.161,2.9485,2.3133,4.7355,3.767,8.3724,5.7576,2.5973,6.7579,6.0832
97,6.3306,3.1101,2.3959,4.8743,3.865,8.4376,5.8394,2.734,6.9032,6.1781
98,6.3306,3.1101,2.3959,4.8743,3.865,8.4376,5.8394,2.734,6.9032,6.1781
99,6.3306,3.1101,2.3959,4.8743,3.865,8.4376,5.8394,2.734,6.9032,6.1781
100,6.5011,3.2738,2.4812,5.0163,3.9674,8.495,5.92,2.8718,7.0499,6.2711
101,6.5011,3.2738,2.4812,5.0163,3.9674,8.495,5.92,2.8718,7.0499,6.2711
102,6.5011,3.2738,2.4812,5.0163,3.9674,8.495,5.92,2.8718,7.0499,6.2711
103,6.6724,3.4396,2.5688,5.1611,4.0739,8.5449,5.999,3.0103,7.1976,6.3622
104,6.6724,3.4396,2.5688,5.1611,4.0739,8.5449,5.999,3.0103,7.1976,6.3622
105,6.6724,3.4396,2.5688,5.1611,4.0739,8.5449,5.999,3.0103,7.1976,6.3622
106,6.6724,3.4396,2.5688,5.1611,4.0739,8.5449,5.999,3.0103,7.1976,6.3622
107,6.8445,3.6073,2.6583,5.3086,4.1844,8.5449,6.0764,3.1491,7.3461,6.4511
108,6.8445,3.6073,2.6583,5.3086,4.1844,8.5449,6.0764,3.1491,7.3461,6.4511
109,6.8445,3.6073,2.6583,5.3086,4.1844,8.5449,6.0764,3.1491,7.3461,6.4511
110,7.017,3.7767,2.7495,5.4584,4.2984,8.5875,6.1521,3.2879,7.495,6.5379
111,7.017,3.7767,2.7495,5.4584,4.2984,8.5875,6.1521,3.2879,7.495,6.5379
112,7.017,3.7767,2.7495,5.4584,4.2984,8.5875,6.1521,3.2879,7.495,6.5379
113,7.19,3.9478,2.7495,5.6106,4.4157,8.623,6.2258,3.4264,7.6439,6.6223
114,7.19,3.9478,2.7495,5.6106,4.4157,8.623,6.2258,3.4264,7.6439,6.6223
115,7.19,3.9478,2.7495,5.6106,4.4157,8.623,6.2258,3.4264,7.6439,6.6223
116,7.19,3.9478,2.7495,5.6106,4.4157,8.623,6.2258,3.4264,7.6439,6.6223
117,7.3631,4.1202,2.8419,5.7648,4.5361,8.6519,6.2974,3.5642,7.7926,6.7043
118,7.3631,4.1202,2.8419,5.7648,4.5361,8.6519,6.2974,3.5642,7.7926,6.7043
119,7.3631,4.1202,2.8419,5.7648,4.5361,8.6519,6.2974,3.5642,7.7926,6.7043
120,7.5362,4.1202,2.9352,5.9209,4.6593,8.6744,6.3669,3.701,7.9407,6.7838
121,7.5362,4.1202,2.9352,5.9209,4.6593,8.6744,6.3669,3.701,7.9407,6.7838
122,7.5362,4.1202,2.9352,5.9209,4.6593,8.6744,6.3669,3.701,7.9407,6.7838
123,7.709,4.2938,3.0291,6.0789,4.785,8.6909,6.4343,3.8364,8.0878,6.8606
124,7.709,4.2938,3.0291,6.0789,4.785,8.6909,6.4343,3.8364,8.0878,6.8606
125,7.709,4.2938,3.0291,6.0789,4.785,8.6909,6.4343,3.8364,8.0878,6.8606
126,7.709,4.2938,3.0291,6.0789,4.785,8.6909,6.4343,3.8364,8.0878,6.8606
127,7.8813,4.4683,3.1232,6.2386,4.9132,8.7018,6.4993,3.9702,8.2335,6.9346
128,7.8813,4.4683,3.1232,6.2386,4.9132,8.7018,6.4993,3.9702,8.2335,6.9346
129,7.8813,4.4683,3.1232,6.2386,4.9132,8.7018,6.4993,3.9702,8.2335,6.9346
130,8.0529,4.6435,3.2172,6.4,5.0434,8.7074,6.562,4.1023,8.3774,7.0058
131,8.0529,4.6435,3.2172,6.4,5.0434,8.7074,6.562,4.1023,8.3774,7.0058
132,8.0529,4.6435,3.2172,6.4,5.0434,8.7074,6.562,4.1023,8.3774,7.0058
133,8.2232,4.819,3.3108,6.5631,5.1755,8.7083,6.6226,4.2322,8.5192,7.0741
134,8.2232,4.819,3.3108,6.5631,5.1755,8.7083,6.6226,4.2322,8.5192,7.0741
135,8.2232,4.819,3.3108,6.5631,5.1755,8.7083,6.6226,4.2322,8.5192,7.0741
136,8.2232,4.819,3.3108,6.5631,5.1755,8.7083,6.6226,4.2322,8.5192,7.0741
137,8.3924,4.9946,3.4036,6.7279,5.3094,8.7083,6.6808,4.3597,8.6585,7.1393
138,8.3924,4.9946,3.4036,6.7279,5.3094,8.7083,6.6808,4.3597,8.6585,7.1393
139,8.3924,4.9946,3.4036,6.7279,5.3094,8.7083,6.6808,4.3597,8.6585,7.1393
140,8.5599,5.1699,3.4953,6.8944,5.4449,8.7048,6.7368,4.4847,8.7948,7.2015
141,8.5599,5.1699,3.4953,6.8944,5.4449,8.7048,6.7368,4.4847,8.7948,7.2015
142,8.5599,5.1699,3.4953,6.8944,5.4449,8.7048,6.7368,4.4847,8.7948,7.2015
143,8.7254,5.3447,3.5856,7.0625,5.5816,8.6973,6.7907,4.607,8.9279,7.2607
144,8.7254,5.3447,3.5856,7.0625,5.5816,8.6973,6.7907,4.607,8.9279,7.2607
145,8.7254,5.3447,3.5856,7.0625,5.5816,8.6973,6.7907,4.607,8.9279,7.2607
146,8.7254,5.3447,3.5856,7.0625,5.5816,8.6973,6.7907,4.607,8.9279,7.2607
147,8.8887,5.5186,3.6743,7.2324,5.7197,8.6862,6.8425,4.7264,9.0574,7.3166
148,8.8887,5.5186,3.6743,7.2324,5.7197,8.6862,6.8425,4.7264,9.0574,7.3166
149,8.8887,5.5186,3.6743,7.2324,5.7197,8.6862,6.8425,4.7264,9.0574,7.3166
150,9.0494,5.6913,3.761,7.4041,5.8588,8.6721,6.8923,4.8428,9.1829,7.3695
151,9.0494,5.6913,3.761,7.4041,5.8588,8.6721,6.8923,4.8428,9.1829,7.3695
152,9.0494,5.6913,3.761,7.4041,5.8588,8.6721,6.8923,4.8428,9.1829,7.3695
153,9.0494,5.6913,3.761,7.4041,5.8588,8.6721,6.8923,4.8428,9.1829,7.3695
154,9.2072,5.8625,3.8456,7.5775,5.9988,8.6552,6.9403,4.9561,9.3042,7.4191
155,9.2072,5.8625,3.8456,7.5775,5.9988,8.6552,6.9403,4.9561,9.3042,7.4191
156,9.2072,5.8625,3.8456,7.5775,5.9988,8.6552,6.9403,4.9561,9.3042,7.4191
157,9.3618,6.0319,3.9276,7.7527,6.1395,8.6359,6.9867,5.0662,9.4209,7.4656
158,9.3618,6.0319,3.9276,7.7527,6.1395,8.6359,6.9867,5.0662,9.4209,7.4656
159,9.3618,6.0319,3.9276,7.7527,6.1395,8.6359,6.9867,5.0662,9.4209,7.4656
160,9.5129,6.1992,4.0069,7.9298,6.2808,8.6147,7.0314,5.173,9.5328,7.5089
161,9.5129,6.1992,4.0069,7.9298,6.2808,8.6147,7.0314,5.173,9.5328,7.5089
162,9.5129,6.1992,4.0069,7.9298,6.2808,8.6147,7.0314,5.173,9.5328,7.5089
163,9.5129,6.1992,4.0069,7.9298,6.2808,8.6147,7.0314,5.173,9.5328,7.5089
164,9.6603,6.364,4.0833,8.1086,6.4227,8.5919,7.0748,5.2766,9.6398,7.5492
165,9.6603,6.364,4.0833,8.1086,6.4227,8.5919,7.0748,5.2766,9.6398,7.5492
166,9.6603,6.364,4.0833,8.1086,6.4227,8.5919,7.0748,5.2766,9.6398,7.5492
167,9.8036,6.364,4.1566,8.2891,6.5648,8.5919,7.1169,5.3768,9.7414,7.5865
168,9.8036,6.364,4.1566,8.2891,6.5648,8.5919,7.1169,5.3768,9.7414,7.5865
169,9.8036,6.364,4.1566,8.2891,6.5648,8.5919,7.1169,5.3768,9.7414,7.5865
170,9.9425,6.5263,4.2264,8.4713,6.7071,8.5677,7.158,5.4737,9.8377,7.6207
171,9.9425,6.5263,4.2264,8.4713,6.7071,8.5677,7.158,5.4737,9.8377,7.6207
172,9.9425,6.5263,4.2264,8.4713,6.7071,8.5677,7.158,5.4737,9.8377,7.6207
173,9.9425,6.5263,4.2264,8.4713,6.7071,8.5677,7.158,5.4737,9.8377,7.6207
174,10.077,6.6856,4.2928,8.6549,6.7071,8.5423,7.1981,5.5674,9.9283,7.652
175,10.077,6.6856,4.2928,8.6549,6.7071,8.5423,7.1981,5.5674,9.9283,7.652
176,10.077,6.6856,4.2928,8.6549,6.7071,8.5423,7.1981,5.5674,9.9283,7.652
177,10.2067,6.8419,4.3553,8.8399,6.8495,8.5162,7.2375,5.6577,10.0133,7.6805
178,10.2067,6.8419,4.3553,8.8399,6.8495,8.5162,7.2375,5.6577,10.0133,7.6805
179,10.2067,6.8419,4.3553,8.8399,6.8495,8.5162,7.2375,5.6577,10.0133,7.6805
180,10.3315,6.9948,4.4139,9.0258,6.9916,8.4894,7.2762,5.7449,10.0926,7.7063
181,10.3315,6.9948,4.4139,9.0258,6.9916,8.4894,7.2762,5.7449,10.0926,7.7063
182,10.3315,6.9948,4.4139,9.0258,6.9916,8.4894,7.2762,5.7449,10.0926,7.7063
183,10.3315,6.9948,4.4139,9.0258,6.9916,8.4894,7.2762,5.7449,10.0926,7.7063
184,10.4513,7.1442,4.4684,9.2126,7.1335,8.462,7.3145,5.8289,10.166,7.7294
185,10.4513,7.1442,4.4684,9.2126,7.1335,8.462,7.3145,5.8289,10.166,7.7294
186,10.4513,7.1442,4.4684,9.2126,7.1335,8.462,7.3145,5.8289,10.166,7.7294
187,10.5659,7.2901,4.5187,9.3998,7.2748,8.4341,7.3523,5.9099,10.2335,7.7501
188,10.5659,7.2901,4.5187,9.3998,7.2748,8.4341,7.3523,5.9099,10.2335,7.7501
189,10.5659,7.2901,4.5187,9.3998,7.2748,8.4341,7.3523,5.9099,10.2335,7.7501
190,10.6754,7.4321,4.5644,9.5869,7.4155,8.4059,7.3899,5.9878,10.2952,7.7683
191,10.6754,7.4321,4.5644,9.5869,7.4155,8.4059,7.3899,5.9878,10.2952,7.7683
192,10.6754,7.4321,4.5644,9.5869,7.4155,8.4059,7.3899,5.9878,10.2952,7.7683
193,10.6754,7.4321,4.5644,9.5869,7.4155,8.4059,7.3899,5.9878,10.2952,7.7683
194,10.7795,7.5703,4.6055,9.7736,7.5552,8.4059,7.4272,6.0629,10.3509,7.7843
195,10.7795,7.5703,4.6055,9.7736,7.5552,8.4059,7.4272,6.0629,10.3509,7.7843
196,10.7795,7.5703,4.6055,9.7736,7.5552,8.4059,7.4272,6.0629,10.3509,7.7843
197,10.8783,7.7046,4.6419,9.9592,7.6939,8.3772,7.4643,6.1352,10.4008,7.7982
198,10.8783,7.7046,4.6419,9.9592,7.6939,8.3772,7.4643,6.1352,10.4008,7.7982
199,10.8783,7.7046,4.6419,9.9592,7.6939,8.3772,7.4643,6.1352,10.4008,7.7982
200,10.972,7.8349,4.6732,10.1432,7.8312,8.3479,7.5013,6.2048,10.445,7.81
201,10.972,7.8349,4.6732,10.1432,7.8312,8.3479,7.5013,6.2048,10.445,7.81
202,10.972,7.8349,4.6732,10.1432,7.8312,8.3479,7.5013,6.2048,10.445,7.81
203,10.972,7.8349,4.6732,10.1432,7.8312,8.3479,7.5013,6.2048,10.445,7.81
204,11.0604,7.9612,4.6995,10.325,7.967,8.318,7.538,6.2718,10.4834,7.82
205,11.0604,7.9612,4.6995,10.325,7.967,8.318,7.538,6.2718,10.4834,7.82
206,11.0604,7.9612,4.6995,10.325,7.967,8.318,7.538,6.2718,10.4834,7.82
207,11.1436,8.0835,4.7204,10.5038,8.101,8.2873,7.5745,6.3363,10.5161,7.8282
208,11.1436,8.0835,4.7204,10.5038,8.101,8.2873,7.5745,6.3363,10.5161,7.8282
209,11.1436,8.0835,4.7204,10.5038,8.101,8.2873,7.5745,6.3363,10.5161,7.8282
210,11.2219,8.2018,4.736,10.6789,8.2331,8.2555,7.6106,6.3984,10.5433,7.8348
211,11.2219,8.2018,4.736,10.6789,8.2331,8.2555,7.6106,6.3984,10.5433,7.8348
212,11.2219,8.2018,4.736,10.6789,8.2331,8.2555,7.6106,6.3984,10.5433,7.8348
213,11.2219,8.2018,4.736,10.6789,8.2331,8.2555,7.6106,6.3984,10.5433,7.8348
214,11.2952,8.2018,4.7458,10.8496,8.3629,8.2224,7.6463,6.4582,10.565,7.8398
215,11.2952,8.2018,4.7458,10.8496,8.3629,8.2224,7.6463,6.4582,10.565,7.8398
216,11.2952,8.2018,4.7458,10.8496,8.3629,8.2224,7.6463,6.4582,10.565,7.8398
217,11.3638,8.316,4.7499,11.0152,8.4903,8.1877,7.6813,6.5158,10.5813,7.8433
218,11.3638,8.316,4.7499,11.0152,8.4903,8.1877,7.6813,6.5158,10.5813,7.8433
219,11.3638,8.316,4.7499,11.0152,8.4903,8.1877,7.6813,6.5158,10.5813,7.8433
220,11.4279,8.4262,4.748,11.0152,8.6149,8.151,7.7157,6.5712,10.5924,7.8455
221,11.4279,8.4262,4.748,11.0152,8.6149,8.151,7.7157,6.5712,10.5924,7.8455
222,11.4279,8.4262,4.748,11.0152,8.6149,8.151,7.7157,6.5712,10.5924,7.8455
223,11.4279,8.4262,4.748,11.0152,8.6149,8.151,7.7157,6.5712,10.5924,7.8455
224,11.4876,8.5325,4.74,11.1748,8.7366,8.151,7.749,6.6245,10.5983,7.8464
225,11.4876,8.5325,4.74,11.1748,8.7366,8.151,7.749,6.6245,10.5983,7.8464
226,11.4876,8.5325,4.74,11.1748,8.7366,8.151,7.749,6.6245,10.5983,7.8464
227,11.543,8.6348,4.7255,11.3277,8.8552,8.1119,7.7811,6.6757,10.5992,7.846
228,11.543,8.6348,4.7255,11.3277,8.8552,8.1119,7.7811,6.6757,10.5992,7.846
229,11.543,8.6348,4.7255,11.3277,8.8552,8.1119,7.7811,6.6757,10.5992,7.846
230,11.5944,8.7333,4.7046,11.4731,8.9704,8.07,7.8118,6.7249,10.5951,7.8443
231,11.5944,8.7333,4.7046,11.4731,8.9704,8.07,7.8118,6.7249,10.5951,7.8443
232,11.5944,8.7333,4.7046,11.4731,8.9704,8.07,7.8118,6.7249,10.5951,7.8443
233,11.5944,8.7333,4.7046,11.4731,8.9704,8.07,7.8118,6.7249,10.5951,7.8443
234,11.642,8.8278,4.6769,11.6104,9.0818,8.0248,7.8407,6.7722,10.5862,7.8414
235,11.642,8.8278,4.6769,11.6104,9.0818,8.0248,7.8407,6.7722,10.5862,7.8414
236,11.642,8.8278,4.6769,11.6104,9.0818,8.0248,7.8407,6.7722,10.5862,7.8414
237,11.686,8.9186,4.6422,11.7387,9.1895,7.976,7.8675,6.8173,10.5726,7.8371
238,11.686,8.9186,4.6422,11.7387,9.1895,7.976,7.8675,6.8173,10.5726,7.8371
239,11.686,8.9186,4.6422,11.7387,9.1895,7.976,7.8675,6.8173,10.5726,7.8371
240,11.7264,9.0055,4.6003,11.8575,9.293,7.9231,7.892,6.8605,10.5542,7.8313
241,11.7264,9.0055,4.6003,11.8575,9.293,7.9231,7.892,6.8605,10.5542,7.8313
242,11.7264,9.0055,4.6003,11.8575,9.293,7.9231,7.892,6.8605,10.5542,7.8313
243,11.7264,9.0055,4.6003,11.8575,9.293,7.9231,7.892,6.8605,10.5542,7.8313
244,11.7635,9.0886,4.551,11.966,9.3922,7.8655,7.9136,6.9017,10.5311,7.8239
245,11.7635,9.0886,4.551,11.966,9.3922,7.8655,7.9136,6.9017,10.5311,7.8239
246,11.7635,9.0886,4.551,11.966,9.3922,7.8655,7.9136,6.9017,10.5311,7.8239
247,11.7975,9.1678,4.4939,12.0637,9.4869,7.8028,7.9321,6.9407,10.5035,7.8149
248,11.7975,9.1678,4.4939,12.0637,9.4869,7.8028,7.9321,6.9407,10.5035,7.8149
249,11.7975,9.1678,4.4939,12.0637,9.4869,7.8028,7.9321,6.9407,10.5035,7.8149
250,11.8285,9.2432,4.429,12.1502,9.5768,7.7346,7.9471,6.9776,10.4712,7.8039
251,11.8285,9.2432,4.429,12.1502,9.5768,7.7346,7.9471,6.9776,10.4712,7.8039
252,11.8285,9.2432,4.429,12.1502,9.5768,7.7346,7.9471,6.9776,10.4712,7.8039
253,11.8285,9.2432,4.429,12.1502,9.5768,7.7346,7.9471,6.9776,10.4712,7.8039
254,11.8565,9.3147,4.3559,12.2249,9.6617,7.7346,7.9581,7.0121,10.4343,7.7907
255,11.8565,9.3147,4.3559,12.2249,9.6617,7.7346,7.9581,7.0121,10.4343,7.7907
256,11.8565,9.3147,4.3559,12.2249,9.6617,7.7346,7.9581,7.0121,10.4343,7.7907
257,11.8817,9.3822,4.2742,12.2874,9.7413,7.6603,7.9648,7.0443,10.3928,7.7751
258,11.8817,9.3822,4.2742,12.2874,9.7413,7.6603,7.9648,7.0443,10.3928,7.7751
259,11.8817,9.3822,4.2742,12.2874,9.7413,7.6603,7.9648,7.0443,10.3928,7.7751
260,11.9042,9.3822,4.184,12.3375,9.8153,7.5795,7.9668,7.0739,10.3465,7.7566
261,11.9042,9.3822,4.184,12.3375,9.8153,7.5795,7.9668,7.0739,10.3465,7.7566
262,11.9042,9.3822,4.184,12.3375,9.8153,7.5795,7.9668,7.0739,10.3465,7.7566
263,11.9042,9.3822,4.184,12.3375,9.8153,7.5795,7.9668,7.0739,10.3465,7.7566
264,11.9241,9.4457,4.0847,12.3748,9.8836,7.4918,7.9637,7.1009,10.2954,7.735
265,11.9241,9.4457,4.0847,12.3748,9.8836,7.4918,7.9637,7.1009,10.2954,7.735
266,11.9241,9.4457,4.0847,12.3748,9.8836,7.4918,7.9637,7.1009,10.2954,7.735
267,11.9412,9.5049,3.9762,12.3992,9.9459,7.3968,7.9551,7.125,10.2393,7.7098
268,11.9412,9.5049,3.9762,12.3992,9.9459,7.3968,7.9551,7.125,10.2393,7.7098
269,11.9412,9.5049,3.9762,12.3992,9.9459,7.3968,7.9551,7.125,10.2393,7.7098
270,11.9558,9.5598,3.8582,12.4104,10.002,7.294,7.9405,7.146,10.1781,7.6805
271,11.9558,9.5598,3.8582,12.4104,10.002,7.294,7.9405,7.146,10.1781,7.6805
272,11.9558,9.5598,3.8582,12.4104,10.002,7.294,7.9405,7.146,10.1781,7.6805
273,11.9558,9.5598,3.8582,12.4104,10.002,7.294,7.9405,7.146,10.1781,7.6805
274,11.9677,9.6102,3.7305,12.4085,10.0514,7.1832,7.9197,7.1638,10.1116,7.6467
275,11.9677,9.6102,3.7305,12.4085,10.0514,7.1832,7.9197,7.1638,10.1116,7.6467
276,11.9677,9.6102,3.7305,12.4085,10.0514,7.1832,7.9197,7.1638,10.1116,7.6467
277,11.977,9.6558,3.5928,12.3933,10.094,7.064,7.8923,7.1781,10.0396,7.6078
278,11.977,9.6558,3.5928,12.3933,10.094,7.064,7.8923,7.1781,10.0396,7.6078
279,11.977,9.6558,3.5928,12.3933,10.094,7.064,7.8923,7.1781,10.0396,7.6078
280,11.9835,9.6963,3.445,12.3649,10.1296,6.9363,7.858,7.1887,9.9618,7.5634
281,11.9835,9.6963,3.445,12.3649,10.1296,6.9363,7.858,7.1887,9.9618,7.5634
282,11.9835,9.6963,3.445,12.3649,10.1296,6.9363,7.858,7.1887,9.9618,7.5634
283,11.9835,9.6963,3.445,12.3649,10.1296,6.9363,7.858,7.1887,9.9618,7.5634
284,11.9873,9.7315,3.2868,12.3234,10.1577,6.9363,7.8165,7.1953,9.878,7.5127
285,11.9873,9.7315,3.2868,12.3234,10.1577,6.9363,7.8165,7.1953,9.878,7.5127
286,11.9873,9.7315,3.2868,12.3234,10.1577,6.9363,7.8165,7.1953,9.878,7.5127
287,11.9881,9.7611,3.1179,12.2688,10.1781,6.7996,7.7674,7.1977,9.7879,7.4553
288,11.9881,9.7611,3.1179,12.2688,10.1781,6.7996,7.7674,7.1977,9.7879,7.4553
289,11.9881,9.7611,3.1179,12.2688,10.1781,6.7996,7.7674,7.1977,9.7879,7.4553
290,11.9881,9.7611,3.1179,12.2688,10.1781,6.7996,7.7674,7.1977,9.7879,7.4553
291,11.9859,9.7846,2.9384,12.2014,10.1781,6.6538,7.7105,7.1957,9.6912,7.3905
292,11.9859,9.7846,2.9384,12.2014,10.1781,6.6538,7.7105,7.1957,9.6912,7.3905
293,11.9859,9.7846,2.9384,12.2014,10.1781,6.6538,7.7105,7.1957,9.6912,7.3905
294,11.9805,9.8018,2.748,12.1213,10.1906,6.4988,7.6457,7.1888,9.5875,7.3179
295,11.9805,9.8018,2.748,12.1213,10.1906,6.4988,7.6457,7.1888,9.5875,7.3179
296,11.9805,9.8018,2.748,12.1213,10.1906,6.4988,7.6457,7.1888,9.5875,7.3179
297,11.9718,9.8121,2.5466,12.0288,10.1948,6.3344,7.5726,7.1769,9.4765,7.2367
298,11.9718,9.8121,2.5466,12.0288,10.1948,6.3344,7.5726,7.1769,9.4765,7.2367
299,11.9718,9.8121,2.5466,12.0288,10.1948,6.3344,7.5726,7.1769,9.4765,7.2367
300,11.9718,9.8121,2.5466,12.0288,10.1948,6.3344,7.5726,7.1769,9.4765,7.2367
301,11.9596,9.8153,2.3342,11.9241,10.1905,6.1606,7.4912,7.1597,9.3578,7.1465
302,11.9596,9.8153,2.3342,11.9241,10.1905,6.1606,7.4912,7.1597,9.3578,7.1465
303,11.9596,9.8153,2.3342,11.9241,10.1905,6.1606,7.4912,7.1597,9.3578,7.1465
304,11.9437,9.8107,2.1108,11.8074,10.1774,5.9774,7.4012,7.1368,9.2311,7.0467
305,11.9437,9.8107,2.1108,11.8074,10.1774,5.9774,7.4012,7.1368,9.2311,7.0467
306,11.9437,9.8107,2.1108,11.8074,10.1774,5.9774,7.4012,7.1368,9.2311,7.0467
307,11.9239,9.8107,1.8763,11.6791,10.1551,5.7847,7.3025,7.1081,9.0959,6.9368
308,11.9239,9.8107,1.8763,11.6791,10.1551,5.7847,7.3025,7.1081,9.0959,6.9368
309,11.9239,9.8107,1.8763,11.6791,10.1551,5.7847,7.3025,7.1081,9.0959,6.9368
310,11.9239,9.8107,1.8763,11.6791,10.1551,5.7847,7.3025,7.1081,9.0959,6.9368
311,11.8999,9.798,1.631,11.5394,10.1236,5.5828,7.1952,7.073,8.9522,6.8164
312,11.8999,9.798,1.631,11.5394,10.1236,5.5828,7.1952,7.073,8.9522,6.8164
313,11.8999,9.798,1.631,11.5394,10.1236,5.5828,7.1952,7.073,8.9522,6.8164
314,11.8715,9.7767,1.3748,11.3887,10.0823,5.5828,7.079,7.0315,8.7993,6.685
315,11.8715,9.7767,1.3748,11.3887,10.0823,5.5828,7.079,7.0315,8.7993,6.685
316,11.8715,9.7767,1.3748,11.3887,10.0823,5.5828,7.079,7.0315,8.7993,6.685
317,11.8385,9.7463,1.108,11.2271,10.0313,5.3716,6.954,6.983,8.6369,6.5422
318,11.8385,9.7463,1.108,11.2271,10.0313,5.3716,6.954,6.983,8.6369,6.5422
319,11.8385,9.7463,1.108,11.2271,10.0313,5.3716,6.954,6.983,8.6369,6.5422
320,11.8385,9.7463,1.108,11.2271,10.0313,5.3716,6.954,6.983,8.6369,6.5422
321,11.8005,9.7064,0.8309,11.055,9.9701,5.1512,6.8203,6.9274,8.4649,6.3878
322,11.8005,9.7064,0.8309,11.055,9.9701,5.1512,6.8203,6.9274,8.4649,6.3878
323,11.8005,9.7064,0.8309,11.055,9.9701,5.1512,6.8203,6.9274,8.4649,6.3878
324,11.7572,9.6563,0.5436,10.8726,9.8987,4.9219,6.6778,6.8644,8.283,6.2215
325,11.7572,9.6563,0.5436,10.8726,9.8987,4.9219,6.6778,6.8644,8.283,6.2215
326,11.7572,9.6563,0.5436,10.8726,9.8987,4.9219,6.6778,6.8644,8.283,6.2215
327,11.7085,9.5958,0.2467,10.6804,9.8168,4.6839,6.5266,6.7936,8.0908,6.0431
328,11.7085,9.5958,0.2467,10.6804,9.8168,4.6839,6.5266,6.7936,8.0908,6.0431
329,11.7085,9.5958,0.2467,10.6804,9.8168,4.6839,6.5266,6.7936,8.0908,6.0431
330,11.7085,9.5958,0.2467,10.6804,9.8168,4.6839,6.5266,6.7936,8.0908,6.0431
331,11.654,9.5242,-0.0596,10.4783,9.7243,4.4375,6.3669,6.7147,7.8883,5.8524
332,11.654,9.5242,-0.0596,10.4783,9.7243,4.4375,6.3669,6.7147,7.8883,5.8524
333,11.654,9.5242,-0.0596,10.4783,9.7243,4.4375,6.3669,6.7147,7.8883,5.8524
334,11.5934,9.4411,-0.0596,10.2667,9.621,4.1828,6.1987,6.6276,7.6752,5.6494
335,11.5934,9.4411,-0.0596,10.2667,9.621,4.1828,6.1987,6.6276,7.6752,5.6494
336,11.5934,9.4411,-0.0596,10.2667,9.621,4.1828,6.1987,6.6276,7.6752,5.6494
337,11.5264,9.3462,-0.3746,10.0459,9.5068,3.9202,6.0224,6.5318,7.4515,5.4343
338,11.5264,9.3462,-0.3746,10.0459,9.5068,3.9202,6.0224,6.5318,7.4515,5.4343
339,11.5264,9.3462,-0.3746,10.0459,9.5068,3.9202,6.0224,6.5318,7.4515,5.4343
340,11.5264,9.3462,-0.3746,10.0459,9.5068,3.9202,6.0224,6.5318,7.4515,5.4343
341,11.4528,9.2389,-0.6981,9.816,9.3816,3.65,5.838,6.4273,7.2172,5.2071
342,11.4528,9.2389,-0.6981,9.816,9.3816,3.65,5.838,6.4273,7.2172,5.2071
343,11.4528,9.2389,-0.6981,9.816,9.3816,3.65,5.838,6.4273,7.2172,5.2071
344,11.3721,9.1189,-1.0292,9.5773,9.2455,3.65,5.6459,6.3136,6.9722,4.9679
345,11.3721,9.1189,-1.0292,9.5773,9.2455,3.65,5.6459,6.3136,6.9722,4.9679
346,11.3721,9.1189,-1.0292,9.5773,9.2455,3.65,5.6459,6.3136,6.9722,4.9679
347,11.2843,8.9859,-1.3676,9.3299,9.0984,3.3726,5.4462,6.1908,6.7166,4.7171
348,11.2843,8.9859,-1.3676,9.3299,9.0984,3.3726,5.4462,6.1908,6.7166,4.7171
349,11.2843,8.9859,-1.3676,9.3299,9.0984,3.3726,5.4462,6.1908,6.7166,4.7171
350,11.2843,8.9859,-1.3676,9.3299,9.0984,3.3726,5.4462,6.1908,6.7166,4.7171
351,11.1889,8.8394,-1.7125,9.0739,8.9404,3.0883,5.2394,6.0585,6.4507,4.455
352,11.1889,8.8394,-1.7125,9.0739,8.9404,3.0883,5.2394,6.0585,6.4507,4.455
353,11.1889,8.8394,-1.7125,9.0739,8.9404,3.0883,5.2394,6.0585,6.4507,4.455
354,11.0857,8.8394,-2.0634,8.8095,8.7716,2.7976,5.0256,5.9166,6.1747,4.182
355,11.0857,8.8394,-2.0634,8.8095,8.7716,2.7976,5.0256,5.9166,6.1747,4.182
356,11.0857,8.8394,-2.0634,8.8095,8.7716,2.7976,5.0256,5.9166,6.1747,4.182
357,10.9746,8.6792,-2.4194,8.537,8.592,2.5007,4.8054,5.7649,5.8887,3.8985
358,10.9746,8.6792,-2.4194,8.537,8.592,2.5007,4.8054,5.7649,5.8887,3.8985
359,10.9746,8.6792,-2.4194,8.537,8.592,2.5007,4.8054,5.7649,5.8887,3.8985
360,10.9746,8.6792,-2.4194,8.537,8.592,2.5007,4.8054,5.7649,5.8887,3.8985
361,10.8552,8.5051,-2.78,8.2564,8.402,2.1981,4.5789,5.6035,5.5932,3.6051
362,10.8552,8.5051,-2.78,8.2564,8.402,2.1981,4.5789,5.6035,5.5932,3.6051
363,10.8552,8.5051,-2.78,8.2564,8.402,2.1981,4.5789,5.6035,5.5932,3.6051
364,10.7274,8.3167,-3.1445,8.2564,8.2017,1.8904,4.3468,5.4322,5.2885,3.3024
365,10.7274,8.3167,-3.1445,8.2564,8.2017,1.8904,4.3468,5.4322,5.2885,3.3024
366,10.7274,8.3167,-3.1445,8.2564,8.2017,1.8904,4.3468,5.4322,5.2885,3.3024
367,10.5909,8.114,-3.5121,7.9679,7.9914,1.5777,4.1092,5.251,4.9752,2.991
368,10.5909,8.114,-3.5121,7.9679,7.9914,1.5777,4.1092,5.251,4.9752,2.991
369,10.5909,8.114,-3.5121,7.9679,7.9914,1.5777,4.1092,5.251,4.9752,2.991
370,10.5909,8.114,-3.5121,7.9679,7.9914,1.5777,4.1092,5.251,4.9752,2.991
371,10.4457,7.8967,-3.8822,7.6717,7.7715,1.2607,3.8667,5.06,4.6537,2.6715
372,10.4457,7.8967,-3.8822,7.6717,7.7715,1.2607,3.8667,5.06,4.6537,2.6715
373,10.4457,7.8967,-3.8822,7.6717,7.7715,1.2607,3.8667,5.06,4.6537,2.6715
374,10.2915,7.6648,-4.2541,7.3679,7.5423,1.2607,3.6197,4.8592,4.3246,2.3447
375,10.2915,7.6648,-4.2541,7.3679,7.5423,1.2607,3.6197,4.8592,4.3246,2.3447
376,10.2915,7.6648,-4.2541,7.3679,7.5423,1.2607,3.6197,4.8592,4.3246,2.3447
377,10.1283,7.4182,-4.6272,7.0567,7.3043,0.9397,3.3685,4.6486,3.9885,2.0112
378,10.1283,7.4182,-4.6272,7.0567,7.3043,0.9397,3.3685,4.6486,3.9885,2.0112
379,10.1283,7.4182,-4.6272,7.0567,7.3043,0.9397,3.3685,4.6486,3.9885,2.0112
380,10.1283,7.4182,-4.6272,7.0567,7.3043,0.9397,3.3685,4.6486,3.9885,2.0112
381,9.956,7.1569,-5.0007,6.7382,7.0579,0.6153,3.1138,4.4284,3.6462,1.6718
382,9.956,7.1569,-5.0007,6.7382,7.0579,0.6153,3.1138,4.4284,3.6462,1.6718
383,9.956,7.1569,-5.0007,6.7382,7.0579,0.6153,3.1138,4.4284,3.6462,1.6718
384,9.7746,6.881,-5.3742,6.4126,6.8037,0.2878,2.8557,4.1988,3.2981,1.3273
385,9.7746,6.881,-5.3742,6.4126,6.8037,0.2878,2.8557,4.1988,3.2981,1.3273
386,9.7746,6.881,-5.3742,6.4126,6.8037,0.2878,2.8557,4.1988,3.2981,1.3273
387,9.5841,6.5904,-5.7469,6.0803,6.542,-0.0424,2.5948,3.9599,2.945,0.9783
388,9.5841,6.5904,-5.7469,6.0803,6.542,-0.0424,2.5948,3.9599,2.945,0.9783
389,9.5841,6.5904,-5.7469,6.0803,6.542,-0.0424,2.5948,3.9599,2.945,0.9783
390,9.5841,6.5904,-5.7469,6.0803,6.542,-0.0424,2.5948,3.9599,2.945,0.9783
391,9.3845,6.2855,-6.1184,5.7413,6.2735,-0.3747,2.3315,3.7119,2.5876,0.6257
392,9.3845,6.2855,-6.1184,5.7413,6.2735,-0.3747,2.3315,3.7119,2.5876,0.6257
393,9.3845,6.2855,-6.1184,5.7413,6.2735,-0.3747,2.3315,3.7119,2.5876,0.6257
394,9.1758,5.9664,-6.4882,5.396,5.9987,-0.7086,2.0662,3.4552,2.2266,0.2701
395,9.1758,5.9664,-6.4882,5.396,5.9987,-0.7086,2.0662,3.4552,2.2266,0.2701
396,9.1758,5.9664,-6.4882,5.396,5.9987,-0.7086,2.0662,3.4552,2.2266,0.2701
397,8.9583,5.6333,-6.8556,5.0447,5.7181,-1.0439,1.7992,3.19,1.8628,-0.0878
398,8.9583,5.6333,-6.8556,5.0447,5.7181,-1.0439,1.7992,3.19,1.8628,-0.0878
399,8.9583,5.6333,-6.8556,5.0447,5.7181,-1.0439,1.7992,3.19,1.8628,-0.0878
400,8.9583,5.6333,-6.8556,5.0447,5.7181,-1.0439,1.7992,3.19,1.8628,-0.0878
401,8.7319,5.6333,-7.2203,4.6876,5.4324,-1.3802,1.5309,2.9166,1.4967,-0.4473
402,8.7319,5.6333,-7.2203,4.6876,5.4324,-1.3802,1.5309,2.9166,1.4967,-0.4473
403,8.7319,5.6333,-7.2203,4.6876,5.4324,-1.3802,1.5309,2.9166,1.4967,-0.4473
404,8.4969,5.2866,-7.5819,4.325,5.4324,-1.3802,1.2615,2.6353,1.129,-0.8077
405,8.4969,5.2866,-7.5819,4.325,5.4324,-1.3802,1.2615,2.6353,1.129,-0.8077
406,8.4969,5.2866,-7.5819,4.325,5.4324,-1.3802,1.2615,2.6353,1.129,-0.8077
407,8.2534,4.9266,-7.94,3.9574,5.1421,-1.7169,0.9914,2.3466,0.7604,-1.1685
408,8.2534,4.9266,-7.94,3.9574,5.1421,-1.7169,0.9914,2.3466,0.7604,-1.1685
409,8.2534,4.9266,-7.94,3.9574,5.1421,-1.7169,0.9914,2.3466,0.7604,-1.1685
410,8.2534,4.9266,-7.94,3.9574,5.1421,-1.7169,0.9914,2.3466,0.7604,-1.1685
411,8.0018,4.5537,-8.2942,3.5852,4.8477,-2.0536,0.7208,2.0507,0.3915,-1.529
412,8.0018,4.5537,-8.2942,3.5852,4.8477,-2.0536,0.7208,2.0507,0.3915,-1.529
413,8.0018,4.5537,-8.2942,3.5852,4.8477,-2.0536,0.7208,2.0507,0.3915,-1.529
414,7.7422,4.1685,-8.6441,3.2087,4.5498,-2.3901,0.45,1.7482,0.0228,-1.8888
415,7.7422,4.1685,-8.6441,3.2087,4.5498,-2.3901,0.45,1.7482,0.0228,-1.8888
416,7.7422,4.1685,-8.6441,3.2087,4.5498,-2.3901,0.45,1.7482,0.0228,-1.8888
417,7.475,3.7714,-8.9896,2.8283,4.2488,-2.7259,0.1792,1.4393,-0.3452,-2.2473
418,7.475,3.7714,-8.9896,2.8283,4.2488,-2.7259,0.1792,1.4393,-0.3452,-2.2473
419,7.475,3.7714,-8.9896,2.8283,4.2488,-2.7259,0.1792,1.4393,-0.3452,-2.2473
420,7.475,3.7714,-8.9896,2.8283,4.2488,-2.7259,0.1792,1.4393,-0.3452,-2.2473
421,7.2005,3.363,-9.3304,2.4446,3.9453,-3.0607,-0.0916,1.1244,-0.712,-2.6041
422,7.2005,3.363,-9.3304,2.4446,3.9453,-3.0607,-0.0916,1.1244,-0.712,-2.6041
423,7.2005,3.363,-9.3304,2.4446,3.9453,-3.0607,-0.0916,1.1244,-0.712,-2.6041
424,6.9188,2.9441,-9.6663,2.0579,3.6398,-3.394,-0.3621,0.8041,-1.0772,-2.9588
425,6.9188,2.9441,-9.6663,2.0579,3.6398,-3.394,-0.3621,0.8041,-1.0772,-2.9588
426,6.9188,2.9441,-9.6663,2.0579,3.6398,-3.394,-0.3621,0.8041,-1.0772,-2.9588
427,6.6306,2.5153,-9.9969,1.6688,3.3327,-3.7257,-0.6324,0.4786,-1.4404,-3.3111
428,6.6306,2.5153,-9.9969,1.6688,3.3327,-3.7257,-0.6324,0.4786,-1.4404,-3.3111
429,6.6306,2.5153,-9.9969,1.6688,3.3327,-3.7257,-0.6324,0.4786,-1.4404,-3.3111
430,6.6306,2.5153,-9.9969,1.6688,3.3327,-3.7257,-0.6324,0.4786,-1.4404,-3.3111
431,6.336,2.0774,-10.3223,1.2777,3.0244,-4.0552,-0.9023,0.1484,-1.8014,-3.6607
432,6.336,2.0774,-10.3223,1.2777,3.0244,-4.0552,-0.9023,0.1484,-1.8014,-3.6607
433,6.336,2.0774,-10.3223,1.2777,3.0244,-4.0552,-0.9023,0.1484,-1.8014,-3.6607
434,6.0354,1.6312,-10.6421,0.8852,2.7153,-4.0552,-1.1719,-0.1861,-2.1598,-4.0073
435,6.0354,1.6312,-10.6421,0.8852,2.7153,-4.0552,-1.1719,-0.1861,-2.1598,-4.0073
436,6.0354,1.6312,-10.6421,0.8852,2.7153,-4.0552,-1.1719,-0.1861,-2.1598,-4.0073
437,6.0354,1.6312,-10.6421,0.8852,2.7153,-4.0552,-1.1719,-0.1861,-2.1598,-4.0073
438,5.7293,1.1776,-10.9564,0.4918,2.4058,-4.3823,-1.4411,-0.5246,-2.5156,-4.3507
439,5.7293,1.1776,-10.9564,0.4918,2.4058,-4.3823,-1.4411,-0.5246,-2.5156,-4.3507
440,5.7293,1.1776,-10.9564,0.4918,2.4058,-4.3823,-1.4411,-0.5246,-2.5156,-4.3507
441,5.4179,0.7175,-11.2648,0.0979,2.0963,-4.7066,-1.71,-0.8666,-2.8685,-4.6906
442,5.4179,0.7175,-11.2648,0.0979,2.0963,-4.7066,-1.71,-0.8666,-2.8685,-4.6906
443,5.4179,0.7175,-11.2648,0.0979,2.0963,-4.7066,-1.71,-0.8666,-2.8685,-4.6906
444,5.1016,0.2518,-11.5675,-0.296,1.787,-5.0279,-1.9786,-1.2119,-3.2184,-5.0271
445,5.1016,0.2518,-11.5675,-0.296,1.787,-5.0279,-1.9786,-1.2119,-3.2184,-5.0271
446,5.1016,0.2518,-11.5675,-0.296,1.787,-5.0279,-1.9786,-1.2119,-3.2184,-5.0271
447,5.1016,0.2518,-11.5675,-0.296,1.787,-5.0279,-1.9786,-1.2119,-3.2184,-5.0271
448,4.7808,0.2518,-11.864,-0.6893,1.4783,-5.3457,-2.2472,-1.56,-3.5654,-5.3599
449,4.7808,0.2518,-11.864,-0.6893,1.4783,-5.3457,-2.2472,-1.56,-3.5654,-5.3599
450,4.7808,0.2518,-11.864,-0.6893,1.4783,-5.3457,-2.2472,-1.56,-3.5654,-5.3599
451,4.456,-0.2185,-12.1545,-1.0816,1.1703,-5.6596,-2.5157,-1.9107,-3.9092,-5.6891
452,4.456,-0.2185,-12.1545,-1.0816,1.1703,-5.6596,-2.5157,-1.9107,-3.9092,-5.6891
453,4.456,-0.2185,-12.1545,-1.0816,1.1703,-5.6596,-2.5157,-1.9107,-3.9092,-5.6891
454,4.1273,-0.6924,-12.4387,-1.4724,0.8634,-5.9695,-2.7843,-2.2636,-4.2501,-6.0144
455,4.1273,-0.6924,-12.4387,-1.4724,0.8634,-5.9695,-2.7843,-2.2636,-4.2501,-6.0144
456,4.1273,-0.6924,-12.4387,-1.4724,0.8634,-5.9695,-2.7843,-2.2636,-4.2501,-6.0144
457,4.1273,-0.6924,-12.4387,-1.4724,0.8634,-5.9695,-2.7843,-2.2636,-4.2501,-6.0144
458,3.7952,-1.1688,-12.7165,-1.8613,0.5578,-6.2748,-3.0532,-2.6183,-4.588,-6.336
459,3.7952,-1.1688,-12.7165,-1.8613,0.5578,-6.2748,-3.0532,-2.6183,-4.588,-6.336
460,3.7952,-1.1688,-12.7165,-1.8613,0.5578,-6.2748,-3.0532,-2.6183,-4.588,-6.336
461,3.4601,-1.6468,-12.9878,-2.2479,0.2537,-6.5753,-3.3226,-2.9748,-4.9229,-6.6537
462,3.4601,-1.6468,-12.9878,-2.2479,0.2537,-6.5753,-3.3226,-2.9748,-4.9229,-6.6537
463,3.4601,-1.6468,-12.9878,-2.2479,0.2537,-6.5753,-3.3226,-2.9748,-4.9229,-6.6537
464,3.1222,-2.1253,-13.2524,-2.6317,-0.0488,-6.5753,-3.5924,-3.3325,-5.2549,-6.9676
465,3.1222,-2.1253,-13.2524,-2.6317,-0.0488,-6.5753,-3.5924,-3.3325,-5.2549,-6.9676
466,3.1222,-2.1253,-13.2524,-2.6317,-0.0488,-6.5753,-3.5924,-3.3325,-5.2549,-6.9676
467,3.1222,-2.1253,-13.2524,-2.6317,-0.0488,-6.5753,-3.5924,-3.3325,-5.2549,-6.9676
468,2.7818,-2.6034,-13.5102,-3.0124,-0.3495,-6.8706,-3.863,-3.6914,-5.5842,-7.2777
469,2.7818,-2.6034,-13.5102,-3.0124,-0.3495,-6.8706,-3.863,-3.6914,-5.5842,-7.2777
470,2.7818,-2.6034,-13.5102,-3.0124,-0.3495,-6.8706,-3.863,-3.6914,-5.5842,-7.2777
471,2.4394,-3.0799,-13.761,-3.3896,-0.6482,-7.1604,-4.1346,-4.051,-5.9108,-7.584
472,2.4394,-3.0799,-13.761,-3.3896,-0.6482,-7.1604,-4.1346,-4.051,-5.9108,-7.584
473,2.4394,-3.0799,-13.761,-3.3896,-0.6482,-7.1604,-4.1346,-4.051,-5.9108,-7.584
474,2.0951,-3.5539,-14.0046,-3.763,-0.9446,-7.4442,-4.4071,-4.4112,-6.2347,-7.8865
475,2.0951,-3.5539,-14.0046,-3.763,-0.9446,-7.4442,-4.4071,-4.4112,-6.2347,-7.8865
476,2.0951,-3.5539,-14.0046,-3.763,-0.9446,-7.4442,-4.4071,-4.4112,-6.2347,-7.8865
477,2.0951,-3.5539,-14.0046,-3.763,-0.9446,-7.4442,-4.4071,-4.4112,-6.2347,-7.8865
478,1.7495,-4.0245,-14.2407,-4.1322,-1.2389,-7.7219,-4.6809,-4.7717,-6.556,-8.1853
479,1.7495,-4.0245,-14.2407,-4.1322,-1.2389,-7.7219,-4.6809,-4.7717,-6.556,-8.1853
480,1.7495,-4.0245,-14.2407,-4.1322,-1.2389,-7.7219,-4.6809,-4.7717,-6.556,-8.1853
481,1.4025,-4.4907,-14.4693,-4.497,-1.5306,-7.9929,-4.9559,-5.1323,-6.8748,-8.4803
482,1.4025,-4.4907,-14.4693,-4.497,-1.5306,-7.9929,-4.9559,-5.1323,-6.8748,-8.4803
483,1.4025,-4.4907,-14.4693,-4.497,-1.5306,-7.9929,-4.9559,-5.1323,-6.8748,-8.4803
484,1.0548,-4.9517,-14.69,-4.857,-1.8199,-8.2571,-5.2323,-5.4927,-7.1911,-8.7716
485,1.0548,-4.9517,-14.69,-4.857,-1.8199,-8.2571,-5.2323,-5.4927,-7.1911,-8.7716
486,1.0548,-4.9517,-14.69,-4.857,-1.8199,-8.2571,-5.2323,-5.4927,-7.1911,-8.7716
487,1.0548,-4.9517,-14.69,-4.857,-1.8199,-8.2571,-5.2323,-5.4927,-7.1911,-8.7716
488,0.7064,-5.4066,-14.9025,-5.2121,-2.1064,-8.514,-5.5102,-5.8526,-7.5048,-9.0592
489,0.7064,-5.4066,-14.9025,-5.2121,-2.1064,-8.514,-5.5102,-5.8526,-7.5048,-9.0592
490,0.7064,-5.4066,-14.9025,-5.2121,-2.1064,-8.514,-5.5102,-5.8526,-7.5048,-9.0592
491,0.3576,-5.8547,-15.1066,-5.562,-2.3902,-8.7635,-5.7896,-6.212,-7.816,-9.343
492,0.3576,-5.8547,-15.1066,-5.562,-2.3902,-8.7635,-5.7896,-6.212,-7.816,-9.343
493,0.3576,-5.8547,-15.1066,-5.562,-2.3902,-8.7635,-5.7896,-6.212,-7.816,-9.343
494,0.0087,-5.8547,-15.3021,-5.9063,-2.6711,-8.7635,-6.0704,-6.5704,-8.1245,-9.6231
495,0.0087,-5.8547,-15.3021,-5.9063,-2.6711,-8.7635,-6.0704,-6.5704,-8.1245,-9.6231
496,0.0087,-5.8547,-15.3021,-5.9063,-2.6711,-8.7635,-6.0704,-6.5704,-8.1245,-9.6231
497,0.0087,-5.8547,-15.3021,-5.9063,-2.6711,-8.7635,-6.0704,-6.5704,-8.1245,-9.6231
498,-0.3399,-6.2952,-15.4888,-6.2451,-2.949,-9.0051,-6.3528,-6.9277,-8.4304,-9.8994
499,-0.3399,-6.2952,-15.4888,-6.2451,-2.949,-9.0051,-6.3528,-6.9277,-8.4304,-9.8994
500,-0.3399,-6.2952,-15.4888,-6.2451,-2.949,-9.0051,-6.3528,-6.9277,-8.4304,-9.8994
501,-0.6881,-6.7275,-15.6662,-6.5779,-3.2237,-9.2386,-6.6367,-7.2836,-8.7335,-10.1719
502,-0.6881,-6.7275,-15.6662,-6.5779,-3.2237,-9.2386,-6.6367,-7.2836,-8.7335,-10.1719
503,-0.6881,-6.7275,-15.6662,-6.5779,-3.2237,-9.2386,-6.6367,-7.2836,-8.7335,-10.1719
504,-1.0355,-7.151,-15.8341,-6.9047,-3.4952,-9.4639,-6.9219,-7.638,-9.0336,-10.4404
505,-1.0355,-7.151,-15.8341,-6.9047,-3.4952,-9.4639,-6.9219,-7.638,-9.0336,-10.4404
506,-1.0355,-7.151,-15.8341,-6.9047,-3.4952,-9.4639,-6.9219,-7.638,-9.0336,-10.4404
507,-1.0355,-7.151,-15.8341,-6.9047,-3.4952,-9.4639,-6.9219,-7.638,-9.0336,-10.4404
508,-1.382,-7.5652,-15.9924,-7.2252,-3.7634,-9.6806,-7.2084,-7.9904,-9.3305,-10.7051
509,-1.382,-7.5652,-15.9924,-7.2252,-3.7634,-9.6806,-7.2084,-7.9904,-9.3305,-10.7051
510,-1.382,-7.5652,-15.9924,-7.2252,-3.7634,-9.6806,-7.2084,-7.9904,-9.3305,-10.7051
511,-1.7273,-7.9695,-16.1408,-7.2252,-4.0281,-9.8886,-7.4959,-8.3408,-9.624,-10.9656
512,-1.7273,-7.9695,-16.1408,-7.2252,-4.0281,-9.8886,-7.4959,-8.3408,-9.624,-10.9656
513,-1.7273,-7.9695,-16.1408,-7.2252,-4.0281,-9.8886,-7.4959,-8.3408,-9.624,-10.9656
514,-2.0711,-8.3635,-16.279,-7.5392,-4.2892,-10.0876,-7.7844,-8.6887,-9.9139,-11.2219
515,-2.0711,-8.3635,-16.279,-7.5392,-4.2892,-10.0876,-7.7844,-8.6887,-9.9139,-11.2219
516,-2.0711,-8.3635,-16.279,-7.5392,-4.2892,-10.0876,-7.7844,-8.6887,-9.9139,-11.2219
517,-2.0711,-8.3635,-16.279,-7.5392,-4.2892,-10.0876,-7.7844,-8.6887,-9.9139,-11.2219
518,-2.4132,-8.7469,-16.4069,-7.8466,-4.5467,-10.2776,-8.0735,-9.034,-10.1999,-11.4739
519,-2.4132,-8.7469,-16.4069,-7.8466,-4.5467,-10.2776,-8.0735,-9.034,-10.1999,-11.4739
520,-2.4132,-8.7469,-16.4069,-7.8466,-4.5467,-10.2776,-8.0735,-9.034,-10.1999,-11.4739
521,-2.7534,-9.1194,-16.5243,-8.1471,-4.5467,-10.4584,-8.363,-9.3765,-10.4817,-11.7215
522,-2.7534,-9.1194,-16.5243,-8.1471,-4.5467,-10.4584,-8.363,-9.3765,-10.4817,-11.7215
523,-2.7534,-9.1194,-16.5243,-8.1471,-4.5467,-10.4584,-8.363,-9.3765,-10.4817,-11.7215
524,-3.0913,-9.4807,-16.6311,-8.4406,-4.8004,-10.4584,-8.6525,-9.7158,-10.7589,-11.9643
525,-3.0913,-9.4807,-16.6311,-8.4406,-4.8004,-10.4584,-8.6525,-9.7158,-10.7589,-11.9643
526,-3.0913,-9.4807,-16.6311,-8.4406,-4.8004,-10.4584,-8.6525,-9.7158,-10.7589,-11.9643
527,-3.0913,-9.4807,-16.6311,-8.4406,-4.8004,-10.4584,-8.6525,-9.7158,-10.7589,-11.9643
528,-3.4269,-9.8306,-16.7271,-8.727,-5.0502,-10.6298,-8.9418,-10.0516,-11.0312,-12.2024
529,-3.4269,-9.8306,-16.7271,-8.727,-5.0502,-10.6298,-8.9418,-10.0516,-11.0312,-12.2024
530,-3.4269,-9.8306,-16.7271,-8.727,-5.0502,-10.6298,-8.9418,-10.0516,-11.0312,-12.2024
531,-3.7597,-10.1689,-16.8124,-9.006,-5.296,-10.7917,-9.2303,-10.3837,-11.2983,-12.4354
532,-3.7597,-10.1689,-16.8124,-9.006,-5.296,-10.7917,-9.2303,-10.3837,-11.2983,-12.4354
533,-3.7597,-10.1689,-16.8124,-9.006,-5.296,-10.7917,-9.2303,-10.3837,-11.2983,-12.4354
534,-4.0898,-10.4955,-16.8869,-9.2774,-5.5376,-10.9442,-9.5178,-10.7118,-11.5597,-12.6632
535,-4.0898,-10.4955,-16.8869,-9.2774,-5.5376,-10.9442,-9.5178,-10.7118,-11.5597,-12.6632
536,-4.0898,-10.4955,-16.8869,-9.2774,-5.5376,-10.9442,-9.5178,-10.7118,-11.5597,-12.6632
537,-4.0898,-10.4955,-16.8869,-9.2774,-5.5376,-10.9442,-9.5178,-10.7118,-11.5597,-12.6632
538,-4.4166,-10.8103,-16.9506,-9.5412,-5.7748,-11.0871,-9.8037,-11.0355,-11.815,-12.8856
539,-4.4166,-10.8103,-16.9506,-9.5412,-5.7748,-11.0871,-9.8037,-11.0355,-11.815,-12.8856
540,-4.4166,-10.8103,-16.9506,-9.5412,-5.7748,-11.0871,-9.8037,-11.0355,-11.815,-12.8856
541,-4.7402,-10.8103,-17.0038,-9.7972,-6.0077,-11.2203,-10.0875,-11.3545,-12.0639,-13.1023
542,-4.7402,-10.8103,-17.0038,-9.7972,-6.0077,-11.2203,-10.0875,-11.3545,-12.0639,-13.1023
543,-4.7402,-10.8103,-17.0038,-9.7972,-6.0077,-11.2203,-10.0875,-11.3545,-12.0639,-13.1023
544,-5.0603,-11.1131,-17.0463,-10.0452,-6.2359,-11.3439,-10.3688,-11.6686,-12.3059,-13.313
545,-5.0603,-11.1131,-17.0463,-10.0452,-6.2359,-11.3439,-10.3688,-11.6686,-12.3059,-13.313
546,-5.0603,-11.1131,-17.0463,-10.0452,-6.2359,-11.3439,-10.3688,-11.6686,-12.3059,-13.313
547,-5.0603,-11.1131,-17.0463,-10.0452,-6.2359,-11.3439,-10.3688,-11.6686,-12.3059,-13.313
548,-5.3767,-11.4041,-17.0786,-10.2849,-6.4594,-11.4578,-10.647,-11.9774,-12.5405,-13.5177
549,-5.3767,-11.4041,-17.0786,-10.2849,-6.4594,-11.4578,-10.647,-11.9774,-12.5405,-13.5177
550,-5.3767,-11.4041,-17.0786,-10.2849,-6.4594,-11.4578,-10.647,-11.9774,-12.5405,-13.5177
551,-5.6892,-11.6831,-17.1008,-10.5165,-6.6779,-11.5619,-10.9215,-12.2805,-12.7674,-13.7159
552,-5.6892,-11.6831,-17.1008,-10.5165,-6.6779,-11.5619,-10.9215,-12.2805,-12.7674,-13.7159
553,-5.6892,-11.6831,-17.1008,-10.5165,-6.6779,-11.5619,-10.9215,-12.2805,-12.7674,-13.7159
554,-5.9976,-11.9501,-17.1133,-10.7396,-6.8914,-11.5619,-11.1919,-12.5776,-12.9861,-13.9075
555,-5.9976,-11.9501,-17.1133,-10.7396,-6.8914,-11.5619,-11.1919,-12.5776,-12.9861,-13.9075
556,-5.9976,-11.9501,-17.1133,-10.7396,-6.8914,-11.5619,-11.1919,-12.5776,-12.9861,-13.9075
557,-5.9976,-11.9501,-17.1133,-10.7396,-6.8914,-11.5619,-11.1919,-12.5776,-12.9861,-13.9075
558,-6.3018,-12.2052,-17.1133,-10.9541,-7.0995,-11.6564,-11.4575,-12.8683,-13.1962,-14.0922
559,-6.3018,-12.2052,-17.1133,-10.9541,-7.0995,-11.6564,-11.4575,-12.8683,-13.1962,-14.0922
560,-6.3018,-12.2052,-17.1133,-10.9541,-7.0995,-11.6564,-11.4575,-12.8683,-13.1962,-14.0922
561,-6.6016,-12.4483,-17.1163,-11.1599,-7.3023,-11.7411,-11.7177,-13.1524,-13.3972,-14.2698
562,-6.6016,-12.4483,-17.1163,-11.1599,-7.3023,-11.7411,-11.7177,-13.1524,-13.3972,-14.2698
563,-6.6016,-12.4483,-17.1163,-11.1599,-7.3023,-11.7411,-11.7177,-13.1524,-13.3972,-14.2698
564,-6.8969,-12.6796,-17.1104,-11.3568,-7.4995,-11.816,-11.9721,-13.4293,-13.5887,-14.44
565,-6.8969,-12.6796,-17.1104,-11.3568,-7.4995,-11.816,-11.9721,-13.4293,-13.5887,-14.44
566,-6.8969,-12.6796,-17.1104,-11.3568,-7.4995,-11.816,-11.9721,-13.4293,-13.5887,-14.44
567,-6.8969,-12.6796,-17.1104,-11.3568,-7.4995,-11.816,-11.9721,-13.4293,-13.5887,-14.44
568,-7.1875,-12.8991,-17.0959,-11.5447,-7.6909,-11.8811,-12.2199,-13.6989,-13.7703,-14.6026
569,-7.1875,-12.8991,-17.0959,-11.5447,-7.6909,-11.8811,-12.2199,-13.6989,-13.7703,-14.6026
570,-7.1875,-12.8991,-17.0959,-11.5447,-7.6909,-11.8811,-12.2199,-13.6989,-13.7703,-14.6026
571,-7.4734,-13.1067,-17.0735,-11.7235,-7.8763,-11.9365,-12.4607,-13.9608,-13.9416,-14.7573
572,-7.4734,-13.1067,-17.0735,-11.7235,-7.8763,-11.9365,-12.4607,-13.9608,-13.9416,-14.7573
573,-7.4734,-13.1067,-17.0735,-11.7235,-7.8763,-11.9365,-12.4607,-13.9608,-13.9416,-14.7573
574,-7.4734,-13.1067,-17.0735,-11.7235,-7.8763,-11.9365,-12.4607,-13.9608,-13.9416,-14.7573
575,-7.7546,-13.3027,-17.0436,-11.893,-8.0558,-11.9821,-12.6937,-14.2146,-14.1021,-14.904
576,-7.7546,-13.3027,-17.0436,-11.893,-8.0558,-11.9821,-12.6937,-14.2146,-14.1021,-14.904
577,-7.7546,-13.3027,-17.0436,-11.893,-8.0558,-11.9821,-12.6937,-14.2146,-14.1021,-14.904
578,-8.0308,-13.4869,-17.007,-12.0531,-8.229,-12.0178,-12.9187,-14.4599,-14.2514,-15.0424
579,-8.0308,-13.4869,-17.007,-12.0531,-8.229,-12.0178,-12.9187,-14.4599,-14.2514,-15.0424
580,-8.0308,-13.4869,-17.007,-12.0531,-8.229,-12.0178,-12.9187,-14.4599,-14.2514,-15.0424
581,-8.3021,-13.6595,-16.9642,-12.2038,-8.3959,-12.0178,-13.1348,-14.6965,-14.3892,-15.1723
582,-8.3021,-13.6595,-16.9642,-12.2038,-8.3959,-12.0178,-13.1348,-14.6965,-14.3892,-15.1723
583,-8.3021,-13.6595,-16.9642,-12.2038,-8.3959,-12.0178,-13.1348,-14.6965,-14.3892,-15.1723
584,-8.3021,-13.6595,-16.9642,-12.2038,-8.3959,-12.0178,-13.1348,-14.6965,-14.3892,-15.1723
585,-8.5683,-13.8205,-16.916,-12.3449,-8.5564,-12.0436,-13.3416,-14.9241,-14.5152,-15.2937
586,-8.5683,-13.8205,-16.916,-12.3449,-8.5564,-12.0436,-13.3416,-14.9241,-14.5152,-15.2937
587,-8.5683,-13.8205,-16.916,-12.3449,-8.5564,-12.0436,-13.3416,-14.9241,-14.5152,-15.2937
588,-8.8296,-13.8205,-16.8632,-12.4762,-8.7104,-12.0594,-13.5387,-15.1424,-14.6289,-15.4062
589,-8.8296,-13.8205,-16.8632,-12.4762,-8.7104,-12.0594,-13.5387,-15.1424,-14.6289,-15.4062
590,-8.8296,-13.8205,-16.8632,-12.4762,-8.7104,-12.0594,-13.5387,-15.1424,-14.6289,-15.4062
591,-9.0858,-13.9699,-16.8064,-12.5976,-8.8578,-12.0653,-13.7256,-15.3511,-14.7299,-15.5099
592,-9.0858,-13.9699,-16.8064,-12.5976,-8.8578,-12.0653,-13.7256,-15.3511,-14.7299,-15.5099
593,-9.0858,-13.9699,-16.8064,-12.5976,-8.8578,-12.0653,-13.7256,-15.3511,-14.7299,-15.5099
594,-9.0858,-13.9699,-16.8064,-12.5976,-8.8578,-12.0653,-13.7256,-15.3511,-14.7299,-15.5099
595,-9.3369,-14.1078,-16.7465,-12.7091,-8.9986,-12.0612,-13.9016,-15.55,-14.818,-15.6045
596,-9.3369,-14.1078,-16.7465,-12.7091,-8.9986,-12.0612,-13.9016,-15.55,-14.818,-15.6045
597,-9.3369,-14.1078,-16.7465,-12.7091,-8.9986,-12.0612,-13.9016,-15.55,-14.818,-15.6045
598,-9.5828,-14.2342,-16.6842,-12.8104,-9.1327,-12.047,-14.0664,-15.7387,-14.8928,-15.6899
599,-9.5828,-14.2342,-16.6842,-12.8104,-9.1327,-12.047,-14.0664,-15.7387,-14.8928,-15.6899
600,-9.5828,-14.2342,-16.6842,-12.8104,-9.1327,-12.047,-14.0664,-15.7387,-14.8928,-15.6899
601,-9.8237,-14.3491,-16.6202,-12.9015,-9.2601,-12.0226,-14.2197,-15.9171,-14.954,-15.7661
602,-9.8237,-14.3491,-16.6202,-12.9015,-9.2601,-12.0226,-14.2197,-15.9171,-14.954,-15.7661
603,-9.8237,-14.3491,-16.6202,-12.9015,-9.2601,-12.0226,-14.2197,-15.9171,-14.954,-15.7661
604,-9.8237,-14.3491,-16.6202,-12.9015,-9.2601,-12.0226,-14.2197,-15.9171,-14.954,-15.7661
605,-10.0593,-14.4525,-16.5554,-12.9822,-9.3808,-11.9879,-14.3609,-16.0848,-15.0014,-15.8331
606,-10.0593,-14.4525,-16.5554,-12.9822,-9.3808,-11.9879,-14.3609,-16.0848,-15.0014,-15.8331
607,-10.0593,-14.4525,-16.5554,-12.9822,-9.3808,-11.9879,-14.3609,-16.0848,-15.0014,-15.8331
608,-10.2897,-14.5444,-16.4905,-13.0523,-9.4948,-11.9429,-14.4898,-16.2417,-15.0346,-15.8908
609,-10.2897,-14.5444,-16.4905,-13.0523,-9.4948,-11.9429,-14.4898,-16.2417,-15.0346,-15.8908
610,-10.2897,-14.5444,-16.4905,-13.0523,-9.4948,-11.9429,-14.4898,-16.2417,-15.0346,-15.8908
611,-10.5148,-14.6248,-16.4261,-13.1116,-9.6021,-11.9429,-14.6059,-16.3876,-15.0534,-15.9391
612,-10.5148,-14.6248,-16.4261,-13.1116,-9.6021,-11.9429,-14.6059,-16.3876,-15.0534,-15.9391
613,-10.5148,-14.6248,-16.4261,-13.1116,-9.6021,-11.9429,-14.6059,-16.3876,-15.0534,-15.9391
614,-10.5148,-14.6248,-16.4261,-13.1116,-9.6021,-11.9429,-14.6059,-16.3876,-15.0534,-15.9391
615,-10.7346,-14.6936,-16.3628,-13.1599,-9.7028,-11.8875,-14.7091,-16.5223,-15.0576,-15.978
616,-10.7346,-14.6936,-16.3628,-13.1599,-9.7028,-11.8875,-14.7091,-16.5223,-15.0576,-15.978
617,-10.7346,-14.6936,-16.3628,-13.1599,-9.7028,-11.8875,-14.7091,-16.5223,-15.0576,-15.978
618,-10.9489,-14.7507,-16.3013,-13.1971,-9.7969,-11.8217,-14.7989,-16.6454,-15.047,-16.0076
619,-10.9489,-14.7507,-16.3013,-13.1971,-9.7969,-11.8217,-14.7989,-16.6454,-15.047,-16.0076
620,-10.9489,-14.7507,-16.3013,-13.1971,-9.7969,-11.8217,-14.7989,-16.6454,-15.047,-16.0076
621,-11.1576,-14.7961,-16.2419,-13.2227,-9.8844,-11.7453,-14.8752,-16.7569,-15.0213,-16.0279
622,-11.1576,-14.7961,-16.2419,-13.2227,-9.8844,-11.7453,-14.8752,-16.7569,-15.0213,-16.0279
623,-11.1576,-14.7961,-16.2419,-13.2227,-9.8844,-11.7453,-14.8752,-16.7569,-15.0213,-16.0279
624,-11.1576,-14.7961,-16.2419,-13.2227,-9.8844,-11.7453,-14.8752,-16.7569,-15.0213,-16.0279
625,-11.3607,-14.8298,-16.1853,-13.2366,-9.9654,-11.6582,-14.9377,-16.8565,-14.9805,-16.0388
626,-11.3607,-14.8298,-16.1853,-13.2366,-9.9654,-11.6582,-14.9377,-16.8565,-14.9805,-16.0388
627,-11.3607,-14.8298,-16.1853,-13.2366,-9.9654,-11.6582,-14.9377,-16.8565,-14.9805,-16.0388
628,-11.5581,-14.8515,-16.1317,-13.2385,-10.0398,-11.5604,-14.9864,-16.9441,-14.9245,-16.0404
629,-11.5581,-14.8515,-16.1317,-13.2385,-10.0398,-11.5604,-14.9864,-16.9441,-14.9245,-16.0404
630,-11.5581,-14.8515,-16.1317,-13.2385,-10.0398,-11.5604,-14.9864,-16.9441,-14.9245,-16.0404
631,-11.7494,-14.8612,-16.0813,-13.2281,-10.1079,-11.4519,-15.021,-17.0195,-14.8529,-16.0327
632,-11.7494,-14.8612,-16.0813,-13.2281,-10.1079,-11.4519,-15.021,-17.0195,-14.8529,-16.0327
633,-11.7494,-14.8612,-16.0813,-13.2281,-10.1079,-11.4519,-15.021,-17.0195,-14.8529,-16.0327
634,-11.7494,-14.8612,-16.0813,-13.2281,-10.1079,-11.4519,-15.021,-17.0195,-14.8529,-16.0327
635,-11.9346,-14.8612,-16.0344,-13.205,-10.1079,-11.3326,-15.0415,-17.0825,-14.766,-16.0158
636,-11.9346,-14.8612,-16.0344,-13.205,-10.1079,-11.3326,-15.0415,-17.0825,-14.766,-16.0158
637,-11.9346,-14.8612,-16.0344,-13.205,-10.1079,-11.3326,-15.0415,-17.0825,-14.766,-16.0158
638,-12.1136,-14.8588,-15.9909,-13.1689,-10.1694,-11.2023,-15.0478,-17.1329,-14.6636,-15.9896
639,-12.1136,-14.8588,-15.9909,-13.1689,-10.1694,-11.2023,-15.0478,-17.1329,-14.6636,-15.9896
640,-12.1136,-14.8588,-15.9909,-13.1689,-10.1694,-11.2023,-15.0478,-17.1329,-14.6636,-15.9896
641,-12.2859,-14.8441,-15.9509,-13.1196,-10.2244,-11.2023,-15.0399,-17.1707,-14.5457,-15.9542
642,-12.2859,-14.8441,-15.9509,-13.1196,-10.2244,-11.2023,-15.0399,-17.1707,-14.5457,-15.9542
643,-12.2859,-14.8441,-15.9509,-13.1196,-10.2244,-11.2023,-15.0399,-17.1707,-14.5457,-15.9542
644,-12.2859,-14.8441,-15.9509,-13.1196,-10.2244,-11.2023,-15.0399,-17.1707,-14.5457,-15.9542
645,-12.4515,-14.8169,-15.9143,-13.0566,-10.273,-11.0612,-15.0178,-17.1955,-14.4123,-15.9095
646,-12.4515,-14.8169,-15.9143,-13.0566,-10.273,-11.0612,-15.0178,-17.1955,-14.4123,-15.9095
647,-12.4515,-14.8169,-15.9143,-13.0566,-10.273,-11.0612,-15.0178,-17.1955,-14.4123,-15.9095
648,-12.6101,-14.7771,-15.8807,-12.9796,-10.3151,-10.9092,-14.9816,-17.2074,-14.2637,-15.8558
649,-12.6101,-14.7771,-15.8807,-12.9796,-10.3151,-10.9092,-14.9816,-17.2074,-14.2637,-15.8558
650,-12.6101,-14.7771,-15.8807,-12.9796,-10.3151,-10.9092,-14.9816,-17.2074,-14.2637,-15.8558
651,-12.7613,-14.7245,-15.8499,-12.8884,-10.3505,-10.7463,-14.9314,-17.2062,-14.0998,-15.7927
652,-12.7613,-14.7245,-15.8499,-12.8884,-10.3505,-10.7463,-14.9314,-17.2062,-14.0998,-15.7927
653,-12.7613,-14.7245,-15.8499,-12.8884,-10.3505,-10.7463,-14.9314,-17.2062,-14.0998,-15.7927
654,-12.7613,-14.7245,-15.8499,-12.8884,-10.3505,-10.7463,-14.9314,-17.2062,-14.0998,-15.7927
655,-12.9049,-14.659,-15.8215,-12.8884,-10.3792,-10.5726,-14.8674,-17.1917,-13.9209,-15.7204
656,-12.9049,-14.659,-15.8215,-12.8884,-10.3792,-10.5726,-14.8674,-17.1917,-13.9209,-15.7204
657,-12.9049,-14.659,-15.8215,-12.8884,-10.3792,-10.5726,-14.8674,-17.1917,-13.9209,-15.7204
658,-13.0406,-14.5803,-15.795,-12.7826,-10.4011,-10.388,-14.7897,-17.164,-13.7273,-15.6389
659,-13.0406,-14.5803,-15.795,-12.7826,-10.4011,-10.388,-14.7897,-17.164,-13.7273,-15.6389
660,-13.0406,-14.5803,-15.795,-12.7826,-10.4011,-10.388,-14.7897,-17.164,-13.7273,-15.6389
661,-13.1682,-14.4884,-15.7698,-12.6618,-10.4161,-10.1926,-14.6986,-17.123,-13.5191,-15.5482
662,-13.1682,-14.4884,-15.7698,-12.6618,-10.4161,-10.1926,-14.6986,-17.123,-13.5191,-15.5482
663,-13.1682,-14.4884,-15.7698,-12.6618,-10.4161,-10.1926,-14.6986,-17.123,-13.5191,-15.5482
664,-13.1682,-14.4884,-15.7698,-12.6618,-10.4161,-10.1926,-14.6986,-17.123,-13.5191,-15.5482
665,-13.2872,-14.3831,-15.7453,-12.526,-10.4238,-9.9865,-14.5944,-17.0686,-13.2968,-15.4482
666,-13.2872,-14.3831,-15.7453,-12.526,-10.4238,-9.9865,-14.5944,-17.0686,-13.2968,-15.4482
667,-13.2872,-14.3831,-15.7453,-12.526,-10.4238,-9.9865,-14.5944,-17.0686,-13.2968,-15.4482
668,-13.3974,-14.2643,-15.7208,-12.3747,-10.4242,-9.7698,-14.4773,-17.001,-13.0608,-15.3388
669,-13.3974,-14.2643,-15.7208,-12.3747,-10.4242,-9.7698,-14.4773,-17.001,-13.0608,-15.3388
670,-13.3974,-14.2643,-15.7208,-12.3747,-10.4242,-9.7698,-14.4773,-17.001,-13.0608,-15.3388
671,-13.4985,-14.1321,-15.6954,-12.2079,-10.417,-9.7698,-14.3477,-16.9201,-12.8114,-15.22
672,-13.4985,-14.1321,-15.6954,-12.2079,-10.417,-9.7698,-14.3477,-16.9201,-12.8114,-15.22
673,-13.4985,-14.1321,-15.6954,-12.2079,-10.417,-9.7698,-14.3477,-16.9201,-12.8114,-15.22
674,-13.4985,-14.1321,-15.6954,-12.2079,-10.417,-9.7698,-14.3477,-16.9201,-12.8114,-15.22
675,-13.5901,-13.9862,-15.6686,-12.0255,-10.402,-9.5427,-14.2059,-16.826,-12.5491,-15.0919
676,-13.5901,-13.9862,-15.6686,-12.0255,-10.402,-9.5427,-14.2059,-16.826,-12.5491,-15.0919
677,-13.5901,-13.9862,-15.6686,-12.0255,-10.402,-9.5427,-14.2059,-16.826,-12.5491,-15.0919
678,-13.6719,-13.8266,-15.6393,-11.8272,-10.3787,-9.3052,-14.0523,-16.719,-12.2746,-14.9543
679,-13.6719,-13.8266,-15.6393,-11.8272,-10.3787,-9.3052,-14.0523,-16.719,-12.2746,-14.9543
680,-13.6719,-13.8266,-15.6393,-11.8272,-10.3787,-9.3052,-14.0523,-16.719,-12.2746,-14.9543
681,-13.7436,-13.6536,-15.6068,-11.6131,-10.347,-9.0576,-13.8873,-16.5991,-11.9883,-14.8073
682,-13.7436,-13.6536,-15.6068,-11.6131,-10.347,-9.0576,-13.8873,-16.5991,-11.9883,-14.8073
683,-13.7436,-13.6536,-15.6068,-11.6131,-10.347,-9.0576,-13.8873,-16.5991,-11.9883,-14.8073
684,-13.7436,-13.6536,-15.6068,-11.6131,-10.347,-9.0576,-13.8873,-16.5991,-11.9883,-14.8073
685,-13.8048,-13.6536,-15.5703,-11.3831,-10.3064,-8.8001,-13.7114,-16.4665,-11.6908,-14.6508
686,-13.8048,-13.6536,-15.5703,-11.3831,-10.3064,-8.8001,-13.7114,-16.4665,-11.6908,-14.6508
687,-13.8048,-13.6536,-15.5703,-11.3831,-10.3064,-8.8001,-13.7114,-16.4665,-11.6908,-14.6508
688,-13.8554,-13.467,-15.5289,-11.1374,-10.2566,-8.5328,-13.5248,-16.3217,-11.383,-14.4848
689,-13.8554,-13.467,-15.5289,-11.1374,-10.2566,-8.5328,-13.5248,-16.3217,-11.383,-14.4848
690,-13.8554,-13.467,-15.5289,-11.1374,-10.2566,-8.5328,-13.5248,-16.3217,-11.383,-14.4848
691,-13.8949,-13.2671,-15.4818,-10.876,-10.1973,-8.256,-13.3281,-16.1648,-11.0653,-14.3094
692,-13.8949,-13.2671,-15.4818,-10.876,-10.1973,-8.256,-13.3281,-16.1648,-11.0653,-14.3094
693,-13.8949,-13.2671,-15.4818,-10.876,-10.1973,-8.256,-13.3281,-16.1648,-11.0653,-14.3094
694,-13.8949,-13.2671,-15.4818,-10.876,-10.1973,-8.256,-13.3281,-16.1648,-11.0653,-14.3094
695,-13.9232,-13.0541,-15.4282,-10.5992,-10.128,-7.9701,-13.1217,-15.9962,-10.7386,-14.1245
696,-13.9232,-13.0541,-15.4282,-10.5992,-10.128,-7.9701,-13.1217,-15.9962,-10.7386,-14.1245
697,-13.9232,-13.0541,-15.4282,-10.5992,-10.128,-7.9701,-13.1217,-15.9962,-10.7386,-14.1245
698,-13.9399,-12.8281,-15.3673,-10.3072,-10.0484,-7.6753,-12.906,-15.8165,-10.4035,-13.9303
699,-13.9399,-12.8281,-15.3673,-10.3072,-10.0484,-7.6753,-12.906,-15.8165,-10.4035,-13.9303
700,-13.9399,-12.8281,-15.3673,-10.3072,-10.0484,-7.6753,-12.906,-15.8165,-10.4035,-13.9303
701,-13.9447,-12.5894,-15.2986,-10.0003,-9.9579,-7.6753,-12.6813,-15.6259,-10.0609,-13.7267
702,-13.9447,-12.5894,-15.2986,-10.0003,-9.9579,-7.6753,-12.6813,-15.6259,-10.0609,-13.7267
703,-13.9447,-12.5894,-15.2986,-10.0003,-9.9579,-7.6753,-12.6813,-15.6259,-10.0609,-13.7267
704,-13.9447,-12.5894,-15.2986,-10.0003,-9.9579,-7.6753,-12.6813,-15.6259,-10.0609,-13.7267
705,-13.9376,-12.3384,-15.2213,-9.6789,-9.8564,-7.3718,-12.4482,-15.425,-9.7115,-13.514
706,-13.9376,-12.3384,-15.2213,-9.6789,-9.8564,-7.3718,-12.4482,-15.425,-9.7115,-13.514
707,-13.9376,-12.3384,-15.2213,-9.6789,-9.8564,-7.3718,-12.4482,-15.425,-9.7115,-13.514
708,-13.9181,-12.0755,-15.1348,-9.3435,-9.7434,-7.0602,-12.207,-15.2144,-9.356,-13.2922
709,-13.9181,-12.0755,-15.1348,-9.3435,-9.7434,-7.0602,-12.207,-15.2144,-9.356,-13.2922
710,-13.9181,-12.0755,-15.1348,-9.3435,-9.7434,-7.0602,-12.207,-15.2144,-9.356,-13.2922
711,-13.8861,-11.801,-15.0387,-8.9945,-9.6184,-6.7408,-11.9581,-14.9945,-8.9953,-13.0616
712,-13.8861,-11.801,-15.0387,-8.9945,-9.6184,-6.7408,-11.9581,-14.9945,-8.9953,-13.0616
713,-13.8861,-11.801,-15.0387,-8.9945,-9.6184,-6.7408,-11.9581,-14.9945,-8.9953,-13.0616
714,-13.8861,-11.801,-15.0387,-8.9945,-9.6184,-6.7408,-11.9581,-14.9945,-8.9953,-13.0616
715,-13.8415,-11.5155,-14.9324,-8.6325,-9.4811,-6.414,-11.7017,-14.7661,-8.6301,-12.8223
716,-13.8415,-11.5155,-14.9324,-8.6325,-9.4811,-6.414,-11.7017,-14.7661,-8.6301,-12.8223
717,-13.8415,-11.5155,-14.9324,-8.6325,-9.4811,-6.414,-11.7017,-14.7661,-8.6301,-12.8223
718,-13.784,-11.2196,-14.8158,-8.2582,-9.3313,-6.0802,-11.4383,-14.5297,-8.2612,-12.5746
719,-13.784,-11.2196,-14.8158,-8.2582,-9.3313,-6.0802,-11.4383,-14.5297,-8.2612,-12.5746
720,-13.784,-11.2196,-14.8158,-8.2582,-9.3313,-6.0802,-11.4383,-14.5297,-8.2612,-12.5746
721,-13.784,-11.2196,-14.8158,-8.2582,-9.3313,-6.0802,-11.4383,-14.5297,-8.2612,-12.5746
722,-13.7134,-10.9138,-14.6884,-7.8723,-9.1686,-5.74,-11.1681,-14.2861,-7.8895,-12.3187
723,-13.7134,-10.9138,-14.6884,-7.8723,-9.1686,-5.74,-11.1681,-14.2861,-7.8895,-12.3187
724,-13.7134,-10.9138,-14.6884,-7.8723,-9.1686,-5.74,-11.1681,-14.2861,-7.8895,-12.3187
725,-13.6298,-10.5987,-14.5502,-7.4755,-8.9928,-5.3937,-10.8914,-14.0358,-7.5155,-12.0552
726,-13.6298,-10.5987,-14.5502,-7.4755,-8.9928,-5.3937,-10.8914,-14.0358,-7.5155,-12.0552
727,-13.6298,-10.5987,-14.5502,-7.4755,-8.9928,-5.3937,-10.8914,-14.0358,-7.5155,-12.0552
728,-13.5328,-10.2751,-14.401,-7.0686,-8.8035,-5.0419,-10.6085,-13.7796,-7.1402,-11.7842
729,-13.5328,-10.2751,-14.401,-7.0686,-8.8035,-5.0419,-10.6085,-13.7796,-7.1402,-11.7842
730,-13.5328,-10.2751,-14.401,-7.0686,-8.8035,-5.0419,-10.6085,-13.7796,-7.1402,-11.7842
731,-13.5328,-10.2751,-14.401,-7.0686,-8.8035,-5.0419,-10.6085,-13.7796,-7.1402,-11.7842
732,-13.4225,-10.2751,-14.2407,-6.6525,-8.6008,-5.0419,-10.3195,-13.5182,-6.7641,-11.5062
733,-13.4225,-10.2751,-14.2407,-6.6525,-8.6008,-5.0419,-10.3195,-13.5182,-6.7641,-11.5062
734,-13.4225,-10.2751,-14.2407,-6.6525,-8.6008,-5.0419,-10.3195,-13.5182,-6.7641,-11.5062
735,-13.2988,-9.9434,-14.0696,-6.228,-8.3844,-4.6851,-10.0248,-13.2523,-6.3881,-11.2217
736,-13.2988,-9.9434,-14.0696,-6.228,-8.3844,-4.6851,-10.0248,-13.2523,-6.3881,-11.2217
737,-13.2988,-9.9434,-14.0696,-6.228,-8.3844,-4.6851,-10.0248,-13.2523,-6.3881,-11.2217
738,-13.1617,-9.6045,-13.8877,-5.7962,-8.1542,-4.324,-9.7243,-12.9826,-6.0128,-10.9312
739,-13.1617,-9.6045,-13.8877,-5.7962,-8.1542,-4.324,-9.7243,-12.9826,-6.0128,-10.9312
740,-13.1617,-9.6045,-13.8877,-5.7962,-8.1542,-4.324,-9.7243,-12.9826,-6.0128,-10.9312
741,-13.1617,-9.6045,-13.8877,-5.7962,-8.1542,-4.324,-9.7243,-12.9826,-6.0128,-10.9312
742,-13.011,-9.2591,-13.6953,-5.358,-7.9105,-3.9589,-9.4184,-12.7097,-5.6389,-10.6352
743,-13.011,-9.2591,-13.6953,-5.358,-7.9105,-3.9589,-9.4184,-12.7097,-5.6389,-10.6352
744,-13.011,-9.2591,-13.6953,-5.358,-7.9105,-3.9589,-9.4184,-12.7097,-5.6389,-10.6352
745,-12.8469,-8.9078,-13.4927,-4.9144,-7.6532,-3.5906,-9.1071,-12.4342,-5.2669,-10.3344
746,-12.8469,-8.9078,-13.4927,-4.9144,-7.6532,-3.5906,-9.1071,-12.4342,-5.2669,-10.3344
747,-12.8469,-8.9078,-13.4927,-4.9144,-7.6532,-3.5906,-9.1071,-12.4342,-5.2669,-10.3344
748,-12.6694,-8.5514,-13.2803,-4.4665,-7.6532,-3.2196,-8.7907,-12.157,-4.8976,-10.0293
749,-12.6694,-8.5514,-13.2803,-4.4665,-7.6532,-3.2196,-8.7907,-12.157,-4.8976,-10.0293
750,-12.6694,-8.5514,-13.2803,-4.4665,-7.6532,-3.2196,-8.7907,-12.157,-4.8976,-10.0293
751,-12.6694,-8.5514,-13.2803,-4.4665,-7.6532,-3.2196,-8.7907,-12.157,-4.8976,-10.0293
752,-12.4785,-8.1906,-13.0586,-4.0153,-7.3826,-2.8464,-8.4693,-11.8783,-4.5315,-9.7206
753,-12.4785,-8.1906,-13.0586,-4.0153,-7.3826,-2.8464,-8.4693,-11.8783,-4.5315,-9.7206
754,-12.4785,-8.1906,-13.0586,-4.0153,-7.3826,-2.8464,-8.4693,-11.8783,-4.5315,-9.7206
755,-12.2743,-7.826,-12.8281,-3.562,-7.0989,-2.4718,-8.1429,-11.5989,-4.169,-9.4091
756,-12.2743,-7.826,-12.8281,-3.562,-7.0989,-2.4718,-8.1429,-11.5989,-4.169,-9.4091
757,-12.2743,-7.826,-12.8281,-3.562,-7.0989,-2.4718,-8.1429,-11.5989,-4.169,-9.4091
758,-12.0571,-7.4583,-12.5894,-3.1075,-6.8025,-2.0962,-7.8117,-11.3192,-3.8107,-9.0955
759,-12.0571,-7.4583,-12.5894,-3.1075,-6.8025,-2.0962,-7.8117,-11.3192,-3.8107,-9.0955
760,-12.0571,-7.4583,-12.5894,-3.1075,-6.8025,-2.0962,-7.8117,-11.3192,-3.8107,-9.0955
761,-12.0571,-7.4583,-12.5894,-3.1075,-6.8025,-2.0962,-7.8117,-11.3192,-3.8107,-9.0955
762,-11.827,-7.088,-12.3431,-2.6531,-6.4937,-2.0962,-7.4758,-11.0397,-3.4571,-8.7805
763,-11.827,-7.088,-12.3431,-2.6531,-6.4937,-2.0962,-7.4758,-11.0397,-3.4571,-8.7805
764,-11.827,-7.088,-12.3431,-2.6531,-6.4937,-2.0962,-7.4758,-11.0397,-3.4571,-8.7805
765,-11.5842,-6.7159,-12.0899,-2.1999,-6.1732,-1.7204,-7.1354,-10.7607,-3.1086,-8.4649
766,-11.5842,-6.7159,-12.0899,-2.1999,-6.1732,-1.7204,-7.1354,-10.7607,-3.1086,-8.4649
767,-11.5842,-6.7159,-12.0899,-2.1999,-6.1732,-1.7204,-7.1354,-10.7607,-3.1086,-8.4649
768,-11.329,-6.3424,-11.8304,-1.7491,-5.8415,-1.345,-6.7907,-10.4825,-2.7655,-8.1496
769,-11.329,-6.3424,-11.8304,-1.7491,-5.8415,-1.345,-6.7907,-10.4825,-2.7655,-8.1496
770,-11.329,-6.3424,-11.8304,-1.7491,-5.8415,-1.345,-6.7907,-10.4825,-2.7655,-8.1496
771,-11.329,-6.3424,-11.8304,-1.7491,-5.8415,-1.345,-6.7907,-10.4825,-2.7655,-8.1496
772,-11.0616,-5.968,-11.5652,-1.3015,-5.4993,-0.9705,-6.4418,-10.2054,-2.4281,-7.8354
773,-11.0616,-5.968,-11.5652,-1.3015,-5.4993,-0.9705,-6.4418,-10.2054,-2.4281,-7.8354
774,-11.0616,-5.968,-11.5652,-1.3015,-5.4993,-0.9705,-6.4418,-10.2054,-2.4281,-7.8354
775,-10.7824,-5.5932,-11.2952,-0.8585,-5.1473,-0.5977,-6.0888,-9.9294,-2.0968,-7.5231
776,-10.7824,-5.5932,-11.2952,-0.8585,-5.1473,-0.5977,-6.0888,-9.9294,-2.0968,-7.5231
777,-10.7824,-5.5932,-11.2952,-0.8585,-5.1473,-0.5977,-6.0888,-9.9294,-2.0968,-7.5231
778,-10.4918,-5.5932,-11.021,-0.4212,-4.7864,-0.2271,-5.732,-9.6549,-1.7718,-7.2134
779,-10.4918,-5.5932,-11.021,-0.4212,-4.7864,-0.2271,-5.732,-9.6549,-1.7718,-7.2134
780,-10.4918,-5.5932,-11.021,-0.4212,-4.7864,-0.2271,-5.732,-9.6549,-1.7718,-7.2134
781,-10.4918,-5.5932,-11.021,-0.4212,-4.7864,-0.2271,-5.732,-9.6549,-1.7718,-7.2134
782,-10.1903,-5.2185,-11.021,0.0095,-4.4174,0.1405,-5.3716,-9.3818,-1.4532,-6.9073
783,-10.1903,-5.2185,-11.021,0.0095,-4.4174,0.1405,-5.3716,-9.3818,-1.4532,-6.9073
784,-10.1903,-5.2185,-11.021,0.0095,-4.4174,0.1405,-5.3716,-9.3818,-1.4532,-6.9073
785,-9.8782,-4.8442,-10.7432,0.4325,-4.0414,0.5048,-5.0077,-9.11,-1.1412,-6.6054
786,-9.8782,-4.8442,-10.7432,0.4325,-4.0414,0.5048,-5.0077,-9.11,-1.1412,-6.6054
787,-9.8782,-4.8442,-10.7432,0.4325,-4.0414,0.5048,-5.0077,-9.11,-1.1412,-6.6054
788,-9.556,-4.4708,-10.4623,0.8467,-3.6593,0.8649,-4.6407,-8.8395,-0.8358,-6.3084
789,-9.556,-4.4708,-10.4623,0.8467,-3.6593,0.8649,-4.6407,-8.8395,-0.8358,-6.3084
790,-9.556,-4.4708,-10.4623,0.8467,-3.6593,0.8649,-4.6407,-8.8395,-0.8358,-6.3084
791,-9.556,-4.4708,-10.4623,0.8467,-3.6593,0.8649,-4.6407,-8.8395,-0.8358,-6.3084
792,-9.2243,-4.0987,-10.1791,1.2511,-3.272,0.8649,-4.2708,-8.5703,-0.537,-6.0172
793,-9.2243,-4.0987,-10.1791,1.2511,-3.272,0.8649,-4.2708,-8.5703,-0.537,-6.0172
794,-9.2243,-4.0987,-10.1791,1.2511,-3.272,0.8649,-4.2708,-8.5703,-0.537,-6.0172
795,-8.8836,-3.728,-9.894,1.6449,-2.8807,1.2203,-3.8983,-8.3019,-0.2448,-5.7323
796,-8.8836,-3.728,-9.894,1.6449,-2.8807,1.2203,-3.8983,-8.3019,-0.2448,-5.7323
797,-8.8836,-3.728,-9.894,1.6449,-2.8807,1.2203,-3.8983,-8.3019,-0.2448,-5.7323
798,-8.5344,-3.3593,-9.6074,1.6449,-2.4864,1.5704,-3.5234,-8.0343,0.0408,-5.4542
799,-8.5344,-3.3593,-9.6074,1.6449,-2.4864,1.5704,-3.5234,-8.0343,0.0408,-5.4542
800,-8.5344,-3.3593,-9.6074,1.6449,-2.4864,1.5704,-3.5234,-8.0343,0.0408,-5.4542
801,-8.5344,-3.3593,-9.6074,1.6449,-2.4864,1.5704,-3.5234,-8.0343,0.0408,-5.4542
802,-8.1774,-2.9927,-9.3199,2.027,-2.0904,1.9146,-3.1466,-7.767,0.3202,-5.1836
803,-8.1774,-2.9927,-9.3199,2.027,-2.0904,1.9146,-3.1466,-7.767,0.3202,-5.1836
804,-8.1774,-2.9927,-9.3199,2.027,-2.0904,1.9146,-3.1466,-7.767,0.3202,-5.1836
805,-7.8131,-2.6287,-9.0317,2.3965,-1.6934,2.2523,-2.7679,-7.4999,0.5934,-4.9207
806,-7.8131,-2.6287,-9.0317,2.3965,-1.6934,2.2523,-2.7679,-7.4999,0.5934,-4.9207
807,-7.8131,-2.6287,-9.0317,2.3965,-1.6934,2.2523,-2.7679,-7.4999,0.5934,-4.9207
808,-7.4421,-2.2675,-8.7431,2.7528,-1.2968,2.5831,-2.3879,-7.2324,0.8606,-4.6659
809,-7.4421,-2.2675,-8.7431,2.7528,-1.2968,2.5831,-2.3879,-7.2324,0.8606,-4.6659
810,-7.4421,-2.2675,-8.7431,2.7528,-1.2968,2.5831,-2.3879,-7.2324,0.8606,-4.6659
811,-7.4421,-2.2675,-8.7431,2.7528,-1.2968,2.5831,-2.3879,-7.2324,0.8606,-4.6659
812,-7.0651,-1.9095,-8.4543,3.095,-0.9015,2.9065,-2.0068,-6.9643,1.1221,-4.4196
813,-7.0651,-1.9095,-8.4543,3.095,-0.9015,2.9065,-2.0068,-6.9643,1.1221,-4.4196
814,-7.0651,-1.9095,-8.4543,3.095,-0.9015,2.9065,-2.0068,-6.9643,1.1221,-4.4196
815,-6.6827,-1.555,-8.1656,3.4223,-0.5086,3.2219,-1.625,-6.6949,1.3783,-4.1817
816,-6.6827,-1.555,-8.1656,3.4223,-0.5086,3.2219,-1.625,-6.6949,1.3783,-4.1817
817,-6.6827,-1.555,-8.1656,3.4223,-0.5086,3.2219,-1.625,-6.6949,1.3783,-4.1817
818,-6.2954,-1.2043,-7.877,3.7342,-0.1189,3.5289,-1.2428,-6.424,1.6295,-3.9525
819,-6.2954,-1.2043,-7.877,3.7342,-0.1189,3.5289,-1.2428,-6.424,1.6295,-3.9525
820,-6.2954,-1.2043,-7.877,3.7342,-0.1189,3.5289,-1.2428,-6.424,1.6295,-3.9525
821,-6.2954,-1.2043,-7.877,3.7342,-0.1189,3.5289,-1.2428,-6.424,1.6295,-3.9525
822,-5.9039,-0.8579,-7.5886,4.03,0.2664,3.5289,-0.8604,-6.1509,1.8759,-3.7319
823,-5.9039,-0.8579,-7.5886,4.03,0.2664,3.5289,-0.8604,-6.1509,1.8759,-3.7319
824,-5.9039,-0.8579,-7.5886,4.03,0.2664,3.5289,-0.8604,-6.1509,1.8759,-3.7319
825,-5.5088,-0.8579,-7.3003,4.3092,0.6466,3.8272,-0.4784,-5.8754,2.1181,-3.5198
826,-5.5088,-0.8579,-7.3003,4.3092,0.6466,3.8272,-0.4784,-5.8754,2.1181,-3.5198
827,-5.5088,-0.8579,-7.3003,4.3092,0.6466,3.8272,-0.4784,-5.8754,2.1181,-3.5198
828,-5.1108,-0.516,-7.0122,4.5715,1.0209,4.1163,-0.0969,-5.5968,2.3563,-3.316
829,-5.1108,-0.516,-7.0122,4.5715,1.0209,4.1163,-0.0969,-5.5968,2.3563,-3.316
830,-5.1108,-0.516,-7.0122,4.5715,1.0209,4.1163,-0.0969,-5.5968,2.3563,-3.316
831,-5.1108,-0.516,-7.0122,4.5715,1.0209,4.1163,-0.0969,-5.5968,2.3563,-3.316
832,-4.7103,-0.1791,-6.724,4.8163,1.3885,4.3959,0.2836,-5.3148,2.5909,-3.1203
833,-4.7103,-0.1791,-6.724,4.8163,1.3885,4.3959,0.2836,-5.3148,2.5909,-3.1203
834,-4.7103,-0.1791,-6.724,4.8163,1.3885,4.3959,0.2836,-5.3148,2.5909,-3.1203
835,-4.3079,0.1523,-6.4357,5.0434,1.7487,4.6658,0.6629,-5.0288,2.8223,-2.9324
836,-4.3079,0.1523,-6.4357,5.0434,1.7487,4.6658,0.6629,-5.0288,2.8223,-2.9324
837,-4.3079,0.1523,-6.4357,5.0434,1.7487,4.6658,0.6629,-5.0288,2.8223,-2.9324
838,-3.9044,0.4779,-6.1471,5.2526,2.101,4.9255,1.0407,-4.7385,3.0509,-2.7518
839,-3.9044,0.4779,-6.1471,5.2526,2.101,4.9255,1.0407,-4.7385,3.0509,-2.7518
840,-3.9044,0.4779,-6.1471,5.2526,2.101,4.9255,1.0407,-4.7385,3.0509,-2.7518
841,-3.9044,0.4779,-6.1471,5.2526,2.101,4.9255,1.0407,-4.7385,3.0509,-2.7518
842,-3.5001,0.7972,-5.858,5.4439,2.4448,5.175,1.4167,-4.4435,3.2768,-2.5781
843,-3.5001,0.7972,-5.858,5.4439,2.4448,5.175,1.4167,-4.4435,3.2768,-2.5781
844,-3.5001,0.7972,-5.858,5.4439,2.4448,5.175,1.4167,-4.4435,3.2768,-2.5781
845,-3.0957,1.1097,-5.5682,5.6171,2.7797,5.4139,1.7905,-4.1434,3.5005,-2.4109
846,-3.0957,1.1097,-5.5682,5.6171,2.7797,5.4139,1.7905,-4.1434,3.5005,-2.4109
847,-3.0957,1.1097,-5.5682,5.6171,2.7797,5.4139,1.7905,-4.1434,3.5005,-2.4109
848,-2.6917,1.415,-5.2773,5.7725,3.1055,5.6422,2.1619,-3.838,3.7221,-2.2495
849,-2.6917,1.415,-5.2773,5.7725,3.1055,5.6422,2.1619,-3.838,3.7221,-2.2495
850,-2.6917,1.415,-5.2773,5.7725,3.1055,5.6422,2.1619,-3.838,3.7221,-2.2495
851,-2.6917,1.415,-5.2773,5.7725,3.1055,5.6422,2.1619,-3.838,3.7221,-2.2495
852,-2.2887,1.7126,-4.9852,5.9101,3.4217,5.6422,2.5305,-3.527,3.9419,-2.0933
853,-2.2887,1.7126,-4.9852,5.9101,3.4217,5.6422,2.5305,-3.527,3.9419,-2.0933
854,-2.2887,1.7126,-4.9852,5.9101,3.4217,5.6422,2.5305,-3.527,3.9419,-2.0933
855,-1.887,2.0019,-4.6917,6.0303,3.7283,5.8597,2.8962,-3.2102,4.1599,-1.9417
856,-1.887,2.0019,-4.6917,6.0303,3.7283,5.8597,2.8962,-3.2102,4.1599,-1.9417
857,-1.887,2.0019,-4.6917,6.0303,3.7283,5.8597,2.8962,-3.2102,4.1599,-1.9417
858,-1.887,2.0019,-4.6917,6.0303,3.7283,5.8597,2.8962,-3.2102,4.1599,-1.9417
859,-1.4873,2.2825,-4.3963,6.1337,4.0251,6.0661,3.2583,-2.8874,4.3763,-1.7942
860,-1.4873,2.2825,-4.3963,6.1337,4.0251,6.0661,3.2583,-2.8874,4.3763,-1.7942
861,-1.4873,2.2825,-4.3963,6.1337,4.0251,6.0661,3.2583,-2.8874,4.3763,-1.7942
862,-1.09,2.5539,-4.0989,6.2205,4.312,6.2615,3.6169,-2.5587,4.591,-1.6499
863,-1.09,2.5539,-4.0989,6.2205,4.312,6.2615,3.6169,-2.5587,4.591,-1.6499
864,-1.09,2.5539,-4.0989,6.2205,4.312,6.2615,3.6169,-2.5587,4.591,-1.6499
865,-0.6957,2.8156,-3.7994,6.2915,4.312,6.4457,3.9715,-2.2238,4.8042,-1.5083
866,-0.6957,2.8156,-3.7994,6.2915,4.312,6.4457,3.9715,-2.2238,4.8042,-1.5083
867,-0.6957,2.8156,-3.7994,6.2915,4.312,6.4457,3.9715,-2.2238,4.8042,-1.5083
868,-0.6957,2.8156,-3.7994,6.2915,4.312,6.4457,3.9715,-2.2238,4.8042,-1.5083
869,-0.3049,3.067,-3.4974,6.3475,4.5893,6.6188,4.3217,-1.8831,5.0156,-1.3685
870,-0.3049,3.067,-3.4974,6.3475,4.5893,6.6188,4.3217,-1.8831,5.0156,-1.3685
871,-0.3049,3.067,-3.4974,6.3475,4.5893,6.6188,4.3217,-1.8831,5.0156,-1.3685
872,0.0822,3.067,-3.1928,6.3893,4.8568,6.7805,4.6673,-1.5365,5.2251,-1.23
873,0.0822,3.067,-3.1928,6.3893,4.8568,6.7805,4.6673,-1.5365,5.2251,-1.23
874,0.0822,3.067,-3.1928,6.3893,4.8568,6.7805,4.6673,-1.5365,5.2251,-1.23
875,0.4648,3.3077,-2.8855,6.4178,5.1148,6.9309,5.0078,-1.1843,5.4326,-1.0921
876,0.4648,3.3077,-2.8855,6.4178,5.1148,6.9309,5.0078,-1.1843,5.4326,-1.0921
877,0.4648,3.3077,-2.8855,6.4178,5.1148,6.9309,5.0078,-1.1843,5.4326,-1.0921
878,0.4648,3.3077,-2.8855,6.4178,5.1148,6.9309,5.0078,-1.1843,5.4326,-1.0921
879,0.8427,3.5372,-2.5754,6.4341,5.3636,7.07,5.343,-0.8267,5.6377,-0.954
880,0.8427,3.5372,-2.5754,6.4341,5.3636,7.07,5.343,-0.8267,5.6377,-0.954
881,0.8427,3.5372,-2.5754,6.4341,5.3636,7.07,5.343,-0.8267,5.6377,-0.954
882,1.2152,3.7551,-2.2625,6.4394,5.6031,7.07,5.6723,-0.464,5.8402,-0.8153
883,1.2152,3.7551,-2.2625,6.4394,5.6031,7.07,5.6723,-0.464,5.8402,-0.8153
884,1.2152,3.7551,-2.2625,6.4394,5.6031,7.07,5.6723,-0.464,5.8402,-0.8153
885,1.5821,3.9609,-1.9467,6.4347,5.834,7.1978,5.9955,-0.0967,6.0396,-0.6752
886,1.5821,3.9609,-1.9467,6.4347,5.834,7.1978,5.9955,-0.0967,6.0396,-0.6752
887,1.5821,3.9609,-1.9467,6.4347,5.834,7.1978,5.9955,-0.0967,6.0396,-0.6752
888,1.5821,3.9609,-1.9467,6.4347,5.834,7.1978,5.9955,-0.0967,6.0396,-0.6752
889,1.9427,4.1543,-1.6282,6.4213,6.0562,7.3142,6.3122,0.2748,6.2357,-0.5333
890,1.9427,4.1543,-1.6282,6.4213,6.0562,7.3142,6.3122,0.2748,6.2357,-0.5333
891,1.9427,4.1543,-1.6282,6.4213,6.0562,7.3142,6.3122,0.2748,6.2357,-0.5333
892,2.2968,4.335,-1.3071,6.4003,6.2702,7.4193,6.622,0.6499,6.428,-0.389
893,2.2968,4.335,-1.3071,6.4003,6.2702,7.4193,6.622,0.6499,6.428,-0.389
894,2.2968,4.335,-1.3071,6.4003,6.2702,7.4193,6.622,0.6499,6.428,-0.389
895,2.6438,4.5025,-0.9837,6.3731,6.4763,7.5133,6.9244,1.0281,6.6159,-0.2421
896,2.6438,4.5025,-0.9837,6.3731,6.4763,7.5133,6.9244,1.0281,6.6159,-0.2421
897,2.6438,4.5025,-0.9837,6.3731,6.4763,7.5133,6.9244,1.0281,6.6159,-0.2421
898,2.6438,4.5025,-0.9837,6.3731,6.4763,7.5133,6.9244,1.0281,6.6159,-0.2421
899,2.9834,4.6567,-0.6581,6.341,6.6747,7.596,7.2193,1.4087,6.799,-0.0919
900,2.9834,4.6567,-0.6581,6.341,6.6747,7.596,7.2193,1.4087,6.799,-0.0919
901,2.9834,4.6567,-0.6581,6.341,6.6747,7.596,7.2193,1.4087,6.799,-0.0919
902,3.3151,4.7973,-0.3308,6.3051,6.8657,7.6676,7.5061,1.7911,6.9768,0.0616
903,3.3151,4.7973,-0.3308,6.3051,6.8657,7.6676,7.5061,1.7911,6.9768,0.0616
904,3.3151,4.7973,-0.3308,6.3051,6.8657,7.6676,7.5061,1.7911,6.9768,0.0616
905,3.6386,4.9243,-0.0023,6.2665,7.0497,7.7283,7.7847,2.1743,7.1487,0.2187
906,3.6386,4.9243,-0.0023,6.2665,7.0497,7.7283,7.7847,2.1743,7.1487,0.2187
907,3.6386,4.9243,-0.0023,6.2665,7.0497,7.7283,7.7847,2.1743,7.1487,0.2187
908,3.6386,4.9243,-0.0023,6.2665,7.0497,7.7283,7.7847,2.1743,7.1487,0.2187
909,3.9535,5.0374,0.3269,6.2265,7.2268,7.7782,8.0546,2.5577,7.3142,0.3795
910,3.9535,5.0374,0.3269,6.2265,7.2268,7.7782,8.0546,2.5577,7.3142,0.3795
911,3.9535,5.0374,0.3269,6.2265,7.2268,7.7782,8.0546,2.5577,7.3142,0.3795
912,4.2593,5.1367,0.6565,6.186,7.3974,7.7782,8.3155,2.9405,7.4726,0.544
913,4.2593,5.1367,0.6565,6.186,7.3974,7.7782,8.3155,2.9405,7.4726,0.544
914,4.2593,5.1367,0.6565,6.186,7.3974,7.7782,8.3155,2.9405,7.4726,0.544
915,4.5558,5.2223,0.9856,6.146,7.5615,7.8174,8.5674,3.3216,7.6235,0.7122
916,4.5558,5.2223,0.9856,6.146,7.5615,7.8174,8.5674,3.3216,7.6235,0.7122
917,4.5558,5.2223,0.9856,6.146,7.5615,7.8174,8.5674,3.3216,7.6235,0.7122
918,4.5558,5.2223,0.9856,6.146,7.5615,7.8174,8.5674,3.3216,7.6235,0.7122
919,4.8426,5.2223,1.3135,6.1074,7.7194,7.8461,8.8098,3.7002,7.7663,0.884
920,4.8426,5.2223,1.3135,6.1074,7.7194,7.8461,8.8098,3.7002,7.7663,0.884
921,4.8426,5.2223,1.3135,6.1074,7.7194,7.8461,8.8098,3.7002,7.7663,0.884
922,5.1194,5.2944,1.6396,6.0709,7.8713,7.8647,9.0428,4.0753,7.9004,1.0591
923,5.1194,5.2944,1.6396,6.0709,7.8713,7.8647,9.0428,4.0753,7.9004,1.0591
924,5.1194,5.2944,1.6396,6.0709,7.8713,7.8647,9.0428,4.0753,7.9004,1.0591
925,5.3858,5.353,1.963,6.0372,8.0172,7.8732,9.2661,4.446,8.0253,1.2373
926,5.3858,5.353,1.963,6.0372,8.0172,7.8732,9.2661,4.446,8.0253,1.2373
927,5.3858,5.353,1.963,6.0372,8.0172,7.8732,9.2661,4.446,8.0253,1.2373
928,5.3858,5.353,1.963,6.0372,8.0172,7.8732,9.2661,4.446,8.0253,1.2373
929,5.6416,5.3986,2.2828,6.0068,8.1572,7.8721,9.4795,4.8112,8.1405,1.4181
930,5.6416,5.3986,2.2828,6.0068,8.1572,7.8721,9.4795,4.8112,8.1405,1.4181
931,5.6416,5.3986,2.2828,6.0068,8.1572,7.8721,9.4795,4.8112,8.1405,1.4181
932,5.8863,5.4315,2.5984,5.9802,8.2913,7.8616,9.6831,5.17,8.2454,1.601
933,5.8863,5.4315,2.5984,5.9802,8.2913,7.8616,9.6831,5.17,8.2454,1.601
934,5.8863,5.4315,2.5984,5.9802,8.2913,7.8616,9.6831,5.17,8.2454,1.601
935,6.1199,5.4523,2.9086,5.9577,8.4195,7.8422,9.8768,5.5212,8.3397,1.7856
936,6.1199,5.4523,2.9086,5.9577,8.4195,7.8422,9.8768,5.5212,8.3397,1.7856
937,6.1199,5.4523,2.9086,5.9577,8.4195,7.8422,9.8768,5.5212,8.3397,1.7856
938,6.1199,5.4523,2.9086,5.9577,8.4195,7.8422,9.8768,5.5212,8.3397,1.7856
939,6.3419,5.4615,3.2126,5.9396,8.542,7.8422,10.0605,5.864,8.423,1.9713
940,6.3419,5.4615,3.2126,5.9396,8.542,7.8422,10.0605,5.864,8.423,1.9713
941,6.3419,5.4615,3.2126,5.9396,8.542,7.8422,10.0605,5.864,8.423,1.9713
942,6.5521,5.4596,3.5096,5.9259,8.6585,7.8143,10.2343,6.1971,8.4949,2.1573
943,6.5521,5.4596,3.5096,5.9259,8.6585,7.8143,10.2343,6.1971,8.4949,2.1573
944,6.5521,5.4596,3.5096,5.9259,8.6585,7.8143,10.2343,6.1971,8.4949,2.1573
945,6.7504,5.4475,3.7986,5.9259,8.769,7.7783,10.3982,6.5198,8.555,2.3432
946,6.7504,5.4475,3.7986,5.9259,8.769,7.7783,10.3982,6.5198,8.555,2.3432
947,6.7504,5.4475,3.7986,5.9259,8.769,7.7783,10.3982,6.5198,8.555,2.3432
948,6.7504,5.4475,3.7986,5.9259,8.769,7.7783,10.3982,6.5198,8.555,2.3432
949,6.9363,5.4259,4.0787,5.9168,8.8735,7.7347,10.5523,6.8308,8.6034,2.5281
950,6.9363,5.4259,4.0787,5.9168,8.8735,7.7347,10.5523,6.8308,8.6034,2.5281
951,6.9363,5.4259,4.0787,5.9168,8.8735,7.7347,10.5523,6.8308,8.6034,2.5281
952,7.1098,5.3957,4.3492,5.9124,8.9717,7.6839,10.6967,7.1293,8.6398,2.7112
953,7.1098,5.3957,4.3492,5.9124,8.9717,7.6839,10.6967,7.1293,8.6398,2.7112
954,7.1098,5.3957,4.3492,5.9124,8.9717,7.6839,10.6967,7.1293,8.6398,2.7112
955,7.2707,5.3578,4.6092,5.9126,9.0635,7.6266,10.8314,7.4143,8.6643,2.892
956,7.2707,5.3578,4.6092,5.9126,9.0635,7.6266,10.8314,7.4143,8.6643,2.892
957,7.2707,5.3578,4.6092,5.9126,9.0635,7.6266,10.8314,7.4143,8.6643,2.892
958,7.2707,5.3578,4.6092,5.9126,9.0635,7.6266,10.8314,7.4143,8.6643,2.892
959,7.4188,5.3131,4.8581,5.9172,9.1489,7.5634,10.9567,7.6849,8.6767,3.0696
960,7.4188,5.3131,4.8581,5.9172,9.1489,7.5634,10.9567,7.6849,8.6767,3.0696
961,7.4188,5.3131,4.8581,5.9172,9.1489,7.5634,10.9567,7.6849,8.6767,3.0696
962,7.554,5.2625,5.095,5.9261,9.2276,7.4947,11.0727,7.9403,8.6773,3.2434
963,7.554,5.2625,5.095,5.9261,9.2276,7.4947,11.0727,7.9403,8.6773,3.2434
964,7.554,5.2625,5.095,5.9261,9.2276,7.4947,11.0727,7.9403,8.6773,3.2434
965,7.6762,5.2625,5.3194,5.9393,9.2995,7.4212,11.1795,8.1796,8.6664,3.4125
966,7.6762,5.2625,5.3194,5.9393,9.2995,7.4212,11.1795,8.1796,8.6664,3.4125
967,7.6762,5.2625,5.3194,5.9393,9.2995,7.4212,11.1795,8.1796,8.6664,3.4125
968,7.6762,5.2625,5.3194,5.9393,9.2995,7.4212,11.1795,8.1796,8.6664,3.4125
969,7.7854,5.2072,5.5308,5.9565,9.3646,7.4212,11.2775,8.4022,8.6441,3.5763
970,7.7854,5.2072,5.5308,5.9565,9.3646,7.4212,11.2775,8.4022,8.6441,3.5763
971,7.7854,5.2072,5.5308,5.9565,9.3646,7.4212,11.2775,8.4022,8.6441,3.5763
972,7.8815,5.1481,5.7286,5.9776,9.4226,7.3434,11.3668,8.6076,8.6109,3.7342
973,7.8815,5.1481,5.7286,5.9776,9.4226,7.3434,11.3668,8.6076,8.6109,3.7342
974,7.8815,5.1481,5.7286,5.9776,9.4226,7.3434,11.3668,8.6076,8.6109,3.7342
975,7.9648,5.0863,5.9126,6.0024,9.4736,7.2621,11.4476,8.7951,8.5673,3.8856
976,7.9648,5.0863,5.9126,6.0024,9.4736,7.2621,11.4476,8.7951,8.5673,3.8856
977,7.9648,5.0863,5.9126,6.0024,9.4736,7.2621,11.4476,8.7951,8.5673,3.8856
978,7.9648,5.0863,5.9126,6.0024,9.4736,7.2621,11.4476,8.7951,8.5673,3.8856
979,8.0352,5.0227,6.0824,6.0308,9.4736,7.1777,11.5204,8.9645,8.5138,4.0298
980,8.0352,5.0227,6.0824,6.0308,9.4736,7.1777,11.5204,8.9645,8.5138,4.0298
981,8.0352,5.0227,6.0824,6.0308,9.4736,7.1777,11.5204,8.9645,8.5138,4.0298
982,8.0929,4.9583,6.2378,6.0625,9.5175,7.091,11.5853,9.1154,8.4511,4.1664
983,8.0929,4.9583,6.2378,6.0625,9.5175,7.091,11.5853,9.1154,8.4511,4.1664
984,8.0929,4.9583,6.2378,6.0625,9.5175,7.091,11.5853,9.1154,8.4511,4.1664
985,8.1382,4.8943,6.3786,6.0976,9.5543,7.0024,11.6427,9.2479,8.3798,4.2949
986,8.1382,4.8943,6.3786,6.0976,9.5543,7.0024,11.6427,9.2479,8.3798,4.2949
987,8.1382,4.8943,6.3786,6.0976,9.5543,7.0024,11.6427,9.2479,8.3798,4.2949
988,8.1382,4.8943,6.3786,6.0976,9.5543,7.0024,11.6427,9.2479,8.3798,4.2949
989,8.1712,4.8314,6.505,6.1358,9.584,6.9127,11.6929,9.3617,8.3007,4.415
990,8.1712,4.8314,6.505,6.1358,9.584,6.9127,11.6929,9.3617,8.3007,4.415
991,8.1712,4.8314,6.505,6.1358,9.584,6.9127,11.6929,9.3617,8.3007,4.415
992,8.1924,4.7707,6.6168,6.1773,9.6066,6.8224,11.7363,9.4572,8.2145,4.5262
993,8.1924,4.7707,6.6168,6.1773,9.6066,6.8224,11.7363,9.4572,8.2145,4.5262
994,8.1924,4.7707,6.6168,6.1773,9.6066,6.8224,11.7363,9.4572,8.2145,4.5262
995,8.202,4.7131,6.7142,6.2218,9.6224,6.732,11.7732,9.5344,8.1221,4.6284
996,8.202,4.7131,6.7142,6.2218,9.6224,6.732,11.7732,9.5344,8.1221,4.6284
997,8.202,4.7131,6.7142,6.2218,9.6224,6.732,11.7732,9.5344,8.1221,4.6284
998,8.202,4.7131,6.7142,6.2218,9.6224,6.732,11.7732,9.5344,8.1221,4.6284
999,8.2006,4.6595,6.7975,6.2695,9.6315,6.732,11.8039,9.5939,8.0243,4.7214
1000,8.2006,4.6595,6.7975,6.2695,9.6315,6.732,11.8039,9.5939,8.0243,4.7214
