Var1,Var2_1,Var2_2,Var2_3,Var2_4,Var2_5,Var2_6,Var2_8,Var2_9,Var2_10,Var2_11
1,17.595712,16.956288,13.70784,17.11864,18.2124,12.19168,14.3524,13.70784,16.770664,15.58192
2,17.595712,16.956288,13.70784,17.11864,18.2124,12.19168,14.3524,13.70784,16.770664,15.58192
3,17.417536,16.899288,13.6704,17.004976,18.115832,12.01976,14.35032,13.6704,16.754976,15.53832
4,17.417536,16.899288,13.6704,17.004976,18.115832,12.01976,14.35032,13.6704,16.754976,15.53832
5,17.23664,16.837424,13.6228,16.888376,18.016088,11.84528,14.33888,13.6228,16.729816,15.48848
6,17.23664,16.837424,13.6228,16.888376,18.016088,11.84528,14.33888,13.6228,16.729816,15.48848
7,17.23664,16.837424,13.6228,16.888376,18.016088,11.84528,14.33888,13.6228,16.729816,15.48848
8,17.053008,16.770672,13.56512,16.768848,17.913176,11.66808,14.318,13.56512,16.695232,15.43248
9,17.053008,16.770672,13.56512,16.768848,17.913176,11.66808,14.318,13.56512,16.695232,15.43248
10,16.866656,16.699072,13.49728,16.646424,17.80716,11.48824,14.28776,13.49728,16.651232,15.37032
11,16.866656,16.699072,13.49728,16.646424,17.80716,11.48824,14.28776,13.49728,16.651232,15.37032
12,16.866656,16.699072,13.49728,16.646424,17.80716,11.48824,14.28776,13.49728,16.651232,15.37032
13,16.6776,16.622688,13.41928,16.521128,17.697976,11.48824,14.24816,13.41928,16.597856,15.302
14,16.6776,16.622688,13.41928,16.521128,17.697976,11.48824,14.24816,13.41928,16.597856,15.302
15,16.485808,16.541472,13.3312,16.392928,17.58568,11.3056,14.1992,13.3312,16.53512,15.2276
16,16.485808,16.541472,13.3312,16.392928,17.58568,11.3056,14.1992,13.3312,16.53512,15.2276
17,16.485808,16.541472,13.3312,16.392928,17.58568,11.3056,14.1992,13.3312,16.53512,15.2276
18,16.291336,16.455488,13.23304,16.261904,17.470312,11.12016,14.14096,13.23304,16.463096,15.14712
19,16.291336,16.455488,13.23304,16.261904,17.470312,11.12016,14.14096,13.23304,16.463096,15.14712
20,16.094192,16.455488,13.12472,16.128024,17.35188,10.93168,14.07344,13.12472,16.381768,15.06056
21,16.094192,16.455488,13.12472,16.128024,17.35188,10.93168,14.07344,13.12472,16.381768,15.06056
22,16.094192,16.455488,13.12472,16.128024,17.35188,10.93168,14.07344,13.12472,16.381768,15.06056
23,15.89448,16.364744,13.00648,15.99136,17.230424,10.74024,13.99664,13.00648,16.291208,14.96792
24,15.89448,16.364744,13.00648,15.99136,17.230424,10.74024,13.99664,13.00648,16.291208,14.96792
25,15.69208,16.269272,12.87816,15.85184,17.106032,10.54568,13.91064,12.87816,16.191432,14.86936
26,15.69208,16.269272,12.87816,15.85184,17.106032,10.54568,13.91064,12.87816,16.191432,14.86936
27,15.69208,16.269272,12.87816,15.85184,17.106032,10.54568,13.91064,12.87816,16.191432,14.86936
28,15.4872,16.169088,12.73992,15.70968,16.978744,10.348,13.81552,12.73992,16.082496,14.76472
29,15.4872,16.169088,12.73992,15.70968,16.978744,10.348,13.81552,12.73992,16.082496,14.76472
30,15.27984,16.064232,12.59184,15.5648,16.848624,10.14712,13.7112,12.59184,15.96448,14.65424
31,15.27984,16.064232,12.59184,15.5648,16.848624,10.14712,13.7112,12.59184,15.96448,14.65424
32,15.27984,16.064232,12.59184,15.5648,16.848624,10.14712,13.7112,12.59184,15.96448,14.65424
33,15.07016,15.95472,12.434,15.41712,16.715808,9.94288,13.59784,12.434,15.83752,14.53792
34,15.07016,15.95472,12.434,15.41712,16.715808,9.94288,13.59784,12.434,15.83752,14.53792
35,14.85816,15.84064,12.26656,15.26688,16.58036,9.94288,13.47544,12.26656,15.70152,14.41576
36,14.85816,15.84064,12.26656,15.26688,16.58036,9.94288,13.47544,12.26656,15.70152,14.41576
37,14.85816,15.84064,12.26656,15.26688,16.58036,9.94288,13.47544,12.26656,15.70152,14.41576
38,14.64392,15.722,12.0896,15.11408,16.442424,9.73528,13.34408,12.0896,15.55672,14.28784
39,14.64392,15.722,12.0896,15.11408,16.442424,9.73528,13.34408,12.0896,15.55672,14.28784
40,14.4276,15.59888,11.90328,14.95864,16.302096,9.52432,13.20392,11.90328,15.4032,14.15432
41,14.4276,15.59888,11.90328,14.95864,16.302096,9.52432,13.20392,11.90328,15.4032,14.15432
42,14.4276,15.59888,11.90328,14.95864,16.302096,9.52432,13.20392,11.90328,15.4032,14.15432
43,14.20936,15.47128,11.70792,14.80072,16.159528,9.30976,13.05496,11.70792,15.24104,14.01528
44,14.20936,15.47128,11.70792,14.80072,16.159528,9.30976,13.05496,11.70792,15.24104,14.01528
45,13.98928,15.33936,11.5036,14.64032,16.159528,9.09168,12.89736,11.5036,15.0704,13.8708
46,13.98928,15.33936,11.5036,14.64032,16.159528,9.09168,12.89736,11.5036,15.0704,13.8708
47,13.98928,15.33936,11.5036,14.64032,16.159528,9.09168,12.89736,11.5036,15.0704,13.8708
48,13.76744,15.20312,11.29072,14.47744,16.014888,8.87,12.73128,11.29072,14.89152,13.72104
49,13.76744,15.20312,11.29072,14.47744,16.014888,8.87,12.73128,11.29072,14.89152,13.72104
50,13.54408,15.06272,11.06944,14.31216,15.86824,8.64472,12.5568,11.06944,14.70448,13.56608
51,13.54408,15.06272,11.06944,14.31216,15.86824,8.64472,12.5568,11.06944,14.70448,13.56608
52,13.54408,15.06272,11.06944,14.31216,15.86824,8.64472,12.5568,11.06944,14.70448,13.56608
53,13.31928,14.91816,10.84024,14.14448,15.71984,8.41576,12.37408,10.84024,14.50952,13.40608
54,13.31928,14.91816,10.84024,14.14448,15.71984,8.41576,12.37408,10.84024,14.50952,13.40608
55,13.0932,14.91816,10.60328,14.14448,15.56976,8.18312,12.18328,10.60328,14.30688,13.24112
56,13.0932,14.91816,10.60328,14.14448,15.56976,8.18312,12.18328,10.60328,14.30688,13.24112
57,13.0932,14.91816,10.60328,14.14448,15.56976,8.18312,12.18328,10.60328,14.30688,13.24112
58,12.86592,14.7696,10.35904,13.97448,15.41808,8.18312,11.98464,10.35904,14.0968,13.07152
59,12.86592,14.7696,10.35904,13.97448,15.41808,8.18312,11.98464,10.35904,14.0968,13.07152
60,12.63776,14.61704,10.108,13.80208,15.26504,7.94688,11.7784,10.108,13.8796,12.89736
61,12.63776,14.61704,10.108,13.80208,15.26504,7.94688,11.7784,10.108,13.8796,12.89736
62,12.63776,14.61704,10.108,13.80208,15.26504,7.94688,11.7784,10.108,13.8796,12.89736
63,12.40872,14.4608,9.85048,13.62744,15.11072,7.70696,11.56472,9.85048,13.65544,12.7188
64,12.40872,14.4608,9.85048,13.62744,15.11072,7.70696,11.56472,9.85048,13.65544,12.7188
65,12.17896,14.3008,9.58704,13.4504,14.9552,7.46344,11.34392,9.58704,13.42464,12.53608
66,12.17896,14.3008,9.58704,13.4504,14.9552,7.46344,11.34392,9.58704,13.42464,12.53608
67,12.17896,14.3008,9.58704,13.4504,14.9552,7.46344,11.34392,9.58704,13.42464,12.53608
68,11.94864,14.13712,9.31816,13.27112,14.79856,7.2164,11.11624,9.31816,13.18768,12.34936
69,11.94864,14.13712,9.31816,13.27112,14.79856,7.2164,11.11624,9.31816,13.18768,12.34936
70,11.71792,13.97008,9.04424,13.08952,14.64096,6.96592,10.88192,9.04424,12.94472,12.1588
71,11.71792,13.97008,9.04424,13.08952,14.64096,6.96592,10.88192,9.04424,12.94472,12.1588
72,11.71792,13.97008,9.04424,13.08952,14.64096,6.96592,10.88192,9.04424,12.94472,12.1588
73,11.48688,13.79968,8.76592,12.9056,14.4824,6.71208,10.64128,8.76592,12.69624,11.96472
74,11.48688,13.79968,8.76592,12.9056,14.4824,6.71208,10.64128,8.76592,12.69624,11.96472
75,11.25576,13.62592,8.4836,12.71944,14.32288,6.45504,10.39472,8.4836,12.44248,11.7672
76,11.25576,13.62592,8.4836,12.71944,14.32288,6.45504,10.39472,8.4836,12.44248,11.7672
77,11.25576,13.62592,8.4836,12.71944,14.32288,6.45504,10.39472,8.4836,12.44248,11.7672
78,11.02456,13.44904,8.19792,12.53088,14.16256,6.19496,10.14248,8.19792,12.18392,11.56656
79,11.02456,13.44904,8.19792,12.53088,14.16256,6.19496,10.14248,8.19792,12.18392,11.56656
80,10.79336,13.2692,7.90944,12.34008,14.00136,6.19496,9.88504,7.90944,11.92088,11.36296
81,10.79336,13.2692,7.90944,12.34008,14.00136,6.19496,9.88504,7.90944,11.92088,11.36296
82,10.79336,13.2692,7.90944,12.34008,14.00136,6.19496,9.88504,7.90944,11.92088,11.36296
83,10.5624,13.0864,7.61872,12.14696,13.83936,5.932,9.62264,7.61872,11.65368,11.15664
84,10.5624,13.0864,7.61872,12.14696,13.83936,5.932,9.62264,7.61872,11.65368,11.15664
85,10.33176,12.9008,7.61872,11.95144,13.67656,5.6664,9.35568,7.61872,11.38288,10.94776
86,10.33176,12.9008,7.61872,11.95144,13.67656,5.6664,9.35568,7.61872,11.38288,10.94776
87,10.33176,12.9008,7.61872,11.95144,13.67656,5.6664,9.35568,7.61872,11.38288,10.94776
88,10.10144,12.7124,7.32616,11.7536,13.51288,5.3984,9.08456,7.32616,11.10864,10.73664
89,10.10144,12.7124,7.32616,11.7536,13.51288,5.3984,9.08456,7.32616,11.10864,10.73664
90,9.87152,12.7124,7.03248,11.55336,13.3484,5.12824,8.80976,7.03248,10.83144,10.52344
91,9.87152,12.7124,7.03248,11.55336,13.3484,5.12824,8.80976,7.03248,10.83144,10.52344
92,9.87152,12.7124,7.03248,11.55336,13.3484,5.12824,8.80976,7.03248,10.83144,10.52344
93,9.64216,12.52144,6.73808,11.35072,13.18304,4.85624,8.5316,6.73808,10.5516,10.30848
94,9.64216,12.52144,6.73808,11.35072,13.18304,4.85624,8.5316,6.73808,10.5516,10.30848
95,9.41344,12.32792,6.4436,11.1456,13.01672,4.58272,8.25048,6.4436,10.2696,10.09176
96,9.41344,12.32792,6.4436,11.1456,13.01672,4.58272,8.25048,6.4436,10.2696,10.09176
97,9.41344,12.32792,6.4436,11.1456,13.01672,4.58272,8.25048,6.4436,10.2696,10.09176
98,9.18536,12.13192,6.1496,10.93808,12.84952,4.308,7.9668,6.1496,9.9856,9.87376
99,9.18536,12.13192,6.1496,10.93808,12.84952,4.308,7.9668,6.1496,9.9856,9.87376
100,8.958,11.9336,5.8564,10.72808,12.68136,4.0324,7.68104,5.8564,9.7,9.65456
101,8.958,11.9336,5.8564,10.72808,12.68136,4.0324,7.68104,5.8564,9.7,9.65456
102,8.958,11.9336,5.8564,10.72808,12.68136,4.0324,7.68104,5.8564,9.7,9.65456
103,8.73144,11.73296,5.56472,10.51568,12.51224,4.0324,7.3936,5.56472,9.41312,9.43432
104,8.73144,11.73296,5.56472,10.51568,12.51224,4.0324,7.3936,5.56472,9.41312,9.43432
105,8.50568,11.53016,5.27488,10.30072,12.34208,3.7564,7.10488,5.27488,9.12536,9.21344
106,8.50568,11.53016,5.27488,10.30072,12.34208,3.7564,7.10488,5.27488,9.12536,9.21344
107,8.50568,11.53016,5.27488,10.30072,12.34208,3.7564,7.10488,5.27488,9.12536,9.21344
108,8.2808,11.3252,4.98752,10.08336,12.17096,3.4804,6.81528,4.98752,8.83696,8.99192
109,8.2808,11.3252,4.98752,10.08336,12.17096,3.4804,6.81528,4.98752,8.83696,8.99192
110,8.05688,11.11824,4.70304,9.86344,11.9988,3.2048,6.5252,4.70304,8.54816,8.77008
111,8.05688,11.11824,4.70304,9.86344,11.9988,3.2048,6.5252,4.70304,8.54816,8.77008
112,8.05688,11.11824,4.70304,9.86344,11.9988,3.2048,6.5252,4.70304,8.54816,8.77008
113,7.83392,10.90936,4.42176,9.64096,11.8256,2.93,6.23504,4.42176,8.25936,8.54816
114,7.83392,10.90936,4.42176,9.64096,11.8256,2.93,6.23504,4.42176,8.25936,8.54816
115,7.612,10.69856,4.1444,9.41608,11.65136,2.65656,5.94528,4.1444,7.97072,8.32624
116,7.612,10.69856,4.1444,9.41608,11.65136,2.65656,5.94528,4.1444,7.97072,8.32624
117,7.612,10.69856,4.1444,9.41608,11.65136,2.65656,5.94528,4.1444,7.97072,8.32624
118,7.39112,10.486,3.87104,9.18872,11.47608,2.38488,5.65632,3.87104,7.68264,8.10464
119,7.39112,10.486,3.87104,9.18872,11.47608,2.38488,5.65632,3.87104,7.68264,8.10464
120,7.17128,10.27184,3.60232,8.95896,11.29968,2.11536,5.3684,3.60232,7.39528,7.88352
121,7.17128,10.27184,3.60232,8.95896,11.29968,2.11536,5.3684,3.60232,7.39528,7.88352
122,7.17128,10.27184,3.60232,8.95896,11.29968,2.11536,5.3684,3.60232,7.39528,7.88352
123,6.95256,10.05608,3.33864,8.72664,11.12232,1.84856,5.08208,3.33864,7.10904,7.66304
124,6.95256,10.05608,3.33864,8.72664,11.12232,1.84856,5.08208,3.33864,7.10904,7.66304
125,6.73504,10.05608,3.08024,8.492,10.94384,1.84856,4.7976,3.08024,6.824,7.44344
126,6.73504,10.05608,3.08024,8.492,10.94384,1.84856,4.7976,3.08024,6.824,7.44344
127,6.73504,10.05608,3.08024,8.492,10.94384,1.84856,4.7976,3.08024,6.824,7.44344
128,6.5188,9.83888,2.82744,8.25504,10.76432,1.58504,4.51544,2.82744,6.54064,7.22488
129,6.5188,9.83888,2.82744,8.25504,10.76432,1.58504,4.51544,2.82744,6.54064,7.22488
130,6.30368,9.62024,2.5808,8.01576,10.76432,1.32512,4.23592,2.5808,6.25904,7.0076
131,6.30368,9.62024,2.5808,8.01576,10.76432,1.32512,4.23592,2.5808,6.25904,7.0076
132,6.30368,9.62024,2.5808,8.01576,10.76432,1.32512,4.23592,2.5808,6.25904,7.0076
133,6.08992,9.40048,2.34048,7.77424,10.58384,1.06936,3.95936,2.34048,5.97952,6.79176
134,6.08992,9.40048,2.34048,7.77424,10.58384,1.06936,3.95936,2.34048,5.97952,6.79176
135,5.87752,9.1796,2.1068,7.53064,10.40224,0.81816,3.68616,2.1068,5.7024,6.57752
136,5.87752,9.1796,2.1068,7.53064,10.40224,0.81816,3.68616,2.1068,5.7024,6.57752
137,5.87752,9.1796,2.1068,7.53064,10.40224,0.81816,3.68616,2.1068,5.7024,6.57752
138,5.6664,8.95784,1.88008,7.28496,10.21968,0.57208,3.41664,1.88008,5.42792,6.36512
139,5.6664,8.95784,1.88008,7.28496,10.21968,0.57208,3.41664,1.88008,5.42792,6.36512
140,5.45672,8.73528,1.66064,7.03744,10.03616,0.33152,3.15104,1.66064,5.15632,6.1548
141,5.45672,8.73528,1.66064,7.03744,10.03616,0.33152,3.15104,1.66064,5.15632,6.1548
142,5.45672,8.73528,1.66064,7.03744,10.03616,0.33152,3.15104,1.66064,5.15632,6.1548
143,5.24856,8.51216,1.44872,6.78816,9.85168,0.09688,2.88984,1.44872,4.88792,5.94664
144,5.24856,8.51216,1.44872,6.78816,9.85168,0.09688,2.88984,1.44872,4.88792,5.94664
145,5.04192,8.28856,1.24464,6.53736,9.66632,0.09688,2.63328,1.24464,4.62296,5.74096
146,5.04192,8.28856,1.24464,6.53736,9.66632,0.09688,2.63328,1.24464,4.62296,5.74096
147,5.04192,8.28856,1.24464,6.53736,9.66632,0.09688,2.63328,1.24464,4.62296,5.74096
148,4.8368,8.06472,1.04848,6.2852,9.48,-0.13144,2.3816,1.04848,4.36176,5.53792
149,4.8368,8.06472,1.04848,6.2852,9.48,-0.13144,2.3816,1.04848,4.36176,5.53792
150,4.63344,7.8408,0.86048,6.03184,9.2928,-0.35296,2.1352,0.86048,4.10456,5.33768
151,4.63344,7.8408,0.86048,6.03184,9.2928,-0.35296,2.1352,0.86048,4.10456,5.33768
152,4.63344,7.8408,0.86048,6.03184,9.2928,-0.35296,2.1352,0.86048,4.10456,5.33768
153,4.43168,7.61704,0.68088,5.77768,9.1048,-0.56744,1.89432,0.68088,3.85168,5.14048
154,4.43168,7.61704,0.68088,5.77768,9.1048,-0.56744,1.89432,0.68088,3.85168,5.14048
155,4.23168,7.3936,0.50992,5.5228,8.916,-0.7744,1.65912,0.50992,3.60336,4.94664
156,4.23168,7.3936,0.50992,5.5228,8.916,-0.7744,1.65912,0.50992,3.60336,4.94664
157,4.23168,7.3936,0.50992,5.5228,8.916,-0.7744,1.65912,0.50992,3.60336,4.94664
158,4.0336,7.17072,0.3476,5.26768,8.72648,-0.9736,1.42992,0.3476,3.35992,4.75624
159,4.0336,7.17072,0.3476,5.26768,8.72648,-0.9736,1.42992,0.3476,3.35992,4.75624
160,3.83736,7.17072,0.19408,5.01264,8.53624,-1.16472,1.20696,0.19408,3.1216,4.56968
161,3.83736,7.17072,0.19408,5.01264,8.53624,-1.16472,1.20696,0.19408,3.1216,4.56968
162,3.83736,7.17072,0.19408,5.01264,8.53624,-1.16472,1.20696,0.19408,3.1216,4.56968
163,3.6432,6.94856,0.04952,4.75792,8.34544,-1.34744,0.99048,0.04952,2.8888,4.38704
164,3.6432,6.94856,0.04952,4.75792,8.34544,-1.34744,0.99048,0.04952,2.8888,4.38704
165,3.45112,6.72736,-0.086,4.75792,8.154,-1.5216,0.78064,-0.086,2.6616,4.20864
166,3.45112,6.72736,-0.086,4.75792,8.154,-1.5216,0.78064,-0.086,2.6616,4.20864
167,3.45112,6.72736,-0.086,4.75792,8.154,-1.5216,0.78064,-0.086,2.6616,4.20864
168,3.26128,6.50736,-0.2124,4.504,7.96208,-1.5216,0.57752,-0.2124,2.4404,4.03472
169,3.26128,6.50736,-0.2124,4.504,7.96208,-1.5216,0.57752,-0.2124,2.4404,4.03472
170,3.26128,6.50736,-0.2124,4.504,7.96208,-1.5216,0.57752,-0.2124,2.4404,4.03472
171,3.07376,6.28872,-0.32976,4.25128,7.76976,-1.68704,0.38144,-0.32976,2.22536,3.86552
172,3.07376,6.28872,-0.32976,4.25128,7.76976,-1.68704,0.38144,-0.32976,2.22536,3.86552
173,2.88864,6.07168,-0.43784,4.00008,7.57704,-1.84344,0.1924,-0.43784,2.01688,3.70136
174,2.88864,6.07168,-0.43784,4.00008,7.57704,-1.84344,0.1924,-0.43784,2.01688,3.70136
175,2.88864,6.07168,-0.43784,4.00008,7.57704,-1.84344,0.1924,-0.43784,2.01688,3.70136
176,2.706,5.85632,-0.5368,3.75096,7.38408,-1.99072,0.01048,-0.5368,1.81512,3.54248
177,2.706,5.85632,-0.5368,3.75096,7.38408,-1.99072,0.01048,-0.5368,1.81512,3.54248
178,2.52608,5.64296,-0.62656,3.50432,7.19096,-2.12872,-0.16408,-0.62656,1.62032,3.38912
179,2.52608,5.64296,-0.62656,3.50432,7.19096,-2.12872,-0.16408,-0.62656,1.62032,3.38912
180,2.52608,5.64296,-0.62656,3.50432,7.19096,-2.12872,-0.16408,-0.62656,1.62032,3.38912
181,2.34904,5.43168,-0.7072,3.26064,6.99776,-2.25736,-0.33144,-0.7072,1.43272,3.24152
182,2.34904,5.43168,-0.7072,3.26064,6.99776,-2.25736,-0.33144,-0.7072,1.43272,3.24152
183,2.1748,5.22272,-0.77864,3.0204,6.80472,-2.37656,-0.49144,-0.77864,1.25248,3.09992
184,2.1748,5.22272,-0.77864,3.0204,6.80472,-2.37656,-0.49144,-0.77864,1.25248,3.09992
185,2.1748,5.22272,-0.77864,3.0204,6.80472,-2.37656,-0.49144,-0.77864,1.25248,3.09992
186,2.00376,5.01616,-0.84112,2.78416,6.61184,-2.48632,-0.64408,-0.84112,1.07984,2.96464
187,2.00376,5.01616,-0.84112,2.78416,6.61184,-2.48632,-0.64408,-0.84112,1.07984,2.96464
188,1.83584,4.81224,-0.89448,2.55224,6.41928,-2.58656,-0.78936,-0.89448,0.91496,2.83584
189,1.83584,4.81224,-0.89448,2.55224,6.41928,-2.58656,-0.78936,-0.89448,0.91496,2.83584
190,1.83584,4.81224,-0.89448,2.55224,6.41928,-2.58656,-0.78936,-0.89448,0.91496,2.83584
191,1.67136,4.61096,-0.93896,2.32528,6.22728,-2.58656,-0.92744,-0.93896,0.758,2.71376
192,1.67136,4.61096,-0.93896,2.32528,6.22728,-2.58656,-0.92744,-0.93896,0.758,2.71376
193,1.51032,4.41256,-0.97456,2.10368,6.03592,-2.67728,-1.05824,-0.97456,0.60912,2.59864
194,1.51032,4.41256,-0.97456,2.10368,6.03592,-2.67728,-1.05824,-0.97456,0.60912,2.59864
195,1.51032,4.41256,-0.97456,2.10368,6.03592,-2.67728,-1.05824,-0.97456,0.60912,2.59864
196,1.35296,4.41256,-1.00136,1.88792,5.84544,-2.75848,-1.182,-1.00136,0.4684,2.49056
197,1.35296,4.41256,-1.00136,1.88792,5.84544,-2.75848,-1.182,-1.00136,0.4684,2.49056
198,1.19944,4.21712,-1.0196,1.67856,5.656,-2.83024,-1.29872,-1.0196,0.33584,2.38984
199,1.19944,4.21712,-1.0196,1.67856,5.656,-2.83024,-1.29872,-1.0196,0.33584,2.38984
200,1.19944,4.21712,-1.0196,1.67856,5.656,-2.83024,-1.29872,-1.0196,0.33584,2.38984
201,1.04984,4.0248,-1.02928,1.476,5.46784,-2.89264,-1.40848,-1.02928,0.21168,2.29656
202,1.04984,4.0248,-1.02928,1.476,5.46784,-2.89264,-1.40848,-1.02928,0.21168,2.29656
203,0.90432,3.8356,-1.03048,1.28064,5.2812,-2.94568,-1.51152,-1.03048,0.09592,2.2108
204,0.90432,3.8356,-1.03048,1.28064,5.2812,-2.94568,-1.51152,-1.03048,0.09592,2.2108
205,0.90432,3.8356,-1.03048,1.28064,5.2812,-2.94568,-1.51152,-1.03048,0.09592,2.2108
206,0.76312,3.64976,-1.02344,1.09304,5.09624,-2.98952,-1.608,-1.02344,-0.01152,2.13272
207,0.76312,3.64976,-1.02344,1.09304,5.09624,-2.98952,-1.608,-1.02344,-0.01152,2.13272
208,0.62624,3.4672,-1.00816,0.91344,4.91328,-3.02424,-1.69808,-1.00816,-0.11048,2.0624
209,0.62624,3.4672,-1.00816,0.91344,4.91328,-3.02424,-1.69808,-1.00816,-0.11048,2.0624
210,0.62624,3.4672,-1.00816,0.91344,4.91328,-3.02424,-1.69808,-1.00816,-0.11048,2.0624
211,0.49392,3.28816,-0.98496,0.74224,4.73256,-3.05,-1.78184,-0.98496,-0.20112,1.99992
212,0.49392,3.28816,-0.98496,0.74224,4.73256,-3.05,-1.78184,-0.98496,-0.20112,1.99992
213,0.36624,3.11272,-0.95384,0.57976,4.55432,-3.05,-1.8596,-0.95384,-0.28344,1.94528
214,0.36624,3.11272,-0.95384,0.57976,4.55432,-3.05,-1.8596,-0.95384,-0.28344,1.94528
215,0.36624,3.11272,-0.95384,0.57976,4.55432,-3.05,-1.8596,-0.95384,-0.28344,1.94528
216,0.24328,2.94088,-0.91496,0.4264,4.37888,-3.0668,-1.93152,-0.91496,-0.35744,1.89848
217,0.24328,2.94088,-0.91496,0.4264,4.37888,-3.0668,-1.93152,-0.91496,-0.35744,1.89848
218,0.1252,2.77288,-0.86848,0.28232,4.37888,-3.07488,-1.99776,-0.86848,-0.42336,1.85952
219,0.1252,2.77288,-0.86848,0.28232,4.37888,-3.07488,-1.99776,-0.86848,-0.42336,1.85952
220,0.1252,2.77288,-0.86848,0.28232,4.37888,-3.07488,-1.99776,-0.86848,-0.42336,1.85952
221,0.01208,2.60872,-0.81464,0.14784,4.20656,-3.07448,-2.05864,-0.81464,-0.48112,1.8284
222,0.01208,2.60872,-0.81464,0.14784,4.20656,-3.07448,-2.05864,-0.81464,-0.48112,1.8284
223,-0.096,2.44864,-0.75344,0.02312,4.03744,-3.06552,-2.11424,-0.75344,-0.53088,1.80496
224,-0.096,2.44864,-0.75344,0.02312,4.03744,-3.06552,-2.11424,-0.75344,-0.53088,1.80496
225,-0.096,2.44864,-0.75344,0.02312,4.03744,-3.06552,-2.11424,-0.75344,-0.53088,1.80496
226,-0.19888,2.29264,-0.68512,-0.09176,3.87208,-3.0484,-2.1648,-0.68512,-0.57296,1.78928
227,-0.19888,2.29264,-0.68512,-0.09176,3.87208,-3.0484,-2.1648,-0.68512,-0.57296,1.78928
228,-0.29664,2.14088,-0.60984,-0.19656,3.71056,-3.02312,-2.21064,-0.60984,-0.60728,1.78112
229,-0.29664,2.14088,-0.60984,-0.19656,3.71056,-3.02312,-2.21064,-0.60984,-0.60728,1.78112
230,-0.29664,2.14088,-0.60984,-0.19656,3.71056,-3.02312,-2.21064,-0.60984,-0.60728,1.78112
231,-0.38912,2.14088,-0.52776,-0.29136,3.55328,-2.99,-2.25184,-0.52776,-0.63416,1.78032
232,-0.38912,2.14088,-0.52776,-0.29136,3.55328,-2.99,-2.25184,-0.52776,-0.63416,1.78032
233,-0.47632,1.99344,-0.43896,-0.37592,3.4004,-2.94912,-2.28864,-0.43896,-0.65368,1.78696
234,-0.47632,1.99344,-0.43896,-0.37592,3.4004,-2.94912,-2.28864,-0.43896,-0.65368,1.78696
235,-0.47632,1.99344,-0.43896,-0.37592,3.4004,-2.94912,-2.28864,-0.43896,-0.65368,1.78696
236,-0.55816,1.85056,-0.34368,-0.45048,3.2524,-2.94912,-2.3212,-0.34368,-0.66616,1.80064
237,-0.55816,1.85056,-0.34368,-0.45048,3.2524,-2.94912,-2.3212,-0.34368,-0.66616,1.80064
238,-0.63472,1.7124,-0.24208,-0.5148,3.10936,-2.90064,-2.34968,-0.24208,-0.67168,1.82128
239,-0.63472,1.7124,-0.24208,-0.5148,3.10936,-2.90064,-2.34968,-0.24208,-0.67168,1.82128
240,-0.63472,1.7124,-0.24208,-0.5148,3.10936,-2.90064,-2.34968,-0.24208,-0.67168,1.82128
241,-0.70592,1.57896,-0.13424,-0.56912,2.9716,-2.8448,-2.37432,-0.13424,-0.67056,1.84872
242,-0.70592,1.57896,-0.13424,-0.56912,2.9716,-2.8448,-2.37432,-0.13424,-0.67056,1.84872
243,-0.77192,1.45056,-0.0204,-0.6136,2.83944,-2.78176,-2.3952,-0.0204,-0.66288,1.8828
244,-0.77192,1.45056,-0.0204,-0.6136,2.83944,-2.78176,-2.3952,-0.0204,-0.66288,1.8828
245,-0.77192,1.45056,-0.0204,-0.6136,2.83944,-2.78176,-2.3952,-0.0204,-0.66288,1.8828
246,-0.83256,1.32728,0.09936,-0.64816,2.71312,-2.71176,-2.4124,0.09936,-0.64904,1.9232
247,-0.83256,1.32728,0.09936,-0.64816,2.71312,-2.71176,-2.4124,0.09936,-0.64904,1.9232
248,-0.888,1.20928,0.2248,-0.67312,2.5928,-2.63488,-2.42616,0.2248,-0.62904,1.96976
249,-0.888,1.20928,0.2248,-0.67312,2.5928,-2.63488,-2.42616,0.2248,-0.62904,1.96976
250,-0.888,1.20928,0.2248,-0.67312,2.5928,-2.63488,-2.42616,0.2248,-0.62904,1.96976
251,-0.93824,1.09664,0.2248,-0.68856,2.47888,-2.55136,-2.43656,0.2248,-0.60328,2.02224
252,-0.93824,1.09664,0.2248,-0.68856,2.47888,-2.55136,-2.43656,0.2248,-0.60328,2.02224
253,-0.98336,0.9896,0.35576,-0.6948,2.37136,-2.46144,-2.4436,0.35576,-0.57192,2.08048
254,-0.98336,0.9896,0.35576,-0.6948,2.37136,-2.46144,-2.4436,0.35576,-0.57192,2.08048
255,-0.98336,0.9896,0.35576,-0.6948,2.37136,-2.46144,-2.4436,0.35576,-0.57192,2.08048
256,-1.02344,0.8884,0.49216,-0.692,2.27064,-2.3652,-2.44736,0.49216,-0.53528,2.14408
257,-1.02344,0.8884,0.49216,-0.692,2.27064,-2.3652,-2.44736,0.49216,-0.53528,2.14408
258,-1.05856,0.79304,0.63368,-0.68032,2.1768,-2.3652,-2.44792,0.63368,-0.49336,2.21296
259,-1.05856,0.79304,0.63368,-0.68032,2.1768,-2.3652,-2.44792,0.63368,-0.49336,2.21296
260,-1.05856,0.79304,0.63368,-0.68032,2.1768,-2.3652,-2.44792,0.63368,-0.49336,2.21296
261,-1.08888,0.70368,0.78024,-0.66016,2.09,-2.26296,-2.44536,0.78024,-0.44664,2.2868
262,-1.08888,0.70368,0.78024,-0.66016,2.09,-2.26296,-2.44536,0.78024,-0.44664,2.2868
263,-1.1144,0.62064,0.93168,-0.63168,2.01056,-2.1548,-2.4396,0.93168,-0.39512,2.36544
264,-1.1144,0.62064,0.93168,-0.63168,2.01056,-2.1548,-2.4396,0.93168,-0.39512,2.36544
265,-1.1144,0.62064,0.93168,-0.63168,2.01056,-2.1548,-2.4396,0.93168,-0.39512,2.36544
266,-1.1352,0.62064,1.08784,-0.59512,1.9384,-2.04088,-2.43064,1.08784,-0.33912,2.44848
267,-1.1352,0.62064,1.08784,-0.59512,1.9384,-2.04088,-2.43064,1.08784,-0.33912,2.44848
268,-1.15144,0.544,1.2484,-0.55088,1.87376,-1.92152,-2.41848,1.2484,-0.2788,2.53584
269,-1.15144,0.544,1.2484,-0.55088,1.87376,-1.92152,-2.41848,1.2484,-0.2788,2.53584
270,-1.15144,0.544,1.2484,-0.55088,1.87376,-1.92152,-2.41848,1.2484,-0.2788,2.53584
271,-1.16328,0.47392,1.41336,-0.4992,1.81672,-1.79672,-2.40312,1.41336,-0.2144,2.62728
272,-1.16328,0.47392,1.41336,-0.4992,1.81672,-1.79672,-2.40312,1.41336,-0.2144,2.62728
273,-1.17064,0.41056,1.58248,-0.4992,1.76736,-1.6668,-2.3844,1.58248,-0.14608,2.72256
274,-1.17064,0.41056,1.58248,-0.4992,1.76736,-1.6668,-2.3844,1.58248,-0.14608,2.72256
275,-1.17064,0.41056,1.58248,-0.4992,1.76736,-1.6668,-2.3844,1.58248,-0.14608,2.72256
276,-1.17376,0.35408,1.75552,-0.44032,1.72576,-1.53192,-2.36232,1.75552,-0.07392,2.82144
277,-1.17376,0.35408,1.75552,-0.44032,1.72576,-1.53192,-2.36232,1.75552,-0.07392,2.82144
278,-1.17272,0.30464,1.9324,-0.37464,1.69176,-1.39224,-2.3368,1.9324,0.00176,2.92384
279,-1.17272,0.30464,1.9324,-0.37464,1.69176,-1.39224,-2.3368,1.9324,0.00176,2.92384
280,-1.17272,0.30464,1.9324,-0.37464,1.69176,-1.39224,-2.3368,1.9324,0.00176,2.92384
281,-1.16744,0.2624,2.11296,-0.30232,1.6656,-1.39224,-2.30768,2.11296,0.08096,3.02944
282,-1.16744,0.2624,2.11296,-0.30232,1.6656,-1.39224,-2.30768,2.11296,0.08096,3.02944
283,-1.15824,0.22752,2.29696,-0.22376,1.64704,-1.24792,-2.27496,2.29696,0.16352,3.13824
284,-1.15824,0.22752,2.29696,-0.22376,1.64704,-1.24792,-2.27496,2.29696,0.16352,3.13824
285,-1.15824,0.22752,2.29696,-0.22376,1.64704,-1.24792,-2.27496,2.29696,0.16352,3.13824
286,-1.14496,0.20016,2.48424,-0.1392,1.63616,-1.0992,-2.2384,2.48424,0.24928,3.25
287,-1.14496,0.20016,2.48424,-0.1392,1.63616,-1.0992,-2.2384,2.48424,0.24928,3.25
288,-1.12784,0.1804,2.67472,-0.04896,1.6328,-0.94616,-2.198,2.67472,0.33816,3.36456
289,-1.12784,0.1804,2.67472,-0.04896,1.6328,-0.94616,-2.198,2.67472,0.33816,3.36456
290,-1.12784,0.1804,2.67472,-0.04896,1.6328,-0.94616,-2.198,2.67472,0.33816,3.36456
291,-1.10688,0.16848,2.86816,0.0468,1.6368,-0.78904,-2.15352,2.86816,0.43016,3.48192
292,-1.10688,0.16848,2.86816,0.0468,1.6368,-0.78904,-2.15352,2.86816,0.43016,3.48192
293,-1.082,0.16448,3.0644,0.1476,1.64816,-0.628,-2.10496,3.0644,0.52512,3.60192
294,-1.082,0.16448,3.0644,0.1476,1.64816,-0.628,-2.10496,3.0644,0.52512,3.60192
295,-1.082,0.16448,3.0644,0.1476,1.64816,-0.628,-2.10496,3.0644,0.52512,3.60192
296,-1.05336,0.16864,3.26328,0.25336,1.66664,-0.46328,-2.05208,3.26328,0.62312,3.72456
297,-1.05336,0.16864,3.26328,0.25336,1.66664,-0.46328,-2.05208,3.26328,0.62312,3.72456
298,-1.02096,0.18088,3.46464,0.36368,1.692,-0.29504,-1.9948,3.46464,0.72408,3.84968
299,-1.02096,0.18088,3.46464,0.36368,1.692,-0.29504,-1.9948,3.46464,0.72408,3.84968
300,-1.02096,0.18088,3.46464,0.36368,1.692,-0.29504,-1.9948,3.46464,0.72408,3.84968
301,-0.9848,0.18088,3.66832,0.4784,1.72408,-0.12336,-1.93296,3.66832,0.828,3.97728
302,-0.9848,0.18088,3.66832,0.4784,1.72408,-0.12336,-1.93296,3.66832,0.828,3.97728
303,-0.94488,0.20144,3.87408,0.5972,1.72408,-0.12336,-1.86648,3.87408,0.93488,4.10736
304,-0.94488,0.20144,3.87408,0.5972,1.72408,-0.12336,-1.86648,3.87408,0.93488,4.10736
305,-0.94488,0.20144,3.87408,0.5972,1.72408,-0.12336,-1.86648,3.87408,0.93488,4.10736
306,-0.9012,0.2304,4.08176,0.71984,1.76272,0.05152,-1.79512,4.08176,1.04488,4.23992
307,-0.9012,0.2304,4.08176,0.71984,1.76272,0.05152,-1.79512,4.08176,1.04488,4.23992
308,-0.85368,0.26792,4.29128,0.84608,1.8076,0.22944,-1.71872,4.29128,1.15808,4.37488
309,-0.85368,0.26792,4.29128,0.84608,1.8076,0.22944,-1.71872,4.29128,1.15808,4.37488
310,-0.85368,0.26792,4.29128,0.84608,1.8076,0.22944,-1.71872,4.29128,1.15808,4.37488
311,-0.8024,0.31392,4.50224,0.97576,1.85848,0.41016,-1.63728,4.50224,1.27448,4.5124
312,-0.8024,0.31392,4.50224,0.97576,1.85848,0.41016,-1.63728,4.50224,1.27448,4.5124
313,-0.7472,0.36864,4.71464,1.10864,1.91504,0.59368,-1.55064,4.71464,1.39416,4.65248
314,-0.7472,0.36864,4.71464,1.10864,1.91504,0.59368,-1.55064,4.71464,1.39416,4.65248
315,-0.7472,0.36864,4.71464,1.10864,1.91504,0.59368,-1.55064,4.71464,1.39416,4.65248
316,-0.68808,0.432,4.92824,1.24456,1.9772,0.77968,-1.45856,4.92824,1.51736,4.79512
317,-0.68808,0.432,4.92824,1.24456,1.9772,0.77968,-1.45856,4.92824,1.51736,4.79512
318,-0.62512,0.50416,5.1428,1.38328,2.04448,0.968,-1.36096,5.1428,1.64424,4.9404
319,-0.62512,0.50416,5.1428,1.38328,2.04448,0.968,-1.36096,5.1428,1.64424,4.9404
320,-0.62512,0.50416,5.1428,1.38328,2.04448,0.968,-1.36096,5.1428,1.64424,4.9404
321,-0.55808,0.58504,5.35808,1.52464,2.11672,1.15864,-1.25768,5.35808,1.77488,5.08848
322,-0.55808,0.58504,5.35808,1.52464,2.11672,1.15864,-1.25768,5.35808,1.77488,5.08848
323,-0.48696,0.67472,5.574,1.66864,2.19368,1.35136,-1.14872,5.574,1.90944,5.23928
324,-0.48696,0.67472,5.574,1.66864,2.19368,1.35136,-1.14872,5.574,1.90944,5.23928
325,-0.48696,0.67472,5.574,1.66864,2.19368,1.35136,-1.14872,5.574,1.90944,5.23928
326,-0.41168,0.77312,5.79032,1.81496,2.27496,1.35136,-1.03376,5.79032,2.04816,5.39296
327,-0.41168,0.77312,5.79032,1.81496,2.27496,1.35136,-1.03376,5.79032,2.04816,5.39296
328,-0.33216,0.88032,6.0068,1.96368,2.3604,1.546,-0.91288,6.0068,2.1912,5.54968
329,-0.33216,0.88032,6.0068,1.96368,2.3604,1.546,-0.91288,6.0068,2.1912,5.54968
330,-0.33216,0.88032,6.0068,1.96368,2.3604,1.546,-0.91288,6.0068,2.1912,5.54968
331,-0.2484,0.99608,6.22336,2.11464,2.44976,1.74248,-0.78584,6.22336,2.3388,5.70944
332,-0.2484,0.99608,6.22336,2.11464,2.44976,1.74248,-0.78584,6.22336,2.3388,5.70944
333,-0.16024,1.1204,6.43976,2.26776,2.54272,1.94064,-0.65248,6.43976,2.49112,5.8724
334,-0.16024,1.1204,6.43976,2.26776,2.54272,1.94064,-0.65248,6.43976,2.49112,5.8724
335,-0.16024,1.1204,6.43976,2.26776,2.54272,1.94064,-0.65248,6.43976,2.49112,5.8724
336,-0.06768,1.1204,6.65584,2.42312,2.63904,2.1404,-0.51288,6.65584,2.6484,6.03856
337,-0.06768,1.1204,6.65584,2.42312,2.63904,2.1404,-0.51288,6.65584,2.6484,6.03856
338,0.02944,1.2532,6.87144,2.58056,2.73848,2.34152,-0.36672,6.87144,2.81072,6.208
339,0.02944,1.2532,6.87144,2.58056,2.73848,2.34152,-0.36672,6.87144,2.81072,6.208
340,0.02944,1.2532,6.87144,2.58056,2.73848,2.34152,-0.36672,6.87144,2.81072,6.208
341,0.1312,1.39432,7.0864,2.74032,2.84096,2.544,-0.21408,7.0864,2.97848,6.38088
342,0.1312,1.39432,7.0864,2.74032,2.84096,2.544,-0.21408,7.0864,2.97848,6.38088
343,0.2376,1.54352,7.30072,2.90232,2.94616,2.74768,-0.05472,7.30072,3.15168,6.55712
344,0.2376,1.54352,7.30072,2.90232,2.94616,2.74768,-0.05472,7.30072,3.15168,6.55712
345,0.2376,1.54352,7.30072,2.90232,2.94616,2.74768,-0.05472,7.30072,3.15168,6.55712
346,0.3488,1.70072,7.51424,3.06664,3.05392,2.9524,0.11136,7.51424,3.33056,6.73688
347,0.3488,1.70072,7.51424,3.06664,3.05392,2.9524,0.11136,7.51424,3.33056,6.73688
348,0.46472,1.86568,7.7268,3.23336,3.164,2.9524,0.28424,7.7268,3.51528,6.92008
349,0.46472,1.86568,7.7268,3.23336,3.164,2.9524,0.28424,7.7268,3.51528,6.92008
350,0.46472,1.86568,7.7268,3.23336,3.164,2.9524,0.28424,7.7268,3.51528,6.92008
351,0.58552,2.03816,7.9384,3.40272,3.27624,3.15808,0.464,7.9384,3.706,7.10672
352,0.58552,2.03816,7.9384,3.40272,3.27624,3.15808,0.464,7.9384,3.706,7.10672
353,0.71128,2.21784,8.14896,3.5748,3.39056,3.36464,0.65064,8.14896,3.9028,7.2968
354,0.71128,2.21784,8.14896,3.5748,3.39056,3.36464,0.65064,8.14896,3.9028,7.2968
355,0.71128,2.21784,8.14896,3.5748,3.39056,3.36464,0.65064,8.14896,3.9028,7.2968
356,0.84192,2.4044,8.35856,3.74968,3.50672,3.57184,0.84432,8.35856,4.10576,7.49032
357,0.84192,2.4044,8.35856,3.74968,3.50672,3.57184,0.84432,8.35856,4.10576,7.49032
358,0.9776,2.59768,8.56696,3.92776,3.62456,3.77976,1.04496,8.56696,4.31504,7.68712
359,0.9776,2.59768,8.56696,3.92776,3.62456,3.77976,1.04496,8.56696,4.31504,7.68712
360,0.9776,2.59768,8.56696,3.92776,3.62456,3.77976,1.04496,8.56696,4.31504,7.68712
361,1.11816,2.7972,8.77432,4.10904,3.744,3.98824,1.25256,8.77432,4.53064,7.88712
362,1.11816,2.7972,8.77432,4.10904,3.744,3.98824,1.25256,8.77432,4.53064,7.88712
363,1.26376,3.00272,8.98056,4.29384,3.8648,4.1972,1.46728,8.98056,4.75256,8.09016
364,1.26376,3.00272,8.98056,4.29384,3.8648,4.1972,1.46728,8.98056,4.75256,8.09016
365,1.26376,3.00272,8.98056,4.29384,3.8648,4.1972,1.46728,8.98056,4.75256,8.09016
366,1.41424,3.21384,9.18568,4.48232,3.9868,4.4064,1.68896,9.18568,4.9808,8.29616
367,1.41424,3.21384,9.18568,4.48232,3.9868,4.4064,1.68896,9.18568,4.9808,8.29616
368,1.56968,3.43024,9.38968,4.67464,4.10992,4.616,1.91752,9.38968,5.2152,8.50472
369,1.56968,3.43024,9.38968,4.67464,4.10992,4.616,1.91752,9.38968,5.2152,8.50472
370,1.56968,3.43024,9.38968,4.67464,4.10992,4.616,1.91752,9.38968,5.2152,8.50472
371,1.73,3.43024,9.59248,4.87112,4.234,4.616,2.15304,9.59248,5.45576,8.71584
372,1.73,3.43024,9.59248,4.87112,4.234,4.616,2.15304,9.59248,5.45576,8.71584
373,1.89504,3.65152,9.79416,5.07192,4.35888,4.82568,2.39536,9.79416,5.70224,8.9292
374,1.89504,3.65152,9.79416,5.07192,4.35888,4.82568,2.39536,9.79416,5.70224,8.9292
375,1.89504,3.65152,9.79416,5.07192,4.35888,4.82568,2.39536,9.79416,5.70224,8.9292
376,2.0648,3.87736,9.99472,5.2772,4.4844,5.0356,2.64432,9.99472,5.95456,9.14448
377,2.0648,3.87736,9.99472,5.2772,4.4844,5.0356,2.64432,9.99472,5.95456,9.14448
378,2.23912,4.10744,10.194,5.48704,4.6104,5.24552,2.89984,10.194,6.2124,9.36144
379,2.23912,4.10744,10.194,5.48704,4.6104,5.24552,2.89984,10.194,6.2124,9.36144
380,2.23912,4.10744,10.194,5.48704,4.6104,5.24552,2.89984,10.194,6.2124,9.36144
381,2.41784,4.34128,10.392,5.70176,4.7368,5.45552,3.16184,10.392,6.4756,9.57976
382,2.41784,4.34128,10.392,5.70176,4.7368,5.45552,3.16184,10.392,6.4756,9.57976
383,2.60088,4.57872,10.58864,5.70176,4.86336,5.66544,3.42992,10.58864,6.74368,9.79928
384,2.60088,4.57872,10.58864,5.70176,4.86336,5.66544,3.42992,10.58864,6.74368,9.79928
385,2.60088,4.57872,10.58864,5.70176,4.86336,5.66544,3.42992,10.58864,6.74368,9.79928
386,2.788,4.81936,10.78392,5.92128,4.98992,5.87536,3.70408,10.78392,7.0164,10.01952
387,2.788,4.81936,10.78392,5.92128,4.98992,5.87536,3.70408,10.78392,7.0164,10.01952
388,2.97904,5.06288,10.97768,6.14576,5.1164,6.0852,3.98392,10.97768,7.29344,10.24024
389,2.97904,5.06288,10.97768,6.14576,5.1164,6.0852,3.98392,10.97768,7.29344,10.24024
390,2.97904,5.06288,10.97768,6.14576,5.1164,6.0852,3.98392,10.97768,7.29344,10.24024
391,3.17384,5.3092,11.16976,6.37528,5.1164,6.29496,4.26936,11.16976,7.57424,10.46112
392,3.17384,5.3092,11.16976,6.37528,5.1164,6.29496,4.26936,11.16976,7.57424,10.46112
393,3.372,5.55792,11.36016,6.60976,5.24264,6.29496,4.55992,11.36016,7.8584,10.68184
394,3.372,5.55792,11.36016,6.60976,5.24264,6.29496,4.55992,11.36016,7.8584,10.68184
395,3.372,5.55792,11.36016,6.60976,5.24264,6.29496,4.55992,11.36016,7.8584,10.68184
396,3.57352,5.8088,11.54872,6.84912,5.36848,6.50464,4.85536,11.54872,8.14536,10.90216
397,3.57352,5.8088,11.54872,6.84912,5.36848,6.50464,4.85536,11.54872,8.14536,10.90216
398,3.778,6.06176,11.73528,7.09344,5.49376,6.71424,5.15544,11.73528,8.43472,11.12184
399,3.778,6.06176,11.73528,7.09344,5.49376,6.71424,5.15544,11.73528,8.43472,11.12184
400,3.778,6.06176,11.73528,7.09344,5.49376,6.71424,5.15544,11.73528,8.43472,11.12184
401,3.98512,6.31656,11.91976,7.3424,5.6184,6.92376,5.45968,11.91976,8.72592,11.34064
402,3.98512,6.31656,11.91976,7.3424,5.6184,6.92376,5.45968,11.91976,8.72592,11.34064
403,4.19472,6.5732,12.10208,7.596,5.74224,7.13328,5.76776,12.10208,9.0184,11.55824
404,4.19472,6.5732,12.10208,7.596,5.74224,7.13328,5.76776,12.10208,9.0184,11.55824
405,4.19472,6.5732,12.10208,7.596,5.74224,7.13328,5.76776,12.10208,9.0184,11.55824
406,4.40656,6.5732,12.282,7.85392,5.86512,7.3428,6.07928,12.282,9.31152,11.77456
407,4.40656,6.5732,12.282,7.85392,5.86512,7.3428,6.07928,12.282,9.31152,11.77456
408,4.62024,6.83136,12.45944,8.11592,5.98704,7.55224,6.39384,12.45944,9.6048,11.98936
409,4.62024,6.83136,12.45944,8.11592,5.98704,7.55224,6.39384,12.45944,9.6048,11.98936
410,4.62024,6.83136,12.45944,8.11592,5.98704,7.55224,6.39384,12.45944,9.6048,11.98936
411,4.83552,7.09096,12.6344,8.38168,6.10792,7.76184,6.71104,12.6344,9.8976,12.20248
412,4.83552,7.09096,12.6344,8.38168,6.10792,7.76184,6.71104,12.6344,9.8976,12.20248
413,5.05216,7.352,12.80664,8.65088,6.2276,7.97152,7.0304,12.80664,10.18936,12.41368
414,5.05216,7.352,12.80664,8.65088,6.2276,7.97152,7.0304,12.80664,10.18936,12.41368
415,5.05216,7.352,12.80664,8.65088,6.2276,7.97152,7.0304,12.80664,10.18936,12.41368
416,5.26984,7.61432,12.97624,8.92312,6.34608,7.97152,7.35152,12.97624,10.47944,12.62304
417,5.26984,7.61432,12.97624,8.92312,6.34608,7.97152,7.35152,12.97624,10.47944,12.62304
418,5.48832,7.87792,12.97624,9.19808,6.46336,8.18144,7.67392,12.97624,10.76744,12.8304
419,5.48832,7.87792,12.97624,9.19808,6.46336,8.18144,7.67392,12.97624,10.76744,12.8304
420,5.48832,7.87792,12.97624,9.19808,6.46336,8.18144,7.67392,12.97624,10.76744,12.8304
421,5.70744,8.14264,13.1432,9.4752,6.57936,8.39152,7.99712,13.1432,11.05272,13.0356
422,5.70744,8.14264,13.1432,9.4752,6.57936,8.39152,7.99712,13.1432,11.05272,13.0356
423,5.92688,8.4084,13.30736,9.75416,6.69416,8.602,8.32064,13.30736,11.33472,13.23856
424,5.92688,8.4084,13.30736,9.75416,6.69416,8.602,8.32064,13.30736,11.33472,13.23856
425,5.92688,8.4084,13.30736,9.75416,6.69416,8.602,8.32064,13.30736,11.33472,13.23856
426,6.14648,8.67512,13.46872,10.03432,6.80776,8.81272,8.644,13.46872,11.61304,13.43928
427,6.14648,8.67512,13.46872,10.03432,6.80776,8.81272,8.644,13.46872,11.61304,13.43928
428,6.36608,8.9428,13.62752,10.31536,6.92024,9.02392,8.96688,13.62752,11.8872,13.63776
429,6.36608,8.9428,13.62752,10.31536,6.92024,9.02392,8.96688,13.62752,11.8872,13.63776
430,6.36608,8.9428,13.62752,10.31536,6.92024,9.02392,8.96688,13.62752,11.8872,13.63776
431,6.58544,9.21128,13.7836,10.59688,7.03176,9.2356,9.28856,13.7836,12.15664,13.83376
432,6.58544,9.21128,13.7836,10.59688,7.03176,9.2356,9.28856,13.7836,12.15664,13.83376
433,6.80448,9.48048,13.93728,10.87832,7.14232,9.44776,9.6088,13.93728,12.42112,14.02744
434,6.80448,9.48048,13.93728,10.87832,7.14232,9.44776,9.6088,13.93728,12.42112,14.02744
435,6.80448,9.48048,13.93728,10.87832,7.14232,9.44776,9.6088,13.93728,12.42112,14.02744
436,7.02312,9.75032,14.08848,11.1592,7.25224,9.44776,9.92704,14.08848,12.68016,14.21872
437,7.02312,9.75032,14.08848,11.1592,7.25224,9.44776,9.92704,14.08848,12.68016,14.21872
438,7.2412,10.02072,14.23752,11.43928,7.3616,9.66056,10.2428,14.23752,12.9336,14.40752
439,7.2412,10.02072,14.23752,11.43928,7.3616,9.66056,10.2428,14.23752,12.9336,14.40752
440,7.2412,10.02072,14.23752,11.43928,7.3616,9.66056,10.2428,14.23752,12.9336,14.40752
441,7.4588,10.02072,14.38448,11.71808,7.47064,9.87392,10.55568,14.38448,13.18096,14.59384
442,7.4588,10.02072,14.38448,11.71808,7.47064,9.87392,10.55568,14.38448,13.18096,14.59384
443,7.67584,10.29152,14.5296,11.99528,7.5796,10.08808,10.86528,14.5296,13.42208,14.7776
444,7.67584,10.29152,14.5296,11.99528,7.5796,10.08808,10.86528,14.5296,13.42208,14.7776
445,7.67584,10.29152,14.5296,11.99528,7.5796,10.08808,10.86528,14.5296,13.42208,14.7776
446,7.89232,10.56256,14.67312,12.27072,7.6888,10.30288,11.17112,14.67312,13.65672,14.9588
447,7.89232,10.56256,14.67312,12.27072,7.6888,10.30288,11.17112,14.67312,13.65672,14.9588
448,8.10832,10.83384,14.8152,12.54392,7.79856,10.5184,11.4728,14.8152,13.88472,15.13744
449,8.10832,10.83384,14.8152,12.54392,7.79856,10.5184,11.4728,14.8152,13.88472,15.13744
450,8.10832,10.83384,14.8152,12.54392,7.79856,10.5184,11.4728,14.8152,13.88472,15.13744
451,8.32392,11.10504,14.95616,12.81488,7.90912,10.73464,11.77,14.95616,14.10592,15.31344
452,8.32392,11.10504,14.95616,12.81488,7.90912,10.73464,11.77,14.95616,14.10592,15.31344
453,8.53912,11.376,15.09616,13.08336,8.02088,10.9516,12.0624,15.09616,14.32032,15.4868
454,8.53912,11.376,15.09616,13.08336,8.02088,10.9516,12.0624,15.09616,14.32032,15.4868
455,8.53912,11.376,15.09616,13.08336,8.02088,10.9516,12.0624,15.09616,14.32032,15.4868
456,8.75408,11.64664,15.23568,13.34912,8.13432,11.16936,12.3496,15.23568,14.52768,15.65752
457,8.75408,11.64664,15.23568,13.34912,8.13432,11.16936,12.3496,15.23568,14.52768,15.65752
458,8.96888,11.91688,15.3748,13.61224,8.2496,11.16936,12.63136,15.3748,14.72816,15.82552
459,8.96888,11.91688,15.3748,13.61224,8.2496,11.16936,12.63136,15.3748,14.72816,15.82552
460,8.96888,11.91688,15.3748,13.61224,8.2496,11.16936,12.63136,15.3748,14.72816,15.82552
461,9.18376,12.18632,15.51376,13.87256,8.36728,11.38768,12.90728,15.51376,14.9216,15.9908
462,9.18376,12.18632,15.51376,13.87256,8.36728,11.38768,12.90728,15.51376,14.9216,15.9908
463,9.39872,12.45496,15.65288,14.13,8.48776,11.60664,13.1772,15.65288,15.10808,16.153432
464,9.39872,12.45496,15.65288,14.13,8.48776,11.60664,13.1772,15.65288,15.10808,16.153432
465,9.39872,12.45496,15.65288,14.13,8.48776,11.60664,13.1772,15.65288,15.10808,16.153432
466,9.614,12.72248,15.79232,14.38472,8.61144,11.82608,13.44104,15.79232,15.28768,16.313304
467,9.614,12.72248,15.79232,14.38472,8.61144,11.82608,13.44104,15.79232,15.28768,16.313304
468,9.82968,12.98888,15.9324,14.63648,8.73864,12.04592,13.69832,15.9324,15.4604,16.470512
469,9.82968,12.98888,15.9324,14.63648,8.73864,12.04592,13.69832,15.9324,15.4604,16.470512
470,9.82968,12.98888,15.9324,14.63648,8.73864,12.04592,13.69832,15.9324,15.4604,16.470512
471,10.046,13.25384,16.073104,14.8856,8.86992,12.26616,13.94912,16.073104,15.6264,16.624984
472,10.046,13.25384,16.073104,14.8856,8.86992,12.26616,13.94912,16.073104,15.6264,16.624984
473,10.26296,13.51728,16.214736,15.13184,9.00568,12.48648,14.19328,16.214736,15.78568,16.776792
474,10.26296,13.51728,16.214736,15.13184,9.00568,12.48648,14.19328,16.214736,15.78568,16.776792
475,10.26296,13.51728,16.214736,15.13184,9.00568,12.48648,14.19328,16.214736,15.78568,16.776792
476,10.48072,13.51728,16.357296,15.37544,9.00568,12.7068,14.43064,16.357296,15.93856,16.925936
477,10.48072,13.51728,16.357296,15.37544,9.00568,12.7068,14.43064,16.357296,15.93856,16.925936
478,10.69936,13.77896,16.500872,15.61624,9.14616,12.92696,14.66128,16.500872,16.085064,17.072544
479,10.69936,13.77896,16.500872,15.61624,9.14616,12.92696,14.66128,16.500872,16.085064,17.072544
480,10.69936,13.77896,16.500872,15.61624,9.14616,12.92696,14.66128,16.500872,16.085064,17.072544
481,10.91904,14.03872,16.645504,15.85448,9.29184,12.92696,14.88504,16.645504,16.225376,17.216576
482,10.91904,14.03872,16.645504,15.85448,9.29184,12.92696,14.88504,16.645504,16.225376,17.216576
483,11.13976,14.29648,16.791088,16.09012,9.44312,13.14672,15.102,16.791088,16.359712,17.358184
484,11.13976,14.29648,16.791088,16.09012,9.44312,13.14672,15.102,16.791088,16.359712,17.358184
485,11.13976,14.29648,16.791088,16.09012,9.44312,13.14672,15.102,16.791088,16.359712,17.358184
486,11.36152,14.55192,16.937584,16.323104,9.60024,13.366,15.31224,16.937584,16.4882,17.497344
487,11.36152,14.55192,16.937584,16.323104,9.60024,13.366,15.31224,16.937584,16.4882,17.497344
488,11.5844,14.80496,17.084872,16.553488,9.76352,13.5844,15.51584,17.084872,16.611112,17.634216
489,11.5844,14.80496,17.084872,16.553488,9.76352,13.5844,15.51584,17.084872,16.611112,17.634216
490,11.5844,14.80496,17.084872,16.553488,9.76352,13.5844,15.51584,17.084872,16.611112,17.634216
491,11.80832,15.05552,17.232784,16.553488,9.93328,13.80184,15.71296,17.232784,16.728608,17.768832
492,11.80832,15.05552,17.232784,16.553488,9.93328,13.80184,15.71296,17.232784,16.728608,17.768832
493,12.03336,15.30336,17.381016,16.781248,10.1096,14.01808,15.9036,17.381016,16.840912,17.90128
494,12.03336,15.30336,17.381016,16.781248,10.1096,14.01808,15.9036,17.381016,16.840912,17.90128
495,12.03336,15.30336,17.381016,16.781248,10.1096,14.01808,15.9036,17.381016,16.840912,17.90128
496,12.25928,15.5484,17.529352,17.006328,10.29288,14.23272,16.088056,17.529352,16.948264,18.031608
497,12.25928,15.5484,17.529352,17.006328,10.29288,14.23272,16.088056,17.529352,16.948264,18.031608
498,12.48616,15.7904,17.677472,17.228688,10.48304,14.44568,16.266464,17.677472,17.05084,18.15988
499,12.48616,15.7904,17.677472,17.228688,10.48304,14.44568,16.266464,17.677472,17.05084,18.15988
500,12.48616,15.7904,17.677472,17.228688,10.48304,14.44568,16.266464,17.677472,17.05084,18.15988
501,12.71384,16.029344,17.825,17.448232,10.68032,14.65656,16.439064,17.825,17.148928,18.286176
502,12.71384,16.029344,17.825,17.448232,10.68032,14.65656,16.439064,17.825,17.148928,18.286176
503,12.71384,16.029344,17.825,17.448232,10.68032,14.65656,16.439064,17.825,17.148928,18.286176
504,12.94216,16.265024,17.971592,17.66488,10.88464,14.65656,16.606128,17.971592,17.242696,18.410488
505,12.94216,16.265024,17.971592,17.66488,10.88464,14.65656,16.606128,17.971592,17.242696,18.410488
506,13.17104,16.497368,18.11676,17.878472,11.096,14.8652,16.767904,18.11676,17.332376,18.53292
507,13.17104,16.497368,18.11676,17.878472,11.096,14.8652,16.767904,18.11676,17.332376,18.53292
508,13.17104,16.497368,18.11676,17.878472,11.096,14.8652,16.767904,18.11676,17.332376,18.53292
509,13.40032,16.726184,18.26008,18.088896,11.31448,15.07128,16.924672,18.26008,17.41816,18.653424
510,13.40032,16.726184,18.26008,18.088896,11.31448,15.07128,16.924672,18.26008,17.41816,18.653424
511,13.62976,16.951376,18.401168,18.295928,11.53968,15.27456,17.076696,18.401168,17.500312,18.772016
512,13.62976,16.951376,18.401168,18.295928,11.53968,15.27456,17.076696,18.401168,17.500312,18.772016
513,13.62976,16.951376,18.401168,18.295928,11.53968,15.27456,17.076696,18.401168,17.500312,18.772016
514,13.85928,16.951376,18.539424,18.499408,11.7716,15.47472,17.224296,18.539424,17.578944,18.888696
515,13.85928,16.951376,18.539424,18.499408,11.7716,15.47472,17.224296,18.539424,17.578944,18.888696
516,14.08864,17.172792,18.674432,18.699112,12.00992,15.6716,17.367784,18.674432,17.65432,19.003448
517,14.08864,17.172792,18.674432,18.699112,12.00992,15.6716,17.367784,18.674432,17.65432,19.003448
518,14.08864,17.172792,18.674432,18.699112,12.00992,15.6716,17.367784,18.674432,17.65432,19.003448
519,14.3176,17.390344,18.805776,18.894792,12.25432,15.8648,17.507456,18.805776,17.726632,19.116248
520,14.3176,17.390344,18.805776,18.894792,12.25432,15.8648,17.507456,18.805776,17.726632,19.116248
521,14.546,17.603872,18.932912,19.086192,12.50456,16.054136,17.643616,18.932912,17.795976,19.226968
522,14.546,17.603872,18.932912,19.086192,12.50456,16.054136,17.643616,18.932912,17.795976,19.226968
523,14.546,17.603872,18.932912,19.086192,12.50456,16.054136,17.643616,18.932912,17.795976,19.226968
524,14.77368,17.81328,19.055424,19.27304,12.76,16.239344,17.77652,19.055424,17.862576,19.335624
525,14.77368,17.81328,19.055424,19.27304,12.76,16.239344,17.77652,19.055424,17.862576,19.335624
526,15.00024,18.018424,19.172952,19.455032,13.02032,16.239344,17.906408,19.172952,17.926552,19.44208
527,15.00024,18.018424,19.172952,19.455032,13.02032,16.239344,17.906408,19.172952,17.926552,19.44208
528,15.00024,18.018424,19.172952,19.455032,13.02032,16.239344,17.906408,19.172952,17.926552,19.44208
529,15.22568,18.21916,19.285056,19.6318,13.28488,16.420128,18.0336,19.285056,17.988064,19.546328
530,15.22568,18.21916,19.285056,19.6318,13.28488,16.420128,18.0336,19.285056,17.988064,19.546328
531,15.44968,18.4154,19.391408,19.80316,13.55312,16.596328,18.158232,19.391408,18.047232,19.648168
532,15.44968,18.4154,19.391408,19.80316,13.55312,16.596328,18.158232,19.391408,18.047232,19.648168
533,15.44968,18.4154,19.391408,19.80316,13.55312,16.596328,18.158232,19.391408,18.047232,19.648168
534,15.67208,18.606904,19.491712,19.96872,13.82448,16.767656,18.280552,19.491712,18.104152,19.747592
535,15.67208,18.606904,19.491712,19.96872,13.82448,16.767656,18.280552,19.491712,18.104152,19.747592
536,15.89264,18.793616,19.585736,20.128152,14.09816,16.933928,18.400648,19.585736,18.158936,19.84448
537,15.89264,18.793616,19.585736,20.128152,14.09816,16.933928,18.400648,19.585736,18.158936,19.84448
538,15.89264,18.793616,19.585736,20.128152,14.09816,16.933928,18.400648,19.585736,18.158936,19.84448
539,16.111104,18.97536,19.67328,20.28116,14.37344,17.094952,18.518744,19.67328,18.21164,19.93868
540,16.111104,18.97536,19.67328,20.28116,14.37344,17.094952,18.518744,19.67328,18.21164,19.93868
541,16.327384,19.151976,19.7542,20.4274,14.64968,17.250512,18.634856,19.7542,18.262384,20.030144
542,16.327384,19.151976,19.7542,20.4274,14.64968,17.250512,18.634856,19.7542,18.262384,20.030144
543,16.327384,19.151976,19.7542,20.4274,14.64968,17.250512,18.634856,19.7542,18.262384,20.030144
544,16.54128,19.323344,19.828432,20.566616,14.926,17.400456,18.749064,19.828432,18.311192,20.11876
545,16.54128,19.323344,19.828432,20.566616,14.926,17.400456,18.749064,19.828432,18.311192,20.11876
546,16.752536,19.489264,19.895952,20.698472,15.20152,17.544632,18.861416,19.895952,18.358128,20.204432
547,16.752536,19.489264,19.895952,20.698472,15.20152,17.544632,18.861416,19.895952,18.358128,20.204432
548,16.752536,19.489264,19.895952,20.698472,15.20152,17.544632,18.861416,19.895952,18.358128,20.204432
549,16.961056,19.489264,19.956736,20.82272,15.47552,17.544632,18.971856,19.956736,18.403192,20.28708
550,16.961056,19.489264,19.956736,20.82272,15.47552,17.544632,18.971856,19.956736,18.403192,20.28708
551,17.166632,19.649592,20.010888,20.939104,15.74704,17.682912,19.080408,20.010888,18.446416,20.366664
552,17.166632,19.649592,20.010888,20.939104,15.74704,17.682912,19.080408,20.010888,18.446416,20.366664
553,17.166632,19.649592,20.010888,20.939104,15.74704,17.682912,19.080408,20.010888,18.446416,20.366664
554,17.36908,19.804176,20.058512,21.047352,16.01536,17.815184,19.186968,20.058512,18.487808,20.443104
555,17.36908,19.804176,20.058512,21.047352,16.01536,17.815184,19.186968,20.058512,18.487808,20.443104
556,17.568304,19.952848,20.099864,21.147288,16.279608,17.941368,19.291456,20.099864,18.52736,20.516328
557,17.568304,19.952848,20.099864,21.147288,16.279608,17.941368,19.291456,20.099864,18.52736,20.516328
558,17.568304,19.952848,20.099864,21.147288,16.279608,17.941368,19.291456,20.099864,18.52736,20.516328
559,17.764096,20.095488,20.13508,21.238656,16.538992,18.061424,19.393712,20.13508,18.565064,20.586416
560,17.764096,20.095488,20.13508,21.238656,16.538992,18.061424,19.393712,20.13508,18.565064,20.586416
561,17.956312,20.23184,20.164504,21.321368,16.538992,18.175264,19.49364,20.164504,18.600848,20.653264
562,17.956312,20.23184,20.164504,21.321368,16.538992,18.175264,19.49364,20.164504,18.600848,20.653264
563,17.956312,20.23184,20.164504,21.321368,16.538992,18.175264,19.49364,20.164504,18.600848,20.653264
564,18.14476,20.361856,20.188376,21.395216,16.792704,18.28288,19.591048,20.188376,18.634744,20.716952
565,18.14476,20.361856,20.188376,21.395216,16.792704,18.28288,19.591048,20.188376,18.634744,20.716952
566,18.32936,20.48532,20.207024,21.460104,17.040048,18.38428,19.68576,20.207024,18.66664,20.77748
567,18.32936,20.48532,20.207024,21.460104,17.040048,18.38428,19.68576,20.207024,18.66664,20.77748
568,18.32936,20.48532,20.207024,21.460104,17.040048,18.38428,19.68576,20.207024,18.66664,20.77748
569,18.509904,20.602192,20.220824,21.515952,17.280328,18.479512,19.777624,20.220824,18.696512,20.834872
570,18.509904,20.602192,20.220824,21.515952,17.280328,18.479512,19.777624,20.220824,18.696512,20.834872
571,18.686256,20.712256,20.230072,21.562712,17.512912,18.479512,19.866392,20.230072,18.724288,20.889208
572,18.686256,20.712256,20.230072,21.562712,17.512912,18.479512,19.866392,20.230072,18.724288,20.889208
573,18.686256,20.712256,20.230072,21.562712,17.512912,18.479512,19.866392,20.230072,18.724288,20.889208
574,18.858256,20.815432,20.235152,21.600328,17.737208,18.568624,19.95188,20.235152,18.749928,20.940568
575,18.858256,20.815432,20.235152,21.600328,17.737208,18.568624,19.95188,20.235152,18.749928,20.940568
576,19.025736,20.911672,20.236456,21.62884,17.952728,18.651616,20.033872,20.236456,18.773328,20.989056
577,19.025736,20.911672,20.236456,21.62884,17.952728,18.651616,20.033872,20.236456,18.773328,20.989056
578,19.025736,20.911672,20.236456,21.62884,17.952728,18.651616,20.033872,20.236456,18.773328,20.989056
579,19.188552,21.000864,20.234304,21.648248,18.159032,18.728584,20.112136,20.234304,18.79444,21.034728
580,19.188552,21.000864,20.234304,21.648248,18.159032,18.728584,20.112136,20.234304,18.79444,21.034728
581,19.346544,21.082984,20.229048,21.658656,18.355728,18.799696,20.186472,20.229048,18.813192,21.077736
582,19.346544,21.082984,20.229048,21.658656,18.355728,18.799696,20.186472,20.229048,18.813192,21.077736
583,19.346544,21.082984,20.229048,21.658656,18.355728,18.799696,20.186472,20.229048,18.813192,21.077736
584,19.499536,21.082984,20.221,21.660152,18.542552,18.864992,20.25672,20.221,18.829488,21.118128
585,19.499536,21.082984,20.221,21.660152,18.542552,18.864992,20.25672,20.221,18.829488,21.118128
586,19.647384,21.157968,20.221,21.652856,18.719256,18.924608,20.322608,20.221,18.843288,21.156096
587,19.647384,21.157968,20.221,21.652856,18.719256,18.924608,20.322608,20.221,18.843288,21.156096
588,19.647384,21.157968,20.221,21.652856,18.719256,18.924608,20.322608,20.221,18.843288,21.156096
589,19.789904,21.225792,20.210464,21.636944,18.885696,18.978688,20.384024,20.210464,18.854496,21.191728
590,19.789904,21.225792,20.210464,21.636944,18.885696,18.978688,20.384024,20.210464,18.854496,21.191728
591,19.926976,21.286488,20.197784,21.612624,19.041752,19.027408,20.44076,20.197784,18.86304,21.22516
592,19.926976,21.286488,20.197784,21.612624,19.041752,19.027408,20.44076,20.197784,18.86304,21.22516
593,19.926976,21.286488,20.197784,21.612624,19.041752,19.027408,20.44076,20.197784,18.86304,21.22516
594,20.058464,21.340072,20.18312,21.580112,19.187448,19.027408,20.492664,20.18312,18.868904,21.256504
595,20.058464,21.340072,20.18312,21.580112,19.187448,19.027408,20.492664,20.18312,18.868904,21.256504
596,20.184144,21.386528,20.166776,21.539672,19.322832,19.070864,20.539544,20.166776,18.871992,21.285856
597,20.184144,21.386528,20.166776,21.539672,19.322832,19.070864,20.539544,20.166776,18.871992,21.285856
598,20.184144,21.386528,20.166776,21.539672,19.322832,19.070864,20.539544,20.166776,18.871992,21.285856
599,20.303968,21.425952,20.148888,21.539672,19.44796,19.109256,20.58128,20.148888,18.872288,21.313384
600,20.303968,21.425952,20.148888,21.539672,19.44796,19.109256,20.58128,20.148888,18.872288,21.313384
601,20.4178,21.458424,20.129624,21.491616,19.563024,19.142728,20.617728,20.129624,18.869736,21.339144
602,20.4178,21.458424,20.129624,21.491616,19.563024,19.142728,20.617728,20.129624,18.869736,21.339144
603,20.4178,21.458424,20.129624,21.491616,19.563024,19.142728,20.617728,20.129624,18.869736,21.339144
604,20.525488,21.483992,20.10916,21.436264,19.668208,19.171464,20.648864,20.10916,18.864272,21.363288
605,20.525488,21.483992,20.10916,21.436264,19.668208,19.171464,20.648864,20.10916,18.864272,21.363288
606,20.626928,21.50276,20.08752,21.374008,19.76376,19.195656,20.674512,20.08752,18.855944,21.385912
607,20.626928,21.50276,20.08752,21.374008,19.76376,19.195656,20.674512,20.08752,18.855944,21.385912
608,20.626928,21.50276,20.08752,21.374008,19.76376,19.195656,20.674512,20.08752,18.855944,21.385912
609,20.722072,21.5148,20.064768,21.305184,19.849976,19.215464,20.694608,20.064768,18.844656,21.407064
610,20.722072,21.5148,20.064768,21.305184,19.849976,19.215464,20.694608,20.064768,18.844656,21.407064
611,20.810808,21.520248,20.040976,21.23024,19.927128,19.231048,20.709128,20.040976,18.83048,21.426816
612,20.810808,21.520248,20.040976,21.23024,19.927128,19.231048,20.709128,20.040976,18.83048,21.426816
613,20.810808,21.520248,20.040976,21.23024,19.927128,19.231048,20.709128,20.040976,18.83048,21.426816
614,20.893152,21.519248,20.016072,21.149664,19.9956,19.242608,20.717976,20.016072,18.813376,21.445264
615,20.893152,21.519248,20.016072,21.149664,19.9956,19.242608,20.717976,20.016072,18.813376,21.445264
616,20.968984,21.511904,19.990032,21.063824,20.055696,19.242608,20.721128,19.990032,18.793392,21.462472
617,20.968984,21.511904,19.990032,21.063824,20.055696,19.242608,20.721128,19.990032,18.793392,21.462472
618,20.968984,21.511904,19.990032,21.063824,20.055696,19.242608,20.721128,19.990032,18.793392,21.462472
619,21.03836,21.511904,19.962776,20.973288,20.107792,19.25036,20.718608,19.962776,18.770544,21.478424
620,21.03836,21.511904,19.962776,20.973288,20.107792,19.25036,20.718608,19.962776,18.770544,21.478424
621,21.101256,21.498368,19.93424,20.878544,20.152288,19.25448,20.710376,19.93424,18.744864,21.4932
622,21.101256,21.498368,19.93424,20.878544,20.152288,19.25448,20.710376,19.93424,18.744864,21.4932
623,21.101256,21.498368,19.93424,20.878544,20.152288,19.25448,20.710376,19.93424,18.744864,21.4932
624,21.157744,21.478784,19.904256,20.78012,20.189504,19.255152,20.696504,19.904256,18.7164,21.506776
625,21.157744,21.478784,19.904256,20.78012,20.189504,19.255152,20.696504,19.904256,18.7164,21.506776
626,21.207824,21.453344,19.872688,20.678544,20.219832,19.252584,20.676936,19.872688,18.685208,21.519176
627,21.207824,21.453344,19.872688,20.678544,20.219832,19.252584,20.676936,19.872688,18.685208,21.519176
628,21.207824,21.453344,19.872688,20.678544,20.219832,19.252584,20.676936,19.872688,18.685208,21.519176
629,21.251616,21.422152,19.8394,20.574408,20.243624,19.246976,20.651776,19.8394,18.651344,21.530376
630,21.251616,21.422152,19.8394,20.574408,20.243624,19.246976,20.651776,19.8394,18.651344,21.530376
631,21.289232,21.38548,19.804192,20.4682,20.261176,19.238544,20.621048,19.804192,18.614888,21.540352
632,21.289232,21.38548,19.804192,20.4682,20.261176,19.238544,20.621048,19.804192,18.614888,21.540352
633,21.289232,21.38548,19.804192,20.4682,20.261176,19.238544,20.621048,19.804192,18.614888,21.540352
634,21.320752,21.343456,19.766896,20.36052,20.27292,19.227464,20.58488,19.766896,18.575912,21.549096
635,21.320752,21.343456,19.766896,20.36052,20.27292,19.227464,20.58488,19.766896,18.575912,21.549096
636,21.346344,21.29628,19.727312,20.251944,20.279072,19.21396,20.543296,19.727312,18.534488,21.55656
637,21.346344,21.29628,19.727312,20.251944,20.279072,19.21396,20.543296,19.727312,18.534488,21.55656
638,21.346344,21.29628,19.727312,20.251944,20.279072,19.21396,20.543296,19.727312,18.534488,21.55656
639,21.366144,21.2442,19.685288,20.142984,20.27996,19.21396,20.496416,19.685288,18.490712,21.562648
640,21.366144,21.2442,19.685288,20.142984,20.27996,19.21396,20.496416,19.685288,18.490712,21.562648
641,21.38036,21.187448,19.640608,20.034224,20.275848,19.19824,20.444368,19.640608,18.44468,21.56732
642,21.38036,21.187448,19.640608,20.034224,20.275848,19.19824,20.444368,19.640608,18.44468,21.56732
643,21.38036,21.187448,19.640608,20.034224,20.275848,19.19824,20.444368,19.640608,18.44468,21.56732
644,21.38916,21.126224,19.593136,19.926144,20.266976,19.18052,20.387224,19.593136,18.396464,21.570512
645,21.38916,21.126224,19.593136,19.926144,20.266976,19.18052,20.387224,19.593136,18.396464,21.570512
646,21.392808,21.060848,19.542696,19.819296,20.253544,19.161008,20.325136,19.542696,18.346144,21.572152
647,21.392808,21.060848,19.542696,19.819296,20.253544,19.161008,20.325136,19.542696,18.346144,21.572152
648,21.392808,21.060848,19.542696,19.819296,20.253544,19.161008,20.325136,19.542696,18.346144,21.572152
649,21.391456,20.991568,19.489208,19.714184,20.253544,19.13992,20.258192,19.489208,18.293824,21.572136
650,21.391456,20.991568,19.489208,19.714184,20.253544,19.13992,20.258192,19.489208,18.293824,21.572136
651,21.385408,20.918696,19.432504,19.611216,20.235776,19.117464,20.186584,19.432504,18.239608,21.5704
652,21.385408,20.918696,19.432504,19.611216,20.235776,19.117464,20.186584,19.432504,18.239608,21.5704
653,21.385408,20.918696,19.432504,19.611216,20.235776,19.117464,20.186584,19.432504,18.239608,21.5704
654,21.374872,20.918696,19.372504,19.510848,20.2138,19.093824,20.110424,19.372504,18.18356,21.56684
655,21.374872,20.918696,19.372504,19.510848,20.2138,19.093824,20.110424,19.372504,18.18356,21.56684
656,21.36008,20.842528,19.309216,19.413456,20.1878,19.06924,20.029864,19.309216,18.125768,21.56136
657,21.36008,20.842528,19.309216,19.413456,20.1878,19.06924,20.029864,19.309216,18.125768,21.56136
658,21.36008,20.842528,19.309216,19.413456,20.1878,19.06924,20.029864,19.309216,18.125768,21.56136
659,21.341328,20.763384,19.242552,19.319392,20.157848,19.043888,19.945016,19.242552,18.066352,21.553848
660,21.341328,20.763384,19.242552,19.319392,20.157848,19.043888,19.945016,19.242552,18.066352,21.553848
661,21.318872,20.681632,19.172528,19.228992,20.124096,19.043888,19.856056,19.172528,18.005384,21.544248
662,21.318872,20.681632,19.172528,19.228992,20.124096,19.043888,19.856056,19.172528,18.005384,21.544248
663,21.318872,20.681632,19.172528,19.228992,20.124096,19.043888,19.856056,19.172528,18.005384,21.544248
664,21.292976,20.597656,19.099224,19.142488,20.086616,19.017984,19.763128,19.099224,17.942952,21.532424
665,21.292976,20.597656,19.099224,19.142488,20.086616,19.017984,19.763128,19.099224,17.942952,21.532424
666,21.263904,20.51184,19.022664,19.060072,20.045424,18.991696,19.666408,19.022664,17.87916,21.518304
667,21.263904,20.51184,19.022664,19.060072,20.045424,18.991696,19.666408,19.022664,17.87916,21.518304
668,21.263904,20.51184,19.022664,19.060072,20.045424,18.991696,19.666408,19.022664,17.87916,21.518304
669,21.231936,20.424552,18.942968,18.981992,20.000568,18.96524,19.566024,18.942968,17.814144,21.501832
670,21.231936,20.424552,18.942968,18.981992,20.000568,18.96524,19.566024,18.942968,17.814144,21.501832
671,21.197296,20.33624,18.860272,18.908304,19.952144,18.938768,19.462112,18.860272,17.748008,21.482888
672,21.197296,20.33624,18.860272,18.908304,19.952144,18.938768,19.462112,18.860272,17.748008,21.482888
673,21.197296,20.33624,18.860272,18.908304,19.952144,18.938768,19.462112,18.860272,17.748008,21.482888
674,21.160264,20.247328,18.774752,18.839104,19.900112,18.912472,19.35484,18.774752,17.680856,21.461456
675,21.160264,20.247328,18.774752,18.839104,19.900112,18.912472,19.35484,18.774752,17.680856,21.461456
676,21.12112,20.158256,18.686512,18.774464,19.844504,18.886456,19.24436,18.686512,17.612888,21.437384
677,21.12112,20.158256,18.686512,18.774464,19.844504,18.886456,19.24436,18.686512,17.612888,21.437384
678,21.12112,20.158256,18.686512,18.774464,19.844504,18.886456,19.24436,18.686512,17.612888,21.437384
679,21.080072,20.069496,18.595888,18.714344,19.78532,18.860952,19.130792,18.595888,17.544216,21.410712
680,21.080072,20.069496,18.595888,18.714344,19.78532,18.860952,19.130792,18.595888,17.544216,21.410712
681,21.037384,19.981456,18.503048,18.658728,19.722616,18.83604,19.01432,18.503048,17.474968,21.38136
682,21.037384,19.981456,18.503048,18.658728,19.722616,18.83604,19.01432,18.503048,17.474968,21.38136
683,21.037384,19.981456,18.503048,18.658728,19.722616,18.83604,19.01432,18.503048,17.474968,21.38136
684,20.99328,19.894656,18.40824,18.607504,19.656352,18.83604,18.895064,18.40824,17.405384,21.34932
685,20.99328,19.894656,18.40824,18.607504,19.656352,18.83604,18.895064,18.40824,17.405384,21.34932
686,20.947968,19.80952,18.311776,18.560584,19.586568,18.811896,18.77316,18.311776,17.335608,21.314568
687,20.947968,19.80952,18.311776,18.560584,19.586568,18.811896,18.77316,18.311776,17.335608,21.314568
688,20.947968,19.80952,18.311776,18.560584,19.586568,18.811896,18.77316,18.311776,17.335608,21.314568
689,20.901704,19.80952,18.213936,18.517832,19.51328,18.788608,18.648792,18.213936,17.265864,21.27716
690,20.901704,19.80952,18.213936,18.517832,19.51328,18.788608,18.648792,18.213936,17.265864,21.27716
691,20.854672,19.726464,18.115008,18.479064,19.436504,18.766272,18.522056,18.115008,17.196368,21.237088
692,20.854672,19.726464,18.115008,18.479064,19.436504,18.766272,18.522056,18.115008,17.196368,21.237088
693,20.854672,19.726464,18.115008,18.479064,19.436504,18.766272,18.522056,18.115008,17.196368,21.237088
694,20.80708,19.645928,18.015352,18.44408,19.356352,18.745008,18.393136,18.015352,17.127336,21.194384
695,20.80708,19.645928,18.015352,18.44408,19.356352,18.745008,18.393136,18.015352,17.127336,21.194384
696,20.759096,19.568328,17.915232,18.412704,19.272832,18.724904,18.262176,17.915232,17.059048,21.149128
697,20.759096,19.568328,17.915232,18.412704,19.272832,18.724904,18.262176,17.915232,17.059048,21.149128
698,20.759096,19.568328,17.915232,18.412704,19.272832,18.724904,18.262176,17.915232,17.059048,21.149128
699,20.710904,19.494024,17.815024,18.384672,19.186056,18.705984,18.129312,17.815024,16.991688,21.101448
700,20.710904,19.494024,17.815024,18.384672,19.186056,18.705984,18.129312,17.815024,16.991688,21.101448
701,20.662696,19.423392,17.71504,18.359744,19.09612,18.688344,17.994736,17.71504,16.925576,21.051328
702,20.662696,19.423392,17.71504,18.359744,19.09612,18.688344,17.994736,17.71504,16.925576,21.051328
703,20.662696,19.423392,17.71504,18.359744,19.09612,18.688344,17.994736,17.71504,16.925576,21.051328
704,20.614616,19.356696,17.615656,18.337688,19.003208,18.688344,17.858568,17.615656,16.860904,20.999032
705,20.614616,19.356696,17.615656,18.337688,19.003208,18.688344,17.858568,17.615656,16.860904,20.999032
706,20.566784,19.2942,17.517112,18.318224,18.907464,18.671984,17.721008,17.517112,16.79796,20.944568
707,20.566784,19.2942,17.517112,18.318224,18.907464,18.671984,17.721008,17.517112,16.79796,20.944568
708,20.566784,19.2942,17.517112,18.318224,18.907464,18.671984,17.721008,17.517112,16.79796,20.944568
709,20.519368,19.236128,17.419776,18.318224,18.80908,18.65692,17.58224,17.419776,16.737024,20.888192
710,20.519368,19.236128,17.419776,18.318224,18.80908,18.65692,17.58224,17.419776,16.737024,20.888192
711,20.472464,19.18264,17.323992,18.301024,18.70832,18.643128,17.442448,17.323992,16.678312,20.829992
712,20.472464,19.18264,17.323992,18.301024,18.70832,18.643128,17.442448,17.323992,16.678312,20.829992
713,20.472464,19.18264,17.323992,18.301024,18.70832,18.643128,17.442448,17.323992,16.678312,20.829992
714,20.426192,19.133832,17.23004,18.285856,18.605376,18.630584,17.301856,17.23004,16.622056,20.770192
715,20.426192,19.133832,17.23004,18.285856,18.605376,18.630584,17.301856,17.23004,16.622056,20.770192
716,20.380672,19.089728,17.138208,18.2724,18.500584,18.619272,17.160632,17.138208,16.568512,20.708992
717,20.380672,19.089728,17.138208,18.2724,18.500584,18.619272,17.160632,17.138208,16.568512,20.708992
718,20.380672,19.089728,17.138208,18.2724,18.500584,18.619272,17.160632,17.138208,16.568512,20.708992
719,20.335976,19.050328,17.04872,18.260312,18.394272,18.609072,17.019032,17.04872,16.517864,20.646608
720,20.335976,19.050328,17.04872,18.260312,18.394272,18.609072,17.019032,17.04872,16.517864,20.646608
721,20.29216,19.015536,16.961912,18.24932,18.286792,18.599928,16.877288,16.961912,16.47032,20.5832
722,20.29216,19.015536,16.961912,18.24932,18.286792,18.599928,16.877288,16.961912,16.47032,20.5832
723,20.29216,19.015536,16.961912,18.24932,18.286792,18.599928,16.877288,16.961912,16.47032,20.5832
724,20.249328,19.015536,16.877968,18.239096,18.178488,18.591728,16.735592,16.877968,16.426032,20.519048
725,20.249328,19.015536,16.877968,18.239096,18.178488,18.591728,16.735592,16.877968,16.426032,20.519048
726,20.207488,18.985192,16.797128,18.229272,18.069792,18.591728,16.594248,16.797128,16.385176,20.454368
727,20.207488,18.985192,16.797128,18.229272,18.069792,18.591728,16.594248,16.797128,16.385176,20.454368
728,20.207488,18.985192,16.797128,18.229272,18.069792,18.591728,16.594248,16.797128,16.385176,20.454368
729,20.166696,18.95908,16.719552,18.21952,17.961096,18.584288,16.453464,16.719552,16.347816,20.389408
730,20.166696,18.95908,16.719552,18.21952,17.961096,18.584288,16.453464,16.719552,16.347816,20.389408
731,20.126992,18.936912,16.64544,18.209464,17.852864,18.577472,16.313536,16.64544,16.314064,20.32436
732,20.126992,18.936912,16.64544,18.209464,17.852864,18.577472,16.313536,16.64544,16.314064,20.32436
733,20.126992,18.936912,16.64544,18.209464,17.852864,18.577472,16.313536,16.64544,16.314064,20.32436
734,20.088376,18.91832,16.574912,18.198752,17.852864,18.57108,16.174672,16.574912,16.283984,20.259456
735,20.088376,18.91832,16.574912,18.198752,17.852864,18.57108,16.174672,16.574912,16.283984,20.259456
736,20.050832,18.902912,16.50804,18.187,17.745488,18.564864,16.037192,16.50804,16.257544,20.194952
737,20.050832,18.902912,16.50804,18.187,17.745488,18.564864,16.037192,16.50804,16.257544,20.194952
738,20.050832,18.902912,16.50804,18.187,17.745488,18.564864,16.037192,16.50804,16.257544,20.194952
739,20.01432,18.890176,16.44496,18.173824,17.639496,18.558632,15.90136,16.44496,16.234744,20.131056
740,20.01432,18.890176,16.44496,18.173824,17.639496,18.558632,15.90136,16.44496,16.234744,20.131056
741,19.97884,18.879616,16.385696,18.158808,17.53528,18.552088,15.76736,16.385696,16.215536,20.06796
742,19.97884,18.879616,16.385696,18.158808,17.53528,18.552088,15.76736,16.385696,16.215536,20.06796
743,19.97884,18.879616,16.385696,18.158808,17.53528,18.552088,15.76736,16.385696,16.215536,20.06796
744,19.94432,18.87064,16.33024,18.141568,17.433304,18.544928,15.63552,16.33024,16.1998,20.005848
745,19.94432,18.87064,16.33024,18.141568,17.433304,18.544928,15.63552,16.33024,16.1998,20.005848
746,19.91068,18.862608,16.278608,18.121656,17.334008,18.53688,15.50616,16.278608,16.1874,19.94492
747,19.91068,18.862608,16.278608,18.121656,17.334008,18.53688,15.50616,16.278608,16.1874,19.94492
748,19.91068,18.862608,16.278608,18.121656,17.334008,18.53688,15.50616,16.278608,16.1874,19.94492
749,19.87784,18.854816,16.230712,18.098632,17.237816,18.53688,15.37936,16.230712,16.178144,19.885312
750,19.87784,18.854816,16.230712,18.098632,17.237816,18.53688,15.37936,16.230712,16.178144,19.885312
751,19.845672,18.8466,16.230712,18.072088,17.14508,18.5276,15.25544,16.230712,16.17184,19.827152
752,19.845672,18.8466,16.230712,18.072088,17.14508,18.5276,15.25544,16.230712,16.17184,19.827152
753,19.845672,18.8466,16.230712,18.072088,17.14508,18.5276,15.25544,16.230712,16.17184,19.827152
754,19.814088,18.837216,16.18652,18.041592,17.056192,18.516688,15.13464,16.18652,16.168208,19.770584
755,19.814088,18.837216,16.18652,18.041592,17.056192,18.516688,15.13464,16.18652,16.168208,19.770584
756,19.782864,18.825872,16.14588,18.006648,16.971472,18.503816,15.0172,16.14588,16.166992,19.715672
757,19.782864,18.825872,16.14588,18.006648,16.971472,18.503816,15.0172,16.14588,16.166992,19.715672
758,19.782864,18.825872,16.14588,18.006648,16.971472,18.503816,15.0172,16.14588,16.166992,19.715672
759,19.751896,18.825872,16.108696,17.96688,16.891208,18.488584,14.90312,16.108696,16.167824,19.662456
760,19.751896,18.825872,16.108696,17.96688,16.891208,18.488584,14.90312,16.108696,16.167824,19.662456
761,19.721,18.811808,16.07472,17.921808,16.815608,18.470552,14.7928,16.07472,16.170368,19.610976
762,19.721,18.811808,16.07472,17.921808,16.815608,18.470552,14.7928,16.07472,16.170368,19.610976
763,19.721,18.811808,16.07472,17.921808,16.815608,18.470552,14.7928,16.07472,16.170368,19.610976
764,19.689896,18.794232,16.0438,17.87096,16.744816,18.449328,14.68624,16.0438,16.174232,19.561216
765,19.689896,18.794232,16.0438,17.87096,16.744816,18.449328,14.68624,16.0438,16.174232,19.561216
766,19.658424,18.772344,16.015696,17.813968,16.679,18.424464,14.58352,16.015696,16.179008,19.513128
767,19.658424,18.772344,16.015696,17.813968,16.679,18.424464,14.58352,16.015696,16.179008,19.513128
768,19.658424,18.772344,16.015696,17.813968,16.679,18.424464,14.58352,16.015696,16.179008,19.513128
769,19.62628,18.745368,15.99008,17.7504,16.618184,18.395536,14.4848,15.99008,16.18424,19.46668
770,19.62628,18.745368,15.99008,17.7504,16.618184,18.395536,14.4848,15.99008,16.18424,19.46668
771,19.593248,18.712536,15.9668,17.679832,16.562368,18.395536,14.39008,15.9668,16.189496,19.421696
772,19.593248,18.712536,15.9668,17.679832,16.562368,18.395536,14.39008,15.9668,16.189496,19.421696
773,19.593248,18.712536,15.9668,17.679832,16.562368,18.395536,14.39008,15.9668,16.189496,19.421696
774,19.559008,18.673128,15.94536,17.601912,16.511504,18.362072,14.29936,15.94536,16.194256,19.378048
775,19.559008,18.673128,15.94536,17.601912,16.511504,18.362072,14.29936,15.94536,16.194256,19.378048
776,19.523232,18.626392,15.92552,17.516264,16.4654,18.323616,14.21272,15.92552,16.198072,19.335608
777,19.523232,18.626392,15.92552,17.516264,16.4654,18.323616,14.21272,15.92552,16.198072,19.335608
778,19.523232,18.626392,15.92552,17.516264,16.4654,18.323616,14.21272,15.92552,16.198072,19.335608
779,19.485672,18.571632,15.90688,17.422512,16.423912,18.279728,14.13008,15.90688,16.200392,19.294104
780,19.485672,18.571632,15.90688,17.422512,16.423912,18.279728,14.13008,15.90688,16.200392,19.294104
781,19.445864,18.508272,15.88904,17.320416,16.386768,18.229968,14.05136,15.88904,16.20076,19.253304
782,19.445864,18.508272,15.88904,17.320416,16.386768,18.229968,14.05136,15.88904,16.20076,19.253304
783,19.445864,18.508272,15.88904,17.320416,16.386768,18.229968,14.05136,15.88904,16.20076,19.253304
784,19.403544,18.43568,15.87168,17.209664,16.353664,18.173928,13.97648,15.87168,16.19864,19.212944
785,19.403544,18.43568,15.87168,17.209664,16.353664,18.173928,13.97648,15.87168,16.19864,19.212944
786,19.35828,18.353344,15.85416,17.090016,16.324264,18.11116,13.9052,15.85416,16.193512,19.172704
787,19.35828,18.353344,15.85416,17.090016,16.324264,18.11116,13.9052,15.85416,16.193512,19.172704
788,19.35828,18.353344,15.85416,17.090016,16.324264,18.11116,13.9052,15.85416,16.193512,19.172704
789,19.30972,18.260824,15.83624,16.96128,16.298096,18.04128,13.83752,15.83624,16.184904,19.132248
790,19.30972,18.260824,15.83624,16.96128,16.298096,18.04128,13.83752,15.83624,16.184904,19.132248
791,19.257472,18.157752,15.81728,16.823296,16.274768,17.963928,13.7732,15.81728,16.172256,19.09128
792,19.257472,18.157752,15.81728,16.823296,16.274768,17.963928,13.7732,15.81728,16.172256,19.09128
793,19.257472,18.157752,15.81728,16.823296,16.274768,17.963928,13.7732,15.81728,16.172256,19.09128
794,19.201064,18.157752,15.79688,16.675928,16.253768,17.963928,13.71192,15.79688,16.155168,19.049368
795,19.201064,18.157752,15.79688,16.675928,16.253768,17.963928,13.71192,15.79688,16.155168,19.049368
796,19.140152,18.04376,15.77464,16.519088,16.234592,17.878728,13.65344,15.77464,16.133136,19.006152
797,19.140152,18.04376,15.77464,16.519088,16.234592,17.878728,13.65344,15.77464,16.133136,19.006152
798,19.140152,18.04376,15.77464,16.519088,16.234592,17.878728,13.65344,15.77464,16.133136,19.006152
799,19.074288,17.918656,15.74992,16.352768,16.216704,17.785408,13.5976,15.74992,16.10572,18.96124
800,19.074288,17.918656,15.74992,16.352768,16.216704,17.785408,13.5976,15.74992,16.10572,18.96124
801,19.003072,17.782344,15.72232,16.176936,16.199544,17.68368,13.544,15.72232,16.07252,18.914216
802,19.003072,17.782344,15.72232,16.176936,16.199544,17.68368,13.544,15.72232,16.07252,18.914216
803,19.003072,17.782344,15.72232,16.176936,16.199544,17.68368,13.544,15.72232,16.07252,18.914216
804,18.926072,17.634704,15.69136,15.99168,16.182504,17.57332,13.4924,15.69136,16.033112,18.864704
805,18.926072,17.634704,15.69136,15.99168,16.182504,17.57332,13.4924,15.69136,16.033112,18.864704
806,18.842936,17.475776,15.6564,15.79704,16.165032,17.454144,13.4424,15.6564,15.98712,18.812256
807,18.842936,17.475776,15.6564,15.79704,16.165032,17.454144,13.4424,15.6564,15.98712,18.812256
808,18.842936,17.475776,15.6564,15.79704,16.165032,17.454144,13.4424,15.6564,15.98712,18.812256
809,18.753216,17.30568,15.6172,15.5932,16.146544,17.326,13.39352,15.6172,15.93432,18.756496
810,18.753216,17.30568,15.6172,15.5932,16.146544,17.326,13.39352,15.6172,15.93432,18.756496
811,18.6566,17.12464,15.57304,15.38032,16.12644,17.188848,13.3456,15.57304,15.8744,18.697024
812,18.6566,17.12464,15.57304,15.38032,16.12644,17.188848,13.3456,15.57304,15.8744,18.697024
813,18.6566,17.12464,15.57304,15.38032,16.12644,17.188848,13.3456,15.57304,15.8744,18.697024
814,18.55272,16.932896,15.52368,15.15848,16.104168,17.042672,13.29816,15.52368,15.80696,18.633432
815,18.55272,16.932896,15.52368,15.15848,16.104168,17.042672,13.29816,15.52368,15.80696,18.633432
816,18.44128,16.7308,15.46856,15.15848,16.079112,17.042672,13.2508,15.46856,15.73208,18.5654
817,18.44128,16.7308,15.46856,15.15848,16.079112,17.042672,13.2508,15.46856,15.73208,18.5654
818,18.44128,16.7308,15.46856,15.15848,16.079112,17.042672,13.2508,15.46856,15.73208,18.5654
819,18.321928,16.518784,15.40728,14.92808,16.05076,16.88748,13.2032,15.40728,15.64928,18.492576
820,18.321928,16.518784,15.40728,14.92808,16.05076,16.88748,13.2032,15.40728,15.64928,18.492576
821,18.194504,16.29736,15.33944,14.68928,16.05076,16.723416,13.15496,15.33944,15.55864,18.414608
822,18.194504,16.29736,15.33944,14.68928,16.05076,16.723416,13.15496,15.33944,15.55864,18.414608
823,18.194504,16.29736,15.33944,14.68928,16.05076,16.723416,13.15496,15.33944,15.55864,18.414608
824,18.058736,16.067008,15.26472,14.4424,16.01856,16.550552,13.1056,15.26472,15.46008,18.33124
825,18.058736,16.067008,15.26472,14.4424,16.01856,16.550552,13.1056,15.26472,15.46008,18.33124
826,17.914488,15.82832,15.1828,14.18768,15.982,16.369216,13.05496,15.1828,15.35344,18.2422
827,17.914488,15.82832,15.1828,14.18768,15.982,16.369216,13.05496,15.1828,15.35344,18.2422
828,17.914488,15.82832,15.1828,14.18768,15.982,16.369216,13.05496,15.1828,15.35344,18.2422
829,17.7616,15.82832,15.09328,13.92552,15.94056,16.17964,13.00248,15.09328,15.23888,18.14728
830,17.7616,15.82832,15.09328,13.92552,15.94056,16.17964,13.00248,15.09328,15.23888,18.14728
831,17.600048,15.582,14.996,13.65616,15.89392,15.98216,12.94784,14.996,15.11632,18.046272
832,17.600048,15.582,14.996,13.65616,15.89392,15.98216,12.94784,14.996,15.11632,18.046272
833,17.600048,15.582,14.996,13.65616,15.89392,15.98216,12.94784,14.996,15.11632,18.046272
834,17.429776,15.32856,14.89064,13.38,15.84144,15.7772,12.8908,14.89064,14.98592,17.93904
835,17.429776,15.32856,14.89064,13.38,15.84144,15.7772,12.8908,14.89064,14.98592,17.93904
836,17.429776,15.32856,14.89064,13.38,15.84144,15.7772,12.8908,14.89064,14.98592,17.93904
837,17.250816,15.06872,14.77704,13.09744,15.78296,15.56512,12.83096,14.77704,14.84784,17.82548
838,17.250816,15.06872,14.77704,13.09744,15.78296,15.56512,12.83096,14.77704,14.84784,17.82548
839,17.063264,14.80312,14.65512,12.8088,15.71784,15.56512,12.768,14.65512,14.70216,17.705536
840,17.063264,14.80312,14.65512,12.8088,15.71784,15.56512,12.768,14.65512,14.70216,17.705536
841,17.063264,14.80312,14.65512,12.8088,15.71784,15.56512,12.768,14.65512,14.70216,17.705536
842,16.867264,14.53248,14.52472,12.5144,15.646,15.34656,12.70168,14.52472,14.54904,17.579168
843,16.867264,14.53248,14.52472,12.5144,15.646,15.34656,12.70168,14.52472,14.54904,17.579168
844,16.662992,14.25736,14.38576,12.21472,15.56704,15.12192,12.6316,14.38576,14.38888,17.446432
845,16.662992,14.25736,14.38576,12.21472,15.56704,15.12192,12.6316,14.38576,14.38888,17.446432
846,16.662992,14.25736,14.38576,12.21472,15.56704,15.12192,12.6316,14.38576,14.38888,17.446432
847,16.450664,13.97848,14.23824,11.91,15.48064,14.89176,12.55752,14.23824,14.22184,17.30732
848,16.450664,13.97848,14.23824,11.91,15.48064,14.89176,12.55752,14.23824,14.22184,17.30732
849,16.230616,13.69632,14.08216,11.6008,15.38672,14.65672,12.47928,14.08216,14.04808,17.162024
850,16.230616,13.69632,14.08216,11.6008,15.38672,14.65672,12.47928,14.08216,14.04808,17.162024
851,16.230616,13.69632,14.08216,11.6008,15.38672,14.65672,12.47928,14.08216,14.04808,17.162024
852,16.003136,13.41144,13.9176,11.28728,15.28504,14.41744,12.39648,13.9176,13.86816,17.010608
853,16.003136,13.41144,13.9176,11.28728,15.28504,14.41744,12.39648,13.9176,13.86816,17.010608
854,15.76864,13.1244,13.74464,10.97008,15.17536,14.1744,12.30904,13.74464,13.68216,16.853272
855,15.76864,13.1244,13.74464,10.97008,15.17536,14.1744,12.30904,13.74464,13.68216,16.853272
856,15.76864,13.1244,13.74464,10.97008,15.17536,14.1744,12.30904,13.74464,13.68216,16.853272
857,15.52752,12.83568,13.56352,10.64944,15.05768,13.92832,12.21664,13.56352,13.49048,16.690176
858,15.52752,12.83568,13.56352,10.64944,15.05768,13.92832,12.21664,13.56352,13.49048,16.690176
859,15.28024,12.54568,13.37432,10.32576,14.93184,13.67984,12.11912,13.37432,13.29352,16.521584
860,15.28024,12.54568,13.37432,10.32576,14.93184,13.67984,12.11912,13.37432,13.29352,16.521584
861,15.28024,12.54568,13.37432,10.32576,14.93184,13.67984,12.11912,13.37432,13.29352,16.521584
862,15.02728,12.25472,13.17728,9.99952,14.79792,13.67984,12.01632,13.17728,13.0916,16.347712
863,15.02728,12.25472,13.17728,9.99952,14.79792,13.67984,12.01632,13.17728,13.0916,16.347712
864,14.76912,12.25472,12.97272,9.6712,14.65584,13.42936,11.908,12.97272,12.88512,16.168832
865,14.76912,12.25472,12.97272,9.6712,14.65584,13.42936,11.908,12.97272,12.88512,16.168832
866,14.76912,12.25472,12.97272,9.6712,14.65584,13.42936,11.908,12.97272,12.88512,16.168832
867,14.50632,11.96312,12.76088,9.34112,14.50552,13.17768,11.79408,12.76088,12.67424,15.9852
868,14.50632,11.96312,12.76088,9.34112,14.50552,13.17768,11.79408,12.76088,12.67424,15.9852
869,14.23944,11.67112,12.54208,9.00984,14.3472,12.9252,11.6744,12.54208,12.45952,15.7972
870,14.23944,11.67112,12.54208,9.00984,14.3472,12.9252,11.6744,12.54208,12.45952,15.7972
871,14.23944,11.67112,12.54208,9.00984,14.3472,12.9252,11.6744,12.54208,12.45952,15.7972
872,13.96896,11.37896,12.31664,8.67776,14.1808,12.67248,11.5488,12.31664,12.2412,15.60504
873,13.96896,11.37896,12.31664,8.67776,14.1808,12.67248,11.5488,12.31664,12.2412,15.60504
874,13.69536,11.0868,12.08504,8.34536,14.00648,12.42,11.41712,12.08504,12.01968,15.40896
875,13.69536,11.0868,12.08504,8.34536,14.00648,12.42,11.41712,12.08504,12.01968,15.40896
876,13.69536,11.0868,12.08504,8.34536,14.00648,12.42,11.41712,12.08504,12.01968,15.40896
877,13.41928,10.79456,11.84752,8.0132,13.82448,12.16824,11.27944,11.84752,11.7952,15.20936
878,13.41928,10.79456,11.84752,8.0132,13.82448,12.16824,11.27944,11.84752,11.7952,15.20936
879,13.14128,10.50248,11.60448,7.68176,13.63472,11.91752,11.13568,11.60448,11.56816,15.00656
880,13.14128,10.50248,11.60448,7.68176,13.63472,11.91752,11.13568,11.60448,11.56816,15.00656
881,13.14128,10.50248,11.60448,7.68176,13.63472,11.91752,11.13568,11.60448,11.56816,15.00656
882,12.86176,10.2104,11.35648,7.35152,13.4376,11.66824,10.9856,11.35648,11.33888,14.80072
883,12.86176,10.2104,11.35648,7.35152,13.4376,11.66824,10.9856,11.35648,11.33888,14.80072
884,12.5812,9.9184,11.10384,7.02296,13.2332,11.66824,10.82944,11.10384,11.1076,14.59216
885,12.5812,9.9184,11.10384,7.02296,13.2332,11.66824,10.82944,11.10384,11.1076,14.59216
886,12.5812,9.9184,11.10384,7.02296,13.2332,11.66824,10.82944,11.10384,11.1076,14.59216
887,12.30008,9.62632,10.84688,6.6968,13.02168,11.42072,10.66704,10.84688,10.87464,14.38128
888,12.30008,9.62632,10.84688,6.6968,13.02168,11.42072,10.66704,10.84688,10.87464,14.38128
889,12.01872,9.33416,10.58616,6.37336,12.80336,11.17512,10.49848,10.58616,10.64032,14.16816
890,12.01872,9.33416,10.58616,6.37336,12.80336,11.17512,10.49848,10.58616,10.64032,14.16816
891,12.01872,9.33416,10.58616,6.37336,12.80336,11.17512,10.49848,10.58616,10.64032,14.16816
892,11.73768,9.04168,10.322,6.05328,12.57848,10.93168,10.32376,10.322,10.40472,13.9532
893,11.73768,9.04168,10.322,6.05328,12.57848,10.93168,10.32376,10.322,10.40472,13.9532
894,11.4572,8.74888,10.05488,5.73704,12.3472,10.69064,10.14312,10.05488,10.16824,13.73656
895,11.4572,8.74888,10.05488,5.73704,12.3472,10.69064,10.14312,10.05488,10.16824,13.73656
896,11.4572,8.74888,10.05488,5.73704,12.3472,10.69064,10.14312,10.05488,10.16824,13.73656
897,11.17768,8.45568,9.7852,5.4252,12.10984,10.452,9.95664,9.7852,9.93104,13.5184
898,11.17768,8.45568,9.7852,5.4252,12.10984,10.452,9.95664,9.7852,9.93104,13.5184
899,10.8992,8.45568,9.51336,5.11816,11.86664,10.21584,9.7644,9.51336,9.69344,13.29896
900,10.8992,8.45568,9.51336,5.11816,11.86664,10.21584,9.7644,9.51336,9.69344,13.29896
901,10.8992,8.45568,9.51336,5.11816,11.86664,10.21584,9.7644,9.51336,9.69344,13.29896
902,10.62216,8.16184,9.23976,4.81656,11.61784,9.98216,9.56664,9.23976,9.45544,13.0784
903,10.62216,8.16184,9.23976,4.81656,11.61784,9.98216,9.56664,9.23976,9.45544,13.0784
904,10.34672,7.86736,8.9648,4.5208,11.36384,9.75096,9.3636,8.9648,9.21744,12.85688
905,10.34672,7.86736,8.9648,4.5208,11.36384,9.75096,9.3636,8.9648,9.21744,12.85688
906,10.34672,7.86736,8.9648,4.5208,11.36384,9.75096,9.3636,8.9648,9.21744,12.85688
907,10.07296,7.57216,8.68872,4.23128,11.36384,9.75096,9.1556,8.68872,8.97944,12.63464
908,10.07296,7.57216,8.68872,4.23128,11.36384,9.75096,9.1556,8.68872,8.97944,12.63464
909,9.80104,7.27616,8.41208,3.94848,11.10488,9.52216,8.94288,8.41208,8.74176,12.4116
910,9.80104,7.27616,8.41208,3.94848,11.10488,9.52216,8.94288,8.41208,8.74176,12.4116
911,9.80104,7.27616,8.41208,3.94848,11.10488,9.52216,8.94288,8.41208,8.74176,12.4116
912,9.53104,6.97936,8.1352,3.67264,10.8412,9.2956,8.72576,8.1352,8.50448,12.188
913,9.53104,6.97936,8.1352,3.67264,10.8412,9.2956,8.72576,8.1352,8.50448,12.188
914,9.26304,6.68192,7.85832,3.40432,10.5732,9.0712,8.50472,7.85832,8.26776,11.96392
915,9.26304,6.68192,7.85832,3.40432,10.5732,9.0712,8.50472,7.85832,8.26776,11.96392
916,9.26304,6.68192,7.85832,3.40432,10.5732,9.0712,8.50472,7.85832,8.26776,11.96392
917,8.99696,6.38384,7.58192,3.14368,10.3012,8.8488,8.28008,7.58192,8.03184,11.73936
918,8.99696,6.38384,7.58192,3.14368,10.3012,8.8488,8.28008,7.58192,8.03184,11.73936
919,8.73296,6.08528,7.58192,2.89112,10.02544,8.62824,8.0524,7.58192,7.79672,11.51432
920,8.73296,6.08528,7.58192,2.89112,10.02544,8.62824,8.0524,7.58192,7.79672,11.51432
921,8.73296,6.08528,7.58192,2.89112,10.02544,8.62824,8.0524,7.58192,7.79672,11.51432
922,8.47088,5.78648,7.30624,2.6468,9.7464,8.40928,7.822,7.30624,7.56264,11.28888
923,8.47088,5.78648,7.30624,2.6468,9.7464,8.40928,7.822,7.30624,7.56264,11.28888
924,8.21072,5.4876,7.03168,2.41096,9.46424,8.19176,7.5896,7.03168,7.32984,11.06304
925,8.21072,5.4876,7.03168,2.41096,9.46424,8.19176,7.5896,7.03168,7.32984,11.06304
926,8.21072,5.4876,7.03168,2.41096,9.46424,8.19176,7.5896,7.03168,7.32984,11.06304
927,7.95256,5.18896,6.75848,2.41096,9.17952,7.97544,7.35552,6.75848,7.09832,10.8368
928,7.95256,5.18896,6.75848,2.41096,9.17952,7.97544,7.35552,6.75848,7.09832,10.8368
929,7.69616,4.89096,6.48704,2.18376,8.89248,7.97544,7.12048,6.48704,6.86832,10.61024
930,7.69616,4.89096,6.48704,2.18376,8.89248,7.97544,7.12048,6.48704,6.86832,10.61024
931,7.69616,4.89096,6.48704,2.18376,8.89248,7.97544,7.12048,6.48704,6.86832,10.61024
932,7.4416,4.594,6.2176,1.96544,8.60344,7.76016,6.88504,6.2176,6.64,10.3832
933,7.4416,4.594,6.2176,1.96544,8.60344,7.76016,6.88504,6.2176,6.64,10.3832
934,7.18888,4.594,5.95056,1.756,8.31288,7.54568,6.6496,5.95056,6.41352,10.15576
935,7.18888,4.594,5.95056,1.756,8.31288,7.54568,6.6496,5.95056,6.41352,10.15576
936,7.18888,4.594,5.95056,1.756,8.31288,7.54568,6.6496,5.95056,6.41352,10.15576
937,6.93784,4.29848,5.68616,1.55552,8.02112,7.332,6.41496,5.68616,6.18904,9.92784
938,6.93784,4.29848,5.68616,1.55552,8.02112,7.332,6.41496,5.68616,6.18904,9.92784
939,6.68848,4.00496,5.42464,1.36416,7.72856,7.11872,6.18152,5.42464,5.96688,9.69952
940,6.68848,4.00496,5.42464,1.36416,7.72856,7.11872,6.18152,5.42464,5.96688,9.69952
941,6.68848,4.00496,5.42464,1.36416,7.72856,7.11872,6.18152,5.42464,5.96688,9.69952
942,6.4408,3.71392,5.1664,1.18184,7.43552,6.90584,5.95,5.1664,5.74704,9.47064
943,6.4408,3.71392,5.1664,1.18184,7.43552,6.90584,5.95,5.1664,5.74704,9.47064
944,6.1948,3.42592,4.91168,1.00848,7.14248,6.69328,5.72088,4.91168,5.52992,9.24136
945,6.1948,3.42592,4.91168,1.00848,7.14248,6.69328,5.72088,4.91168,5.52992,9.24136
946,6.1948,3.42592,4.91168,1.00848,7.14248,6.69328,5.72088,4.91168,5.52992,9.24136
947,5.95048,3.14144,4.6608,0.84416,6.84976,6.48096,5.49472,4.6608,5.3156,9.01152
948,5.95048,3.14144,4.6608,0.84416,6.84976,6.48096,5.49472,4.6608,5.3156,9.01152
949,5.70792,2.8612,4.414,0.68872,6.55776,6.26872,5.272,4.414,5.1044,8.7812
950,5.70792,2.8612,4.414,0.68872,6.55776,6.26872,5.272,4.414,5.1044,8.7812
951,5.70792,2.8612,4.414,0.68872,6.55776,6.26872,5.272,4.414,5.1044,8.7812
952,5.4672,2.58576,4.1716,0.54208,6.2668,6.26872,5.0532,4.1716,4.89656,8.5504
953,5.4672,2.58576,4.1716,0.54208,6.2668,6.26872,5.0532,4.1716,4.89656,8.5504
954,5.2284,2.31568,3.93384,0.40424,5.97744,6.05672,4.8388,3.93384,4.69224,8.3192
955,5.2284,2.31568,3.93384,0.40424,5.97744,6.05672,4.8388,3.93384,4.69224,8.3192
956,5.2284,2.31568,3.93384,0.40424,5.97744,6.05672,4.8388,3.93384,4.69224,8.3192
957,4.99168,2.0516,3.70104,0.27488,5.68992,5.84488,4.6292,3.70104,4.49184,8.0876
958,4.99168,2.0516,3.70104,0.27488,5.68992,5.84488,4.6292,3.70104,4.49184,8.0876
959,4.75712,1.794,3.47352,0.15392,5.40472,5.63328,4.4248,3.47352,4.2956,7.8556
960,4.75712,1.794,3.47352,0.15392,5.40472,5.63328,4.4248,3.47352,4.2956,7.8556
961,4.75712,1.794,3.47352,0.15392,5.40472,5.63328,4.4248,3.47352,4.2956,7.8556
962,4.52488,1.5436,3.25144,0.04128,5.12216,5.42208,4.22584,3.25144,4.10368,7.62336
963,4.52488,1.5436,3.25144,0.04128,5.12216,5.42208,4.22584,3.25144,4.10368,7.62336
964,4.2952,1.3008,3.03512,-0.06328,4.84256,5.21128,4.03272,3.03512,3.91648,7.39096
965,4.2952,1.3008,3.03512,-0.06328,4.84256,5.21128,4.03272,3.03512,3.91648,7.39096
966,4.2952,1.3008,3.03512,-0.06328,4.84256,5.21128,4.03272,3.03512,3.91648,7.39096
967,4.06824,1.06616,2.82464,-0.15992,4.56648,5.00112,3.8456,2.82464,3.73424,7.15856
968,4.06824,1.06616,2.82464,-0.15992,4.56648,5.00112,3.8456,2.82464,3.73424,7.15856
969,3.84432,1.06616,2.62048,-0.2488,4.29416,4.79184,3.6648,2.62048,3.55728,6.92624
970,3.84432,1.06616,2.62048,-0.2488,4.29416,4.79184,3.6648,2.62048,3.55728,6.92624
971,3.84432,1.06616,2.62048,-0.2488,4.29416,4.79184,3.6648,2.62048,3.55728,6.92624
972,3.62368,0.84016,2.42264,-0.33016,4.02608,4.58344,3.49032,2.42264,3.38584,6.69416
973,3.62368,0.84016,2.42264,-0.33016,4.02608,4.58344,3.49032,2.42264,3.38584,6.69416
974,3.40648,0.62312,2.23136,-0.40416,3.76248,4.58344,3.32232,2.23136,3.22024,6.46256
975,3.40648,0.62312,2.23136,-0.40416,3.76248,4.58344,3.32232,2.23136,3.22024,6.46256
976,3.40648,0.62312,2.23136,-0.40416,3.76248,4.58344,3.32232,2.23136,3.22024,6.46256
977,3.19312,0.41552,2.04688,-0.47096,3.50384,4.3764,3.16096,2.04688,3.06072,6.2316
978,3.19312,0.41552,2.04688,-0.47096,3.50384,4.3764,3.16096,2.04688,3.06072,6.2316
979,2.98384,0.2176,1.86928,-0.5308,3.2504,4.17088,3.00616,1.86928,2.9076,6.00144
980,2.98384,0.2176,1.86928,-0.5308,3.2504,4.17088,3.00616,1.86928,2.9076,6.00144
981,2.98384,0.2176,1.86928,-0.5308,3.2504,4.17088,3.00616,1.86928,2.9076,6.00144
982,2.77888,0.02976,1.6988,-0.58384,3.00256,3.96712,2.85792,1.6988,2.76104,5.77248
983,2.77888,0.02976,1.6988,-0.58384,3.00256,3.96712,2.85792,1.6988,2.76104,5.77248
984,2.57856,-0.14792,1.53544,-0.63024,2.76064,3.76536,2.71616,1.53544,2.62136,5.5448
985,2.57856,-0.14792,1.53544,-0.63024,2.76064,3.76536,2.71616,1.53544,2.62136,5.5448
986,2.57856,-0.14792,1.53544,-0.63024,2.76064,3.76536,2.71616,1.53544,2.62136,5.5448
987,2.38304,-0.3152,1.37944,-0.67016,2.52496,3.56608,2.58088,1.37944,2.48872,5.3188
988,2.38304,-0.3152,1.37944,-0.67016,2.52496,3.56608,2.58088,1.37944,2.48872,5.3188
989,2.1928,-0.472,1.23072,-0.70376,2.29576,3.36936,2.45176,1.23072,2.36344,5.09472
990,2.1928,-0.472,1.23072,-0.70376,2.29576,3.36936,2.45176,1.23072,2.36344,5.09472
991,2.1928,-0.472,1.23072,-0.70376,2.29576,3.36936,2.45176,1.23072,2.36344,5.09472
992,2.00784,-0.61808,1.08952,-0.73128,2.07344,3.17576,2.32864,1.08952,2.2456,4.8728
993,2.00784,-0.61808,1.08952,-0.73128,2.07344,3.17576,2.32864,1.08952,2.2456,4.8728
994,1.82856,-0.7536,0.95576,-0.75272,2.07344,3.17576,2.21144,0.95576,2.13552,4.65336
995,1.82856,-0.7536,0.95576,-0.75272,2.07344,3.17576,2.21144,0.95576,2.13552,4.65336
996,1.82856,-0.7536,0.95576,-0.75272,2.07344,3.17576,2.21144,0.95576,2.13552,4.65336
997,1.65512,-0.87856,0.8296,-0.7684,1.85816,2.98536,2.09976,0.8296,2.03328,4.43688
998,1.65512,-0.87856,0.8296,-0.7684,1.85816,2.98536,2.09976,0.8296,2.03328,4.43688
999,1.48768,-0.99288,0.71096,-0.7784,1.65016,2.79864,1.99344,0.71096,1.93904,4.22344
1000,1.48768,-0.99288,0.71096,-0.7784,1.65016,2.79864,1.99344,0.71096,1.93904,4.22344
